Date,Source,Day_of_Year,Day_Name,Month_Name,Season,Production,Start_Hour,End_Hour
12/18/2022,Wind,352,Sunday,December,Winter,11400,21,22
1/29/2024,Wind,29,Monday,January,Winter,7917,14,15
8/1/2024,Solar,214,Thursday,August,Summer,8835,15,16
11/10/2020,Wind,315,Tuesday,November,Fall,989,1,2
12/19/2022,Wind,353,Monday,December,Winter,12526,1,2
10/18/2024,Solar,292,Friday,October,Fall,4855,13,14
4/10/2020,Solar,101,Friday,April,Spring,3692,17,18
1/25/2023,Wind,25,Wednesday,January,Winter,2156,0,1
12/12/2021,Wind,346,Sunday,December,Winter,5813,12,13
10/11/2020,Wind,285,Sunday,October,Fall,6106,13,14
1/8/2024,Wind,8,Monday,January,Winter,5515,23,0
1/8/2020,Wind,8,Wednesday,January,Winter,2785,18,19
1/29/2022,Wind,29,Saturday,January,Winter,8498,20,21
6/2/2021,Solar,153,Wednesday,June,Summer,5561,15,16
6/11/2024,Wind,163,Tuesday,June,Summer,2328,7,8
6/5/2020,Wind,157,Friday,June,Summer,6664,21,22
5/2/2021,Solar,122,Sunday,May,Spring,4993,13,14
1/13/2022,Wind,13,Thursday,January,Winter,3276,0,1
7/24/2020,Wind,206,Friday,July,Summer,1739,3,4
8/29/2024,Wind,242,Thursday,August,Summer,2083,5,6
1/3/2024,Wind,3,Wednesday,January,Winter,17272,0,1
4/2/2024,Wind,93,Tuesday,April,Spring,12285,2,3
7/29/2020,Solar,211,Wednesday,July,Summer,3480,16,17
11/5/2024,Wind,310,Tuesday,November,Fall,1690,6,7
10/24/2022,Wind,297,Monday,October,Fall,11508,8,9
2/27/2023,Wind,58,Monday,February,Winter,15692,10,11
4/2/2020,Solar,93,Thursday,April,Spring,4169,15,16
5/13/2020,Wind,134,Wednesday,May,Spring,3174,3,4
11/22/2023,Wind,326,Wednesday,November,Fall,7314,14,15
9/11/2021,Solar,254,Saturday,September,Fall,4969,11,12
4/7/2025,Solar,97,Monday,April,Spring,9862,15,16
7/27/2025,Wind,208,Sunday,July,Summer,3862,22,23
3/11/2021,Wind,70,Thursday,March,Spring,16144,13,14
4/30/2022,Solar,120,Saturday,April,Spring,8188,16,17
1/19/2023,Wind,19,Thursday,January,Winter,1710,23,0
9/11/2022,Wind,254,Sunday,September,Fall,472,4,5
9/25/2021,Solar,268,Saturday,September,Fall,3402,16,17
8/8/2020,Solar,221,Saturday,August,Summer,3996,12,13
6/8/2021,Wind,159,Tuesday,June,Summer,1148,1,2
6/10/2024,Wind,162,Monday,June,Summer,4062,21,22
6/18/2020,Wind,170,Thursday,June,Summer,1443,0,1
5/30/2023,Wind,150,Tuesday,May,Spring,13363,17,18
2/17/2022,Wind,48,Thursday,February,Winter,15609,1,2
5/11/2022,Wind,131,Wednesday,May,Spring,8878,19,20
5/7/2024,Wind,128,Tuesday,May,Spring,2974,7,8
11/22/2025,Wind,326,Saturday,November,Fall,12324,12,13
4/9/2021,Wind,99,Friday,April,Spring,5279,21,22
12/24/2021,Wind,358,Friday,December,Winter,3872,11,12
3/11/2023,Wind,70,Saturday,March,Spring,6406,12,13
8/13/2021,Solar,225,Friday,August,Summer,5323,13,14
2/1/2021,Wind,32,Monday,February,Winter,7166,15,16
9/11/2023,Solar,254,Monday,September,Fall,7117,13,14
7/1/2020,Wind,183,Wednesday,July,Summer,5874,13,14
3/10/2025,Solar,69,Monday,March,Spring,4807,9,10
6/23/2023,Solar,174,Friday,June,Summer,7976,15,16
2/9/2023,Solar,40,Thursday,February,Winter,5168,13,14
5/24/2020,Wind,145,Sunday,May,Spring,4384,0,1
7/26/2021,Wind,207,Monday,July,Summer,1465,23,0
9/28/2020,Wind,272,Monday,September,Fall,3962,6,7
8/25/2021,Wind,237,Wednesday,August,Summer,6786,0,1
12/16/2021,Wind,350,Thursday,December,Winter,5553,14,15
3/11/2022,Wind,70,Friday,March,Spring,10557,22,23
4/13/2020,Wind,104,Monday,April,Spring,10961,17,18
10/4/2022,Wind,277,Tuesday,October,Fall,2160,23,0
6/12/2025,Wind,163,Thursday,June,Summer,8382,1,2
8/18/2022,Solar,230,Thursday,August,Summer,3688,10,11
10/25/2025,Wind,298,Saturday,October,Fall,8209,18,19
10/24/2023,Wind,297,Tuesday,October,Fall,6448,22,23
10/13/2021,Wind,286,Wednesday,October,Fall,2194,18,19
7/19/2025,Wind,200,Saturday,July,Summer,10173,11,12
6/1/2021,Wind,152,Tuesday,June,Summer,5221,5,6
6/30/2022,Wind,181,Thursday,June,Summer,2181,22,23
1/4/2020,Wind,4,Saturday,January,Winter,3143,5,6
4/23/2020,Wind,114,Thursday,April,Spring,2541,3,4
9/19/2021,Wind,262,Sunday,September,Fall,4133,9,10
2/1/2021,Wind,32,Monday,February,Winter,5020,5,6
7/8/2022,Wind,189,Friday,July,Summer,3748,8,9
7/8/2025,Solar,189,Tuesday,July,Summer,13125,13,14
7/7/2021,Solar,188,Wednesday,July,Summer,5096,14,15
1/22/2020,Wind,22,Wednesday,January,Winter,4074,15,16
6/28/2025,Solar,179,Saturday,June,Summer,7681,17,18
2/25/2021,Wind,56,Thursday,February,Winter,4820,3,4
5/22/2021,Wind,142,Saturday,May,Spring,10961,17,18
2/16/2022,Wind,47,Wednesday,February,Winter,14822,5,6
6/22/2023,Wind,173,Thursday,June,Summer,3376,4,5
6/18/2022,Wind,169,Saturday,June,Summer,8199,22,23
6/8/2022,Wind,159,Wednesday,June,Summer,10512,15,16
12/1/2022,Wind,335,Thursday,December,Winter,3869,3,4
4/17/2023,Wind,107,Monday,April,Spring,10404,16,17
12/9/2020,Wind,344,Wednesday,December,Winter,3334,9,10
2/7/2023,Wind,38,Tuesday,February,Winter,5042,18,19
9/28/2020,Wind,272,Monday,September,Fall,4228,20,21
2/12/2023,Solar,43,Sunday,February,Winter,5718,15,16
11/23/2023,Wind,327,Thursday,November,Fall,2948,2,3
12/12/2024,Wind,347,Thursday,December,Winter,3528,19,20
5/11/2025,Wind,131,Sunday,May,Spring,7504,1,2
5/30/2024,Wind,151,Thursday,May,Spring,8561,19,20
7/29/2024,Solar,211,Monday,July,Summer,8215,16,17
8/27/2024,Wind,240,Tuesday,August,Summer,3000,23,0
11/13/2021,Wind,317,Saturday,November,Fall,5084,9,10
9/20/2021,Wind,263,Monday,September,Fall,3112,19,20
2/13/2023,Solar,44,Monday,February,Winter,6722,12,13
11/14/2020,Wind,319,Saturday,November,Fall,4362,2,3
1/29/2025,Wind,29,Wednesday,January,Winter,18199,0,1
3/2/2022,Wind,61,Wednesday,March,Spring,2961,4,5
6/6/2025,Wind,157,Friday,June,Summer,7448,16,17
7/15/2025,Wind,196,Tuesday,July,Summer,3144,2,3
5/15/2022,Solar,135,Sunday,May,Spring,9252,15,16
6/6/2024,Solar,158,Thursday,June,Summer,7935,16,17
12/1/2020,Wind,336,Tuesday,December,Winter,7577,6,7
2/1/2020,Wind,32,Saturday,February,Winter,10073,20,21
12/5/2022,Wind,339,Monday,December,Winter,723,7,8
11/2/2021,Wind,306,Tuesday,November,Fall,1723,17,18
3/30/2024,Solar,90,Saturday,March,Spring,7864,15,16
5/7/2020,Solar,128,Thursday,May,Spring,4403,14,15
7/22/2024,Wind,204,Monday,July,Summer,3323,4,5
1/23/2022,Wind,23,Sunday,January,Winter,3658,23,0
4/16/2024,Wind,107,Tuesday,April,Spring,14410,8,9
2/2/2021,Wind,33,Tuesday,February,Winter,9228,17,18
4/6/2025,Solar,96,Sunday,April,Spring,8484,12,13
10/24/2025,Wind,297,Friday,October,Fall,12993,20,21
9/12/2024,Wind,256,Thursday,September,Fall,4668,19,20
6/1/2021,Wind,152,Tuesday,June,Summer,3220,20,21
6/10/2022,Wind,161,Friday,June,Summer,2337,4,5
5/12/2024,Wind,133,Sunday,May,Spring,3727,4,5
11/1/2025,Wind,305,Saturday,November,Fall,13837,1,2
5/29/2022,Solar,149,Sunday,May,Spring,7338,9,10
8/30/2023,Wind,242,Wednesday,August,Summer,7641,18,19
4/29/2023,Wind,119,Saturday,April,Spring,2453,20,21
5/22/2022,Solar,142,Sunday,May,Spring,5188,15,16
8/12/2022,Solar,224,Friday,August,Summer,8910,12,13
8/31/2020,Solar,244,Monday,August,Summer,4731,13,14
9/17/2020,Wind,261,Thursday,September,Fall,5365,1,2
5/13/2023,Solar,133,Saturday,May,Spring,7155,10,11
10/16/2021,Solar,289,Saturday,October,Fall,4121,15,16
1/4/2022,Wind,4,Tuesday,January,Winter,6398,8,9
11/10/2024,Wind,315,Sunday,November,Fall,2532,22,23
4/25/2022,Wind,115,Monday,April,Spring,2493,21,22
5/14/2021,Wind,134,Friday,May,Spring,7152,11,12
10/14/2020,Wind,288,Wednesday,October,Fall,3082,8,9
9/29/2021,Wind,272,Wednesday,September,Fall,11398,13,14
2/2/2020,Wind,33,Sunday,February,Winter,6412,2,3
7/10/2021,Wind,191,Saturday,July,Summer,3038,19,20
6/9/2022,Wind,160,Thursday,June,Summer,6305,0,1
12/4/2021,Wind,338,Saturday,December,Winter,8913,2,3
8/5/2020,Wind,218,Wednesday,August,Summer,1018,4,5
1/22/2020,Wind,22,Wednesday,January,Winter,3930,16,17
2/21/2024,Wind,52,Wednesday,February,Winter,3618,0,1
1/1/2021,Solar,1,Friday,January,Winter,1994,12,13
7/20/2021,Wind,201,Tuesday,July,Summer,3054,22,23
7/9/2025,Solar,190,Wednesday,July,Summer,9719,11,12
12/8/2024,Wind,343,Sunday,December,Winter,16946,6,7
10/21/2024,Wind,295,Monday,October,Fall,4621,20,21
7/3/2025,Solar,184,Thursday,July,Summer,9835,13,14
6/3/2022,Wind,154,Friday,June,Summer,3026,8,9
6/15/2022,Solar,166,Wednesday,June,Summer,6208,13,14
3/18/2022,Wind,77,Friday,March,Spring,8159,5,6
3/9/2021,Wind,68,Tuesday,March,Spring,2948,8,9
2/17/2022,Wind,48,Thursday,February,Winter,8507,19,20
11/11/2021,Wind,315,Thursday,November,Fall,982,5,6
6/6/2020,Wind,158,Saturday,June,Summer,5766,1,2
10/24/2020,Wind,298,Saturday,October,Fall,8585,8,9
9/18/2023,Wind,261,Monday,September,Fall,8347,9,10
11/24/2025,Wind,328,Monday,November,Fall,8309,7,8
9/9/2021,Wind,252,Thursday,September,Fall,2685,1,2
9/25/2025,Wind,268,Thursday,September,Fall,3302,18,19
5/12/2021,Wind,132,Wednesday,May,Spring,4435,17,18
6/2/2022,Solar,153,Thursday,June,Summer,4378,9,10
1/14/2025,Solar,14,Tuesday,January,Winter,4353,15,16
3/22/2023,Wind,81,Wednesday,March,Spring,15456,14,15
7/7/2024,Wind,189,Sunday,July,Summer,4892,19,20
1/28/2021,Wind,28,Thursday,January,Winter,9675,4,5
2/12/2025,Wind,43,Wednesday,February,Winter,2685,1,2
8/25/2021,Solar,237,Wednesday,August,Summer,9454,14,15
7/17/2023,Wind,198,Monday,July,Summer,2269,6,7
6/25/2025,Solar,176,Wednesday,June,Summer,9397,13,14
3/3/2021,Wind,62,Wednesday,March,Spring,1845,9,10
6/22/2021,Wind,173,Tuesday,June,Summer,6749,14,15
3/19/2025,Solar,78,Wednesday,March,Spring,13786,13,14
5/31/2020,Wind,152,Sunday,May,Spring,5250,19,20
2/21/2020,Wind,52,Friday,February,Winter,7148,16,17
6/4/2023,Wind,155,Sunday,June,Summer,4706,8,9
3/3/2025,Wind,62,Monday,March,Spring,2282,18,19
8/17/2025,Solar,229,Sunday,August,Summer,11455,12,13
1/3/2020,Wind,3,Friday,January,Winter,4570,21,22
5/19/2023,Wind,139,Friday,May,Spring,8236,18,19
4/3/2021,Wind,93,Saturday,April,Spring,7508,5,6
7/16/2025,Solar,197,Wednesday,July,Summer,16160,12,13
6/8/2024,Wind,160,Saturday,June,Summer,2141,5,6
9/29/2022,Solar,272,Thursday,September,Fall,3999,15,16
9/19/2024,Wind,263,Thursday,September,Fall,8855,8,9
5/23/2021,Wind,143,Sunday,May,Spring,6519,20,21
11/19/2024,Wind,324,Tuesday,November,Fall,16568,2,3
11/2/2025,Wind,306,Sunday,November,Fall,17124,12,13
3/6/2020,Wind,66,Friday,March,Spring,4409,19,20
9/24/2025,Wind,267,Wednesday,September,Fall,10617,14,15
3/6/2021,Wind,65,Saturday,March,Spring,6907,0,1
1/8/2024,Wind,8,Monday,January,Winter,11458,1,2
1/29/2024,Wind,29,Monday,January,Winter,8026,9,10
6/8/2024,Wind,160,Saturday,June,Summer,2990,21,22
9/5/2020,Wind,249,Saturday,September,Fall,2313,2,3
8/29/2023,Solar,241,Tuesday,August,Summer,6026,16,17
3/31/2023,Wind,90,Friday,March,Spring,17308,21,22
8/2/2021,Solar,214,Monday,August,Summer,4915,12,13
11/12/2021,Wind,316,Friday,November,Fall,4622,19,20
4/7/2024,Wind,98,Sunday,April,Spring,6534,13,14
8/23/2022,Wind,235,Tuesday,August,Summer,692,20,21
3/31/2025,Solar,90,Monday,March,Spring,12441,12,13
12/12/2024,Wind,347,Thursday,December,Winter,3205,23,0
10/30/2023,Wind,303,Monday,October,Fall,6382,14,15
7/13/2025,Wind,194,Sunday,July,Summer,2819,23,0
3/10/2020,Wind,70,Tuesday,March,Spring,12787,16,17
1/9/2021,Wind,9,Saturday,January,Winter,2353,3,4
4/2/2021,Wind,92,Friday,April,Spring,7071,2,3
11/24/2022,Wind,328,Thursday,November,Fall,10233,21,22
8/4/2025,Wind,216,Monday,August,Summer,2819,4,5
9/24/2021,Solar,267,Friday,September,Fall,3708,10,11
11/14/2020,Wind,319,Saturday,November,Fall,9092,14,15
2/12/2025,Solar,43,Wednesday,February,Winter,3734,11,12
11/18/2024,Wind,323,Monday,November,Fall,7419,17,18
8/25/2025,Solar,237,Monday,August,Summer,7160,11,12
11/11/2025,Wind,315,Tuesday,November,Fall,13901,13,14
9/15/2021,Wind,258,Wednesday,September,Fall,2675,9,10
8/21/2022,Wind,233,Sunday,August,Summer,794,7,8
11/14/2025,Wind,318,Friday,November,Fall,10916,3,4
4/30/2022,Solar,120,Saturday,April,Spring,6810,10,11
10/9/2022,Wind,282,Sunday,October,Fall,4965,3,4
4/26/2024,Wind,117,Friday,April,Spring,2294,0,1
3/12/2022,Wind,71,Saturday,March,Spring,9696,15,16
2/21/2023,Solar,52,Tuesday,February,Winter,4252,12,13
3/29/2023,Solar,88,Wednesday,March,Spring,8491,11,12
4/27/2021,Wind,117,Tuesday,April,Spring,2003,22,23
2/17/2020,Wind,48,Monday,February,Winter,6453,4,5
1/19/2024,Wind,19,Friday,January,Winter,3521,23,0
3/31/2025,Wind,90,Monday,March,Spring,5090,7,8
11/2/2021,Wind,306,Tuesday,November,Fall,6192,12,13
11/11/2022,Wind,315,Friday,November,Fall,3461,7,8
10/26/2021,Solar,299,Tuesday,October,Fall,5605,12,13
9/22/2022,Wind,265,Thursday,September,Fall,399,19,20
5/11/2025,Solar,131,Sunday,May,Spring,4563,13,14
1/28/2022,Wind,28,Friday,January,Winter,2439,1,2
11/20/2022,Wind,324,Sunday,November,Fall,9228,10,11
7/12/2022,Wind,193,Tuesday,July,Summer,4082,1,2
11/24/2024,Wind,329,Sunday,November,Fall,22929,12,13
2/1/2020,Wind,32,Saturday,February,Winter,9131,4,5
11/6/2024,Wind,311,Wednesday,November,Fall,189,5,6
10/28/2021,Wind,301,Thursday,October,Fall,6796,9,10
10/22/2020,Wind,296,Thursday,October,Fall,5144,12,13
3/10/2022,Wind,69,Thursday,March,Spring,6808,0,1
11/3/2021,Wind,307,Wednesday,November,Fall,3819,5,6
12/8/2024,Wind,343,Sunday,December,Winter,16670,2,3
6/3/2020,Wind,155,Wednesday,June,Summer,631,5,6
6/27/2020,Wind,179,Saturday,June,Summer,9506,11,12
6/4/2021,Wind,155,Friday,June,Summer,1527,3,4
11/17/2020,Wind,322,Tuesday,November,Fall,2667,22,23
10/21/2021,Wind,294,Thursday,October,Fall,11321,8,9
8/19/2021,Wind,231,Thursday,August,Summer,940,23,0
6/4/2020,Wind,156,Thursday,June,Summer,2918,23,0
8/14/2023,Solar,226,Monday,August,Summer,7955,11,12
5/13/2024,Wind,134,Monday,May,Spring,2321,3,4
8/11/2024,Solar,224,Sunday,August,Summer,5870,16,17
5/4/2021,Wind,124,Tuesday,May,Spring,13322,7,8
4/26/2025,Solar,116,Saturday,April,Spring,4018,11,12
1/21/2020,Wind,21,Tuesday,January,Winter,3303,18,19
11/2/2021,Wind,306,Tuesday,November,Fall,2311,19,20
7/29/2023,Wind,210,Saturday,July,Summer,3618,1,2
5/21/2023,Wind,141,Sunday,May,Spring,4686,8,9
2/7/2025,Wind,38,Friday,February,Winter,9119,18,19
7/25/2022,Wind,206,Monday,July,Summer,10186,11,12
10/16/2024,Wind,290,Wednesday,October,Fall,11196,16,17
1/11/2022,Wind,11,Tuesday,January,Winter,2621,18,19
4/19/2024,Wind,110,Friday,April,Spring,6475,2,3
7/28/2024,Wind,210,Sunday,July,Summer,6281,23,0
4/5/2025,Wind,95,Saturday,April,Spring,8043,18,19
1/4/2022,Wind,4,Tuesday,January,Winter,9372,20,21
7/6/2023,Wind,187,Thursday,July,Summer,1028,4,5
3/22/2024,Wind,82,Friday,March,Spring,7326,23,0
1/16/2024,Wind,16,Tuesday,January,Winter,2207,9,10
5/8/2024,Wind,129,Wednesday,May,Spring,3372,20,21
1/26/2025,Wind,26,Sunday,January,Winter,19633,19,20
7/20/2020,Wind,202,Monday,July,Summer,3155,7,8
3/2/2024,Wind,62,Saturday,March,Spring,11147,1,2
5/17/2021,Wind,137,Monday,May,Spring,15419,13,14
9/22/2024,Wind,266,Sunday,September,Fall,3577,4,5
7/18/2021,Wind,199,Sunday,July,Summer,5140,3,4
3/20/2020,Wind,80,Friday,March,Spring,7700,15,16
4/14/2025,Wind,104,Monday,April,Spring,5469,23,0
2/19/2020,Wind,50,Wednesday,February,Winter,7659,7,8
11/21/2021,Wind,325,Sunday,November,Fall,556,4,5
10/25/2023,Wind,298,Wednesday,October,Fall,10951,10,11
7/16/2023,Wind,197,Sunday,July,Summer,5612,19,20
7/22/2020,Solar,204,Wednesday,July,Summer,3790,12,13
3/8/2024,Wind,68,Friday,March,Spring,10506,1,2
12/10/2020,Wind,345,Thursday,December,Winter,3341,14,15
6/19/2022,Wind,170,Sunday,June,Summer,7096,8,9
10/23/2024,Wind,297,Wednesday,October,Fall,5480,20,21
6/11/2024,Wind,163,Tuesday,June,Summer,2863,23,0
9/9/2021,Wind,252,Thursday,September,Fall,1689,5,6
6/11/2020,Wind,163,Thursday,June,Summer,5051,15,16
6/7/2024,Wind,159,Friday,June,Summer,1976,4,5
3/26/2024,Wind,86,Tuesday,March,Spring,8226,23,0
2/9/2022,Wind,40,Wednesday,February,Winter,4407,9,10
2/15/2025,Wind,46,Saturday,February,Winter,5334,20,21
4/28/2021,Wind,118,Wednesday,April,Spring,857,6,7
8/27/2020,Solar,240,Thursday,August,Summer,4553,11,12
10/1/2024,Wind,275,Tuesday,October,Fall,6398,7,8
5/21/2021,Wind,141,Friday,May,Spring,9704,0,1
12/5/2021,Wind,339,Sunday,December,Winter,4707,22,23
8/1/2022,Solar,213,Monday,August,Summer,6729,14,15
9/18/2022,Wind,261,Sunday,September,Fall,4648,23,0
1/14/2025,Wind,14,Tuesday,January,Winter,2738,4,5
1/4/2025,Wind,4,Saturday,January,Winter,4819,9,10
8/23/2020,Wind,236,Sunday,August,Summer,3074,20,21
12/11/2022,Solar,345,Sunday,December,Winter,4059,11,12
7/5/2024,Wind,187,Friday,July,Summer,3591,2,3
7/12/2021,Wind,193,Monday,July,Summer,3055,10,11
12/4/2022,Wind,338,Sunday,December,Winter,1267,18,19
9/29/2023,Wind,272,Friday,September,Fall,10069,15,16
10/6/2024,Wind,280,Sunday,October,Fall,7982,10,11
2/27/2023,Wind,58,Monday,February,Winter,11622,20,21
6/6/2021,Wind,157,Sunday,June,Summer,2047,7,8
4/6/2022,Wind,96,Wednesday,April,Spring,13616,17,18
1/29/2025,Wind,29,Wednesday,January,Winter,13601,14,15
10/30/2024,Wind,304,Wednesday,October,Fall,3374,21,22
6/14/2024,Wind,166,Friday,June,Summer,11508,18,19
2/5/2024,Wind,36,Monday,February,Winter,7217,19,20
11/16/2020,Wind,321,Monday,November,Fall,9712,2,3
11/3/2025,Wind,307,Monday,November,Fall,14275,12,13
5/28/2023,Wind,148,Sunday,May,Spring,9225,22,23
1/24/2020,Wind,24,Friday,January,Winter,628,22,23
2/4/2022,Wind,35,Friday,February,Winter,6025,5,6
1/2/2020,Wind,2,Thursday,January,Winter,5346,18,19
8/30/2022,Wind,242,Tuesday,August,Summer,5425,0,1
11/29/2025,Wind,333,Saturday,November,Fall,5241,0,1
5/14/2025,Solar,134,Wednesday,May,Spring,7025,10,11
12/25/2024,Wind,360,Wednesday,December,Winter,1698,2,3
9/16/2024,Solar,260,Monday,September,Fall,8063,11,12
6/13/2020,Wind,165,Saturday,June,Summer,3116,2,3
5/26/2025,Solar,146,Monday,May,Spring,10578,10,11
1/29/2022,Wind,29,Saturday,January,Winter,8062,9,10
8/29/2021,Wind,241,Sunday,August,Summer,3373,7,8
8/17/2023,Wind,229,Thursday,August,Summer,2138,4,5
11/1/2021,Wind,305,Monday,November,Fall,6650,16,17
4/27/2025,Solar,117,Sunday,April,Spring,4171,13,14
3/25/2020,Wind,85,Wednesday,March,Spring,7278,20,21
11/13/2025,Wind,317,Thursday,November,Fall,10055,13,14
10/29/2022,Wind,302,Saturday,October,Fall,8680,9,10
5/12/2025,Wind,132,Monday,May,Spring,2071,3,4
12/26/2021,Wind,360,Sunday,December,Winter,2979,18,19
11/27/2022,Wind,331,Sunday,November,Fall,6949,5,6
6/10/2025,Wind,161,Tuesday,June,Summer,4337,19,20
1/14/2020,Wind,14,Tuesday,January,Winter,13956,11,12
4/19/2025,Wind,109,Saturday,April,Spring,4692,14,15
10/16/2022,Wind,289,Sunday,October,Fall,3203,4,5
11/8/2025,Solar,312,Saturday,November,Fall,5483,12,13
6/3/2023,Wind,154,Saturday,June,Summer,7045,0,1
12/21/2022,Wind,355,Wednesday,December,Winter,5289,4,5
8/15/2022,Wind,227,Monday,August,Summer,2354,6,7
6/14/2025,Wind,165,Saturday,June,Summer,2617,21,22
11/11/2021,Wind,315,Thursday,November,Fall,904,19,20
4/2/2024,Wind,93,Tuesday,April,Spring,9355,19,20
12/3/2024,Wind,338,Tuesday,December,Winter,6322,0,1
8/18/2021,Solar,230,Wednesday,August,Summer,4153,10,11
2/18/2022,Wind,49,Friday,February,Winter,6361,0,1
6/15/2020,Solar,167,Monday,June,Summer,3227,9,10
6/6/2020,Wind,158,Saturday,June,Summer,5774,3,4
10/31/2022,Wind,304,Monday,October,Fall,3071,6,7
8/2/2023,Wind,214,Wednesday,August,Summer,18182,18,19
6/8/2023,Wind,159,Thursday,June,Summer,4578,6,7
4/21/2024,Wind,112,Sunday,April,Spring,10808,15,16
11/2/2025,Wind,306,Sunday,November,Fall,11230,9,10
1/11/2023,Wind,11,Wednesday,January,Winter,15390,22,23
3/19/2020,Solar,79,Thursday,March,Spring,3951,11,12
8/17/2025,Wind,229,Sunday,August,Summer,6183,8,9
8/7/2020,Wind,220,Friday,August,Summer,2021,6,7
11/22/2025,Wind,326,Saturday,November,Fall,8243,9,10
9/4/2025,Wind,247,Thursday,September,Fall,6876,5,6
7/22/2020,Solar,204,Wednesday,July,Summer,2606,10,11
4/26/2021,Wind,116,Monday,April,Spring,9366,3,4
8/19/2021,Wind,231,Thursday,August,Summer,1485,4,5
10/25/2022,Solar,298,Tuesday,October,Fall,5213,14,15
4/6/2020,Wind,97,Monday,April,Spring,6188,9,10
7/8/2023,Solar,189,Saturday,July,Summer,8194,15,16
5/10/2020,Wind,131,Sunday,May,Spring,2276,10,11
1/17/2020,Wind,17,Friday,January,Winter,9434,1,2
1/10/2024,Wind,10,Wednesday,January,Winter,2524,9,10
3/29/2022,Solar,88,Tuesday,March,Spring,4278,14,15
12/7/2022,Solar,341,Wednesday,December,Winter,3789,14,15
6/6/2024,Wind,158,Thursday,June,Summer,1268,1,2
1/30/2020,Wind,30,Thursday,January,Winter,6684,6,7
8/18/2020,Solar,231,Tuesday,August,Summer,1797,9,10
12/12/2024,Wind,347,Thursday,December,Winter,3380,7,8
4/4/2022,Wind,94,Monday,April,Spring,8520,23,0
10/13/2025,Wind,286,Monday,October,Fall,6073,4,5
6/18/2024,Wind,170,Tuesday,June,Summer,2793,4,5
5/10/2022,Wind,130,Tuesday,May,Spring,2478,6,7
4/26/2023,Solar,116,Wednesday,April,Spring,4624,15,16
6/16/2021,Wind,167,Wednesday,June,Summer,1499,2,3
9/3/2021,Wind,246,Friday,September,Fall,2094,6,7
4/7/2025,Wind,97,Monday,April,Spring,6184,3,4
7/21/2020,Wind,203,Tuesday,July,Summer,3014,8,9
5/12/2022,Solar,132,Thursday,May,Spring,4025,10,11
12/22/2022,Wind,356,Thursday,December,Winter,13135,11,12
10/8/2024,Wind,282,Tuesday,October,Fall,13096,22,23
6/13/2021,Wind,164,Sunday,June,Summer,2592,5,6
3/9/2021,Wind,68,Tuesday,March,Spring,2083,22,23
1/3/2022,Wind,3,Monday,January,Winter,8634,17,18
2/15/2025,Wind,46,Saturday,February,Winter,5507,21,22
12/3/2021,Wind,337,Friday,December,Winter,13277,13,14
5/7/2021,Wind,127,Friday,May,Spring,3061,8,9
6/27/2025,Wind,178,Friday,June,Summer,3511,2,3
2/1/2020,Wind,32,Saturday,February,Winter,11252,11,12
7/1/2020,Wind,183,Wednesday,July,Summer,4054,20,21
5/1/2023,Wind,121,Monday,May,Spring,3856,20,21
7/8/2025,Solar,189,Tuesday,July,Summer,8997,18,19
2/18/2021,Wind,49,Thursday,February,Winter,6214,20,21
11/28/2022,Wind,332,Monday,November,Fall,5047,13,14
7/1/2021,Solar,182,Thursday,July,Summer,3901,17,18
11/15/2023,Wind,319,Wednesday,November,Fall,4554,20,21
1/14/2021,Wind,14,Thursday,January,Winter,8411,10,11
5/27/2020,Solar,148,Wednesday,May,Spring,5832,11,12
4/16/2020,Wind,107,Thursday,April,Spring,1491,21,22
6/29/2020,Wind,181,Monday,June,Summer,10010,16,17
4/2/2024,Wind,93,Tuesday,April,Spring,13175,6,7
5/8/2022,Wind,128,Sunday,May,Spring,4285,1,2
12/29/2023,Wind,363,Friday,December,Winter,13922,15,16
3/15/2024,Wind,75,Friday,March,Spring,10445,3,4
6/7/2021,Wind,158,Monday,June,Summer,1268,6,7
3/31/2020,Wind,91,Tuesday,March,Spring,10262,17,18
9/13/2021,Wind,256,Monday,September,Fall,2586,1,2
1/16/2023,Wind,16,Monday,January,Winter,16385,14,15
2/1/2021,Wind,32,Monday,February,Winter,3405,20,21
9/13/2022,Wind,256,Tuesday,September,Fall,1654,5,6
7/29/2023,Wind,210,Saturday,July,Summer,11966,15,16
8/9/2020,Solar,222,Sunday,August,Summer,3364,16,17
9/23/2021,Wind,266,Thursday,September,Fall,1404,1,2
3/18/2021,Wind,77,Thursday,March,Spring,4597,9,10
1/13/2024,Wind,13,Saturday,January,Winter,2503,0,1
6/27/2023,Wind,178,Tuesday,June,Summer,2239,6,7
12/15/2023,Wind,349,Friday,December,Winter,2968,0,1
6/12/2023,Wind,163,Monday,June,Summer,3168,19,20
12/14/2020,Wind,349,Monday,December,Winter,8437,6,7
5/4/2023,Solar,124,Thursday,May,Spring,11275,13,14
1/6/2022,Solar,6,Thursday,January,Winter,5010,11,12
5/5/2023,Wind,125,Friday,May,Spring,2188,6,7
3/24/2021,Wind,83,Wednesday,March,Spring,2191,19,20
11/6/2020,Wind,311,Friday,November,Fall,6584,5,6
10/13/2025,Wind,286,Monday,October,Fall,7395,0,1
4/9/2025,Wind,99,Wednesday,April,Spring,11401,22,23
6/13/2022,Wind,164,Monday,June,Summer,3888,3,4
12/6/2020,Wind,341,Sunday,December,Winter,3896,0,1
12/26/2022,Wind,360,Monday,December,Winter,5200,23,0
7/7/2022,Wind,188,Thursday,July,Summer,8067,18,19
9/27/2021,Wind,270,Monday,September,Fall,10010,16,17
1/29/2024,Wind,29,Monday,January,Winter,7099,18,19
3/25/2024,Wind,85,Monday,March,Spring,8820,21,22
12/27/2022,Wind,361,Tuesday,December,Winter,4677,9,10
12/3/2021,Wind,337,Friday,December,Winter,11102,18,19
4/4/2023,Solar,94,Tuesday,April,Spring,10833,15,16
3/28/2024,Wind,88,Thursday,March,Spring,15504,7,8
12/23/2022,Wind,357,Friday,December,Winter,11216,0,1
4/27/2025,Wind,117,Sunday,April,Spring,3364,22,23
4/20/2020,Wind,111,Monday,April,Spring,5506,0,1
10/17/2022,Wind,290,Monday,October,Fall,6996,12,13
1/2/2025,Wind,2,Thursday,January,Winter,12035,0,1
7/24/2020,Solar,206,Friday,July,Summer,6901,15,16
11/21/2020,Wind,326,Saturday,November,Fall,4830,10,11
8/22/2022,Wind,234,Monday,August,Summer,2515,19,20
12/29/2022,Wind,363,Thursday,December,Winter,11261,4,5
11/11/2022,Wind,315,Friday,November,Fall,4623,23,0
7/15/2021,Wind,196,Thursday,July,Summer,5085,23,0
6/29/2020,Wind,181,Monday,June,Summer,8918,18,19
11/2/2020,Wind,307,Monday,November,Fall,8515,17,18
6/8/2022,Wind,159,Wednesday,June,Summer,10122,14,15
11/27/2020,Wind,332,Friday,November,Fall,1637,1,2
3/1/2022,Wind,60,Tuesday,March,Spring,1775,18,19
8/19/2025,Solar,231,Tuesday,August,Summer,6355,16,17
11/13/2022,Wind,317,Sunday,November,Fall,2673,22,23
11/6/2025,Wind,310,Thursday,November,Fall,2696,21,22
7/13/2022,Solar,194,Wednesday,July,Summer,6334,12,13
12/27/2021,Wind,361,Monday,December,Winter,8156,9,10
10/25/2021,Wind,298,Monday,October,Fall,3029,20,21
9/12/2023,Wind,255,Tuesday,September,Fall,705,4,5
4/2/2023,Wind,92,Sunday,April,Spring,8890,4,5
9/28/2021,Wind,271,Tuesday,September,Fall,2108,2,3
5/17/2024,Solar,138,Friday,May,Spring,7184,14,15
11/13/2025,Wind,317,Thursday,November,Fall,12913,1,2
10/13/2020,Wind,287,Tuesday,October,Fall,5579,16,17
2/17/2021,Wind,48,Wednesday,February,Winter,7964,22,23
10/9/2020,Wind,283,Friday,October,Fall,3322,18,19
2/19/2025,Wind,50,Wednesday,February,Winter,7629,20,21
11/16/2021,Wind,320,Tuesday,November,Fall,1087,16,17
12/30/2020,Wind,365,Wednesday,December,Winter,5476,23,0
7/14/2022,Solar,195,Thursday,July,Summer,8923,14,15
3/19/2023,Wind,78,Sunday,March,Spring,7895,13,14
7/24/2024,Solar,206,Wednesday,July,Summer,6845,11,12
10/31/2024,Wind,305,Thursday,October,Fall,1073,20,21
5/9/2023,Wind,129,Tuesday,May,Spring,7431,19,20
3/9/2021,Wind,68,Tuesday,March,Spring,2088,6,7
5/6/2024,Wind,127,Monday,May,Spring,3270,20,21
10/26/2022,Wind,299,Wednesday,October,Fall,3223,17,18
12/7/2021,Wind,341,Tuesday,December,Winter,11221,12,13
5/5/2024,Wind,126,Sunday,May,Spring,2081,23,0
4/23/2023,Wind,113,Sunday,April,Spring,14741,18,19
11/2/2022,Wind,306,Wednesday,November,Fall,7737,19,20
3/14/2021,Wind,73,Sunday,March,Spring,13538,15,16
11/29/2021,Wind,333,Monday,November,Fall,3702,10,11
6/14/2025,Solar,165,Saturday,June,Summer,4546,14,15
4/28/2024,Wind,119,Sunday,April,Spring,7916,9,10
5/13/2020,Wind,134,Wednesday,May,Spring,3264,1,2
6/4/2025,Solar,155,Wednesday,June,Summer,8625,16,17
6/23/2024,Solar,175,Sunday,June,Summer,4144,12,13
1/24/2024,Wind,24,Wednesday,January,Winter,15539,10,11
10/14/2021,Wind,287,Thursday,October,Fall,1720,4,5
10/8/2021,Wind,281,Friday,October,Fall,5380,23,0
3/17/2023,Wind,76,Friday,March,Spring,6418,23,0
8/28/2023,Wind,240,Monday,August,Summer,2801,5,6
9/7/2022,Solar,250,Wednesday,September,Fall,7186,12,13
12/23/2023,Wind,357,Saturday,December,Winter,15819,11,12
8/5/2023,Wind,217,Saturday,August,Summer,11382,10,11
5/28/2023,Wind,148,Sunday,May,Spring,9894,23,0
7/20/2022,Wind,201,Wednesday,July,Summer,3765,1,2
1/18/2023,Wind,18,Wednesday,January,Winter,4661,2,3
9/29/2024,Wind,273,Sunday,September,Fall,1731,2,3
2/23/2024,Wind,54,Friday,February,Winter,16403,12,13
10/4/2021,Wind,277,Monday,October,Fall,7024,23,0
10/20/2025,Wind,293,Monday,October,Fall,13425,0,1
3/24/2023,Wind,83,Friday,March,Spring,12405,8,9
7/23/2020,Solar,205,Thursday,July,Summer,1954,18,19
5/13/2020,Wind,134,Wednesday,May,Spring,7165,23,0
9/6/2022,Wind,249,Tuesday,September,Fall,2214,23,0
2/17/2021,Wind,48,Wednesday,February,Winter,7775,7,8
5/29/2021,Solar,149,Saturday,May,Spring,6169,12,13
7/25/2024,Wind,207,Thursday,July,Summer,2257,21,22
4/16/2022,Wind,106,Saturday,April,Spring,6001,20,21
7/28/2020,Wind,210,Tuesday,July,Summer,4107,5,6
5/31/2021,Wind,151,Monday,May,Spring,3587,19,20
6/27/2024,Wind,179,Thursday,June,Summer,4170,21,22
10/23/2021,Wind,296,Saturday,October,Fall,3701,22,23
11/22/2022,Wind,326,Tuesday,November,Fall,10307,20,21
3/26/2020,Wind,86,Thursday,March,Spring,4960,20,21
8/9/2020,Wind,222,Sunday,August,Summer,963,7,8
11/23/2025,Wind,327,Sunday,November,Fall,6568,22,23
6/17/2022,Wind,168,Friday,June,Summer,3147,3,4
9/6/2020,Wind,250,Sunday,September,Fall,1309,6,7
1/8/2023,Wind,8,Sunday,January,Winter,13363,12,13
5/27/2020,Wind,148,Wednesday,May,Spring,4422,2,3
12/29/2023,Wind,363,Friday,December,Winter,15941,12,13
1/6/2022,Wind,6,Thursday,January,Winter,2846,3,4
3/8/2025,Wind,67,Saturday,March,Spring,10805,0,1
6/25/2023,Solar,176,Sunday,June,Summer,8815,16,17
10/31/2023,Wind,304,Tuesday,October,Fall,11825,12,13
4/18/2021,Wind,108,Sunday,April,Spring,2893,7,8
5/5/2020,Wind,126,Tuesday,May,Spring,6849,14,15
5/3/2023,Solar,123,Wednesday,May,Spring,7624,9,10
9/3/2023,Wind,246,Sunday,September,Fall,5905,19,20
10/25/2024,Wind,299,Friday,October,Fall,1798,21,22
5/11/2022,Wind,131,Wednesday,May,Spring,3550,6,7
1/30/2025,Wind,30,Thursday,January,Winter,8803,14,15
4/29/2020,Wind,120,Wednesday,April,Spring,4808,5,6
4/3/2020,Wind,94,Friday,April,Spring,2053,5,6
5/14/2020,Wind,135,Thursday,May,Spring,7248,1,2
8/22/2020,Wind,235,Saturday,August,Summer,7218,9,10
4/24/2021,Wind,114,Saturday,April,Spring,6192,19,20
6/26/2025,Wind,177,Thursday,June,Summer,14166,17,18
10/7/2020,Wind,281,Wednesday,October,Fall,4044,20,21
2/11/2020,Wind,42,Tuesday,February,Winter,14541,13,14
10/21/2024,Wind,295,Monday,October,Fall,6386,23,0
8/7/2022,Wind,219,Sunday,August,Summer,5411,8,9
1/8/2021,Wind,8,Friday,January,Winter,1043,7,8
3/27/2020,Solar,87,Friday,March,Spring,5875,12,13
9/14/2022,Solar,257,Wednesday,September,Fall,6213,13,14
2/9/2021,Wind,40,Tuesday,February,Winter,5404,17,18
4/25/2021,Wind,115,Sunday,April,Spring,8275,5,6
12/20/2022,Wind,354,Tuesday,December,Winter,13886,1,2
3/15/2023,Wind,74,Wednesday,March,Spring,3420,8,9
1/9/2024,Wind,9,Tuesday,January,Winter,3646,18,19
6/5/2021,Solar,156,Saturday,June,Summer,5731,15,16
11/28/2024,Wind,333,Thursday,November,Fall,4321,22,23
4/28/2020,Wind,119,Tuesday,April,Spring,3006,3,4
10/8/2025,Wind,281,Wednesday,October,Fall,730,2,3
7/24/2025,Solar,205,Thursday,July,Summer,8701,12,13
5/18/2021,Wind,138,Tuesday,May,Spring,3351,20,21
4/7/2023,Wind,97,Friday,April,Spring,1998,6,7
2/28/2022,Wind,59,Monday,February,Winter,2179,18,19
11/3/2023,Wind,307,Friday,November,Fall,10599,23,0
4/28/2021,Wind,118,Wednesday,April,Spring,2245,23,0
10/22/2023,Wind,295,Sunday,October,Fall,1963,19,20
12/4/2023,Wind,338,Monday,December,Winter,14332,16,17
3/12/2023,Wind,71,Sunday,March,Spring,11363,10,11
6/10/2024,Wind,162,Monday,June,Summer,9028,16,17
12/7/2023,Wind,341,Thursday,December,Winter,7243,7,8
1/11/2020,Wind,11,Saturday,January,Winter,6243,13,14
6/20/2022,Wind,171,Monday,June,Summer,6057,18,19
12/9/2021,Wind,343,Thursday,December,Winter,6822,12,13
10/22/2021,Wind,295,Friday,October,Fall,2148,4,5
8/18/2023,Solar,230,Friday,August,Summer,7556,12,13
8/26/2020,Wind,239,Wednesday,August,Summer,10494,15,16
5/17/2023,Wind,137,Wednesday,May,Spring,7393,1,2
12/10/2024,Wind,345,Tuesday,December,Winter,9436,14,15
9/4/2023,Wind,247,Monday,September,Fall,10840,16,17
6/15/2023,Wind,166,Thursday,June,Summer,2306,21,22
1/12/2021,Wind,12,Tuesday,January,Winter,12614,6,7
4/23/2021,Wind,113,Friday,April,Spring,5325,7,8
5/28/2020,Wind,149,Thursday,May,Spring,4838,21,22
4/17/2023,Wind,107,Monday,April,Spring,3728,0,1
1/12/2020,Wind,12,Sunday,January,Winter,7023,6,7
11/29/2024,Wind,334,Friday,November,Fall,7114,4,5
4/28/2025,Wind,118,Monday,April,Spring,4319,20,21
6/10/2020,Solar,162,Wednesday,June,Summer,3435,10,11
2/15/2025,Wind,46,Saturday,February,Winter,3299,17,18
3/25/2023,Wind,84,Saturday,March,Spring,9938,18,19
10/4/2021,Wind,277,Monday,October,Fall,4512,19,20
8/3/2023,Wind,215,Thursday,August,Summer,11952,6,7
8/27/2022,Wind,239,Saturday,August,Summer,2886,1,2
2/8/2021,Wind,39,Monday,February,Winter,1809,17,18
2/5/2023,Wind,36,Sunday,February,Winter,10704,16,17
4/27/2021,Wind,117,Tuesday,April,Spring,1594,21,22
12/8/2021,Wind,342,Wednesday,December,Winter,10646,1,2
9/29/2022,Wind,272,Thursday,September,Fall,1181,21,22
8/14/2025,Wind,226,Thursday,August,Summer,3432,0,1
8/12/2023,Wind,224,Saturday,August,Summer,2514,8,9
4/25/2022,Wind,115,Monday,April,Spring,3834,0,1
3/12/2025,Wind,71,Wednesday,March,Spring,2812,6,7
1/2/2023,Wind,2,Monday,January,Winter,4165,23,0
6/23/2021,Wind,174,Wednesday,June,Summer,2524,23,0
1/27/2024,Solar,27,Saturday,January,Winter,5047,14,15
4/19/2022,Solar,109,Tuesday,April,Spring,5004,12,13
11/2/2020,Wind,307,Monday,November,Fall,11975,6,7
2/25/2025,Wind,56,Tuesday,February,Winter,11904,22,23
9/30/2025,Wind,273,Tuesday,September,Fall,1402,4,5
3/18/2023,Wind,77,Saturday,March,Spring,3908,22,23
11/25/2020,Wind,330,Wednesday,November,Fall,6287,7,8
11/11/2020,Wind,316,Wednesday,November,Fall,3805,15,16
5/26/2022,Wind,146,Thursday,May,Spring,3427,5,6
4/27/2020,Wind,118,Monday,April,Spring,2041,20,21
7/26/2021,Wind,207,Monday,July,Summer,1744,6,7
7/1/2024,Wind,183,Monday,July,Summer,2190,7,8
10/13/2022,Wind,286,Thursday,October,Fall,6261,12,13
4/9/2021,Wind,99,Friday,April,Spring,5113,18,19
10/10/2021,Wind,283,Sunday,October,Fall,2713,0,1
4/22/2023,Wind,112,Saturday,April,Spring,8274,11,12
1/22/2022,Wind,22,Saturday,January,Winter,1705,23,0
10/6/2024,Wind,280,Sunday,October,Fall,8155,21,22
5/4/2020,Wind,125,Monday,May,Spring,772,4,5
11/6/2022,Wind,310,Sunday,November,Fall,7347,5,6
8/16/2024,Solar,229,Friday,August,Summer,8933,12,13
12/15/2020,Wind,350,Tuesday,December,Winter,2633,16,17
1/4/2021,Wind,4,Monday,January,Winter,3018,19,20
2/17/2022,Wind,48,Thursday,February,Winter,14562,15,16
2/22/2020,Wind,53,Saturday,February,Winter,8585,7,8
2/3/2025,Solar,34,Monday,February,Winter,6618,12,13
5/16/2022,Solar,136,Monday,May,Spring,7824,12,13
3/20/2025,Wind,79,Thursday,March,Spring,8861,15,16
10/8/2021,Wind,281,Friday,October,Fall,6180,17,18
1/11/2025,Wind,11,Saturday,January,Winter,2047,4,5
10/29/2024,Wind,303,Tuesday,October,Fall,1443,3,4
5/25/2021,Wind,145,Tuesday,May,Spring,9963,8,9
4/20/2022,Wind,110,Wednesday,April,Spring,4079,18,19
7/28/2023,Wind,209,Friday,July,Summer,4401,20,21
1/25/2022,Wind,25,Tuesday,January,Winter,376,8,9
11/12/2024,Wind,317,Tuesday,November,Fall,8295,0,1
7/2/2021,Wind,183,Friday,July,Summer,524,4,5
4/30/2022,Wind,120,Saturday,April,Spring,4244,22,23
3/18/2024,Wind,78,Monday,March,Spring,2178,6,7
12/28/2023,Wind,362,Thursday,December,Winter,13532,23,0
4/4/2023,Wind,94,Tuesday,April,Spring,4225,22,23
6/19/2022,Wind,170,Sunday,June,Summer,7351,19,20
10/27/2021,Solar,300,Wednesday,October,Fall,5370,12,13
1/24/2025,Wind,24,Friday,January,Winter,14158,16,17
6/22/2021,Wind,173,Tuesday,June,Summer,3591,21,22
7/25/2021,Wind,206,Sunday,July,Summer,5105,18,19
12/1/2021,Wind,335,Wednesday,December,Winter,13835,7,8
3/1/2020,Wind,61,Sunday,March,Spring,8419,20,21
3/28/2024,Wind,88,Thursday,March,Spring,14967,4,5
1/3/2020,Wind,3,Friday,January,Winter,4207,22,23
11/25/2024,Wind,330,Monday,November,Fall,6573,23,0
5/5/2023,Solar,125,Friday,May,Spring,8449,15,16
4/27/2025,Wind,117,Sunday,April,Spring,4156,5,6
5/21/2024,Solar,142,Tuesday,May,Spring,6724,17,18
10/17/2023,Wind,290,Tuesday,October,Fall,7943,18,19
5/15/2023,Wind,135,Monday,May,Spring,12236,15,16
4/20/2024,Wind,111,Saturday,April,Spring,6623,7,8
4/28/2024,Wind,119,Sunday,April,Spring,3181,21,22
6/17/2022,Wind,168,Friday,June,Summer,3818,8,9
3/26/2021,Wind,85,Friday,March,Spring,10584,16,17
10/7/2023,Wind,280,Saturday,October,Fall,2231,7,8
2/2/2025,Solar,33,Sunday,February,Winter,5898,13,14
7/28/2025,Wind,209,Monday,July,Summer,3946,6,7
10/25/2025,Wind,298,Saturday,October,Fall,12427,8,9
12/2/2020,Wind,337,Wednesday,December,Winter,4378,3,4
6/10/2022,Solar,161,Friday,June,Summer,6486,10,11
11/17/2024,Wind,322,Sunday,November,Fall,5733,19,20
11/13/2022,Wind,317,Sunday,November,Fall,3184,23,0
6/17/2024,Wind,169,Monday,June,Summer,2344,23,0
10/27/2020,Wind,301,Tuesday,October,Fall,5881,4,5
5/6/2025,Wind,126,Tuesday,May,Spring,9412,22,23
7/1/2023,Wind,182,Saturday,July,Summer,7665,6,7
11/10/2023,Wind,314,Friday,November,Fall,12598,0,1
7/4/2024,Wind,186,Thursday,July,Summer,8892,15,16
6/15/2021,Wind,166,Tuesday,June,Summer,2314,2,3
8/9/2025,Wind,221,Saturday,August,Summer,1411,2,3
10/18/2023,Wind,291,Wednesday,October,Fall,11434,8,9
5/23/2022,Wind,143,Monday,May,Spring,11353,15,16
9/27/2020,Wind,271,Sunday,September,Fall,11628,6,7
4/15/2021,Wind,105,Thursday,April,Spring,5536,0,1
11/5/2023,Wind,309,Sunday,November,Fall,13494,18,19
11/3/2022,Wind,307,Thursday,November,Fall,10983,23,0
5/2/2021,Solar,122,Sunday,May,Spring,4597,11,12
2/20/2024,Wind,51,Tuesday,February,Winter,3775,1,2
7/11/2024,Solar,193,Thursday,July,Summer,6569,15,16
10/23/2025,Wind,296,Thursday,October,Fall,18020,2,3
6/26/2021,Solar,177,Saturday,June,Summer,3463,10,11
1/26/2023,Wind,26,Thursday,January,Winter,2785,7,8
4/21/2024,Wind,112,Sunday,April,Spring,5440,5,6
2/7/2024,Wind,38,Wednesday,February,Winter,10078,20,21
11/19/2023,Wind,323,Sunday,November,Fall,12727,19,20
1/14/2020,Wind,14,Tuesday,January,Winter,11947,5,6
10/10/2025,Solar,283,Friday,October,Fall,6209,10,11
5/6/2020,Solar,127,Wednesday,May,Spring,5389,12,13
6/11/2023,Solar,162,Sunday,June,Summer,5511,17,18
7/10/2020,Wind,192,Friday,July,Summer,5812,11,12
8/6/2023,Wind,218,Sunday,August,Summer,12828,18,19
9/28/2022,Solar,271,Wednesday,September,Fall,6478,12,13
4/17/2025,Wind,107,Thursday,April,Spring,2201,21,22
2/28/2023,Wind,59,Tuesday,February,Winter,7116,22,23
8/17/2020,Wind,230,Monday,August,Summer,6027,16,17
5/13/2021,Solar,133,Thursday,May,Spring,4826,16,17
8/28/2020,Wind,241,Friday,August,Summer,8440,16,17
2/28/2021,Wind,59,Sunday,February,Winter,8031,1,2
3/22/2024,Solar,82,Friday,March,Spring,7476,10,11
5/4/2022,Wind,124,Wednesday,May,Spring,1854,20,21
9/27/2022,Wind,270,Tuesday,September,Fall,12571,12,13
8/8/2025,Wind,220,Friday,August,Summer,1497,2,3
7/20/2021,Wind,201,Tuesday,July,Summer,2246,20,21
11/6/2023,Wind,310,Monday,November,Fall,9657,16,17
10/9/2022,Wind,282,Sunday,October,Fall,2019,18,19
3/3/2021,Wind,62,Wednesday,March,Spring,1043,17,18
6/27/2021,Wind,178,Sunday,June,Summer,3833,0,1
5/27/2024,Solar,148,Monday,May,Spring,6999,12,13
10/26/2021,Wind,299,Tuesday,October,Fall,2863,18,19
7/31/2020,Solar,213,Friday,July,Summer,5827,15,16
3/27/2023,Solar,86,Monday,March,Spring,7513,16,17
10/8/2023,Wind,281,Sunday,October,Fall,1493,8,9
7/4/2020,Wind,186,Saturday,July,Summer,12039,14,15
1/29/2025,Wind,29,Wednesday,January,Winter,6217,23,0
4/20/2025,Wind,110,Sunday,April,Spring,4459,23,0
9/11/2022,Wind,254,Sunday,September,Fall,587,7,8
2/15/2020,Wind,46,Saturday,February,Winter,10985,15,16
5/14/2025,Wind,134,Wednesday,May,Spring,6132,23,0
3/5/2021,Wind,64,Friday,March,Spring,7772,10,11
10/26/2023,Wind,299,Thursday,October,Fall,4909,1,2
10/24/2025,Wind,297,Friday,October,Fall,14684,1,2
10/27/2023,Wind,300,Friday,October,Fall,8268,2,3
6/16/2025,Solar,167,Monday,June,Summer,10527,15,16
1/7/2020,Wind,7,Tuesday,January,Winter,3967,3,4
7/22/2025,Wind,203,Tuesday,July,Summer,7645,0,1
3/15/2023,Solar,74,Wednesday,March,Spring,4554,9,10
10/6/2020,Wind,280,Tuesday,October,Fall,11671,11,12
10/15/2024,Wind,289,Tuesday,October,Fall,3772,7,8
2/18/2025,Wind,49,Tuesday,February,Winter,11327,19,20
11/25/2020,Wind,330,Wednesday,November,Fall,4090,14,15
5/22/2024,Wind,143,Wednesday,May,Spring,3024,23,0
1/22/2021,Wind,22,Friday,January,Winter,3354,10,11
9/10/2023,Solar,253,Sunday,September,Fall,6517,16,17
2/14/2020,Wind,45,Friday,February,Winter,4429,19,20
1/11/2022,Solar,11,Tuesday,January,Winter,5018,12,13
4/6/2022,Wind,96,Wednesday,April,Spring,7764,10,11
12/19/2020,Wind,354,Saturday,December,Winter,10892,10,11
1/24/2023,Wind,24,Tuesday,January,Winter,6696,12,13
7/1/2021,Solar,182,Thursday,July,Summer,3022,18,19
10/25/2024,Wind,299,Friday,October,Fall,6893,12,13
11/14/2021,Wind,318,Sunday,November,Fall,4665,12,13
4/17/2021,Wind,107,Saturday,April,Spring,4834,4,5
8/6/2024,Wind,219,Tuesday,August,Summer,2097,22,23
8/23/2024,Wind,236,Friday,August,Summer,9509,2,3
2/26/2023,Wind,57,Sunday,February,Winter,18051,17,18
1/7/2023,Wind,7,Saturday,January,Winter,10262,5,6
6/3/2020,Wind,155,Wednesday,June,Summer,3683,23,0
10/11/2024,Solar,285,Friday,October,Fall,3556,17,18
9/26/2020,Wind,270,Saturday,September,Fall,11246,9,10
6/11/2020,Wind,163,Thursday,June,Summer,3909,22,23
1/28/2020,Wind,28,Tuesday,January,Winter,12987,10,11
1/21/2025,Wind,21,Tuesday,January,Winter,1210,0,1
2/7/2023,Wind,38,Tuesday,February,Winter,9517,11,12
8/17/2024,Wind,230,Saturday,August,Summer,2408,22,23
4/7/2020,Wind,98,Tuesday,April,Spring,1971,19,20
11/18/2021,Wind,322,Thursday,November,Fall,1817,8,9
10/19/2020,Wind,293,Monday,October,Fall,6659,18,19
10/13/2025,Wind,286,Monday,October,Fall,9362,17,18
1/18/2024,Wind,18,Thursday,January,Winter,7755,8,9
12/9/2020,Wind,344,Wednesday,December,Winter,2518,3,4
5/18/2022,Solar,138,Wednesday,May,Spring,5814,11,12
11/26/2021,Wind,330,Friday,November,Fall,12653,14,15
4/21/2022,Wind,111,Thursday,April,Spring,3354,4,5
11/16/2021,Wind,320,Tuesday,November,Fall,997,17,18
3/3/2025,Wind,62,Monday,March,Spring,3177,2,3
11/15/2021,Wind,319,Monday,November,Fall,1190,22,23
1/28/2024,Wind,28,Sunday,January,Winter,9203,22,23
11/24/2020,Wind,329,Tuesday,November,Fall,3478,15,16
12/28/2020,Wind,363,Monday,December,Winter,8666,10,11
5/26/2021,Wind,146,Wednesday,May,Spring,8501,17,18
3/20/2023,Solar,79,Monday,March,Spring,8613,12,13
9/29/2023,Wind,272,Friday,September,Fall,6503,0,1
5/28/2024,Wind,149,Tuesday,May,Spring,12992,12,13
5/7/2023,Wind,127,Sunday,May,Spring,1644,4,5
3/7/2020,Wind,67,Saturday,March,Spring,5851,13,14
8/21/2025,Wind,233,Thursday,August,Summer,9974,18,19
8/16/2023,Wind,228,Wednesday,August,Summer,2047,7,8
11/14/2020,Wind,319,Saturday,November,Fall,9187,17,18
6/9/2024,Solar,161,Sunday,June,Summer,2265,9,10
4/28/2024,Wind,119,Sunday,April,Spring,7361,14,15
10/20/2025,Wind,293,Monday,October,Fall,13116,1,2
6/10/2025,Wind,161,Tuesday,June,Summer,1822,22,23
8/25/2022,Solar,237,Thursday,August,Summer,4870,10,11
7/11/2025,Solar,192,Friday,July,Summer,13057,13,14
6/19/2020,Solar,171,Friday,June,Summer,2120,8,9
10/2/2023,Wind,275,Monday,October,Fall,2511,1,2
12/24/2024,Wind,359,Tuesday,December,Winter,3087,6,7
6/21/2024,Wind,173,Friday,June,Summer,8537,18,19
11/10/2024,Wind,315,Sunday,November,Fall,699,3,4
6/9/2024,Solar,161,Sunday,June,Summer,4699,16,17
9/16/2020,Solar,260,Wednesday,September,Fall,2486,10,11
4/19/2020,Wind,110,Sunday,April,Spring,1476,0,1
5/22/2020,Wind,143,Friday,May,Spring,3981,4,5
1/13/2021,Wind,13,Wednesday,January,Winter,8363,14,15
8/26/2020,Wind,239,Wednesday,August,Summer,2102,22,23
1/3/2023,Wind,3,Tuesday,January,Winter,9035,15,16
6/1/2024,Wind,153,Saturday,June,Summer,6325,0,1
12/27/2021,Wind,361,Monday,December,Winter,4859,4,5
3/10/2020,Wind,70,Tuesday,March,Spring,11560,19,20
1/12/2024,Wind,12,Friday,January,Winter,7101,10,11
5/13/2025,Wind,133,Tuesday,May,Spring,778,3,4
7/11/2023,Solar,192,Tuesday,July,Summer,9090,12,13
5/2/2024,Wind,123,Thursday,May,Spring,10099,22,23
4/11/2024,Solar,102,Thursday,April,Spring,7830,15,16
4/2/2024,Wind,93,Tuesday,April,Spring,12881,3,4
1/5/2020,Wind,5,Sunday,January,Winter,1866,20,21
5/6/2025,Wind,126,Tuesday,May,Spring,10973,2,3
11/1/2024,Solar,306,Friday,November,Fall,5193,11,12
11/5/2021,Solar,309,Friday,November,Fall,4471,11,12
1/23/2022,Solar,23,Sunday,January,Winter,5443,14,15
7/12/2021,Wind,193,Monday,July,Summer,2449,6,7
12/17/2021,Wind,351,Friday,December,Winter,7522,9,10
4/12/2025,Wind,102,Saturday,April,Spring,9316,10,11
12/2/2022,Wind,336,Friday,December,Winter,6777,22,23
12/26/2023,Wind,360,Tuesday,December,Winter,4387,15,16
1/11/2024,Wind,11,Thursday,January,Winter,7264,22,23
1/30/2022,Wind,30,Sunday,January,Winter,1935,8,9
5/9/2021,Wind,129,Sunday,May,Spring,6909,0,1
6/8/2024,Solar,160,Saturday,June,Summer,3057,8,9
1/3/2022,Wind,3,Monday,January,Winter,9945,3,4
3/23/2021,Wind,82,Tuesday,March,Spring,2209,2,3
12/24/2020,Wind,359,Thursday,December,Winter,10656,6,7
10/10/2024,Wind,284,Thursday,October,Fall,3695,19,20
5/6/2023,Solar,126,Saturday,May,Spring,6882,12,13
6/26/2021,Wind,177,Saturday,June,Summer,185,4,5
9/17/2025,Wind,260,Wednesday,September,Fall,2855,21,22
4/24/2023,Wind,114,Monday,April,Spring,9691,16,17
9/6/2020,Solar,250,Sunday,September,Fall,3044,10,11
9/6/2023,Wind,249,Wednesday,September,Fall,2295,5,6
4/17/2020,Wind,108,Friday,April,Spring,2140,2,3
3/20/2025,Wind,79,Thursday,March,Spring,7679,16,17
7/16/2021,Wind,197,Friday,July,Summer,6977,11,12
3/18/2025,Wind,77,Tuesday,March,Spring,15177,10,11
9/25/2025,Wind,268,Thursday,September,Fall,4486,17,18
2/22/2024,Wind,53,Thursday,February,Winter,15643,23,0
6/20/2022,Solar,171,Monday,June,Summer,7456,13,14
6/12/2022,Solar,163,Sunday,June,Summer,3007,8,9
3/9/2023,Wind,68,Thursday,March,Spring,13804,18,19
5/9/2022,Wind,129,Monday,May,Spring,2226,6,7
5/5/2024,Wind,126,Sunday,May,Spring,2579,7,8
12/4/2023,Wind,338,Monday,December,Winter,13712,7,8
8/4/2023,Solar,216,Friday,August,Summer,9711,14,15
4/6/2020,Wind,97,Monday,April,Spring,8031,3,4
9/15/2024,Wind,259,Sunday,September,Fall,3382,5,6
4/5/2021,Wind,95,Monday,April,Spring,3346,3,4
1/27/2024,Wind,27,Saturday,January,Winter,2096,3,4
3/12/2023,Wind,71,Sunday,March,Spring,6830,4,5
6/8/2022,Wind,159,Wednesday,June,Summer,6976,21,22
2/17/2021,Wind,48,Wednesday,February,Winter,11476,13,14
8/16/2020,Wind,229,Sunday,August,Summer,2149,1,2
7/7/2020,Solar,189,Tuesday,July,Summer,5078,12,13
10/31/2023,Wind,304,Tuesday,October,Fall,12274,13,14
2/11/2024,Wind,42,Sunday,February,Winter,8630,20,21
6/12/2025,Solar,163,Thursday,June,Summer,9373,10,11
10/28/2024,Wind,302,Monday,October,Fall,1027,4,5
7/11/2022,Wind,192,Monday,July,Summer,4311,23,0
12/25/2023,Wind,359,Monday,December,Winter,12990,19,20
3/27/2022,Solar,86,Sunday,March,Spring,6255,12,13
2/14/2022,Wind,45,Monday,February,Winter,6512,23,0
1/29/2025,Wind,29,Wednesday,January,Winter,12896,6,7
3/12/2021,Wind,71,Friday,March,Spring,12379,0,1
7/5/2022,Wind,186,Tuesday,July,Summer,3640,2,3
8/19/2021,Solar,231,Thursday,August,Summer,4835,13,14
8/5/2025,Solar,217,Tuesday,August,Summer,7071,12,13
8/28/2024,Wind,241,Wednesday,August,Summer,2348,22,23
12/27/2021,Wind,361,Monday,December,Winter,9445,16,17
9/18/2021,Wind,261,Saturday,September,Fall,1168,2,3
9/23/2025,Wind,266,Tuesday,September,Fall,13351,14,15
3/20/2020,Wind,80,Friday,March,Spring,3577,6,7
4/27/2020,Wind,118,Monday,April,Spring,2626,17,18
3/22/2025,Wind,81,Saturday,March,Spring,7212,16,17
6/12/2020,Wind,164,Friday,June,Summer,4286,4,5
9/12/2020,Wind,256,Saturday,September,Fall,1147,1,2
4/18/2021,Solar,108,Sunday,April,Spring,5661,11,12
7/10/2024,Solar,192,Wednesday,July,Summer,10399,13,14
10/7/2023,Wind,280,Saturday,October,Fall,1898,6,7
12/8/2024,Wind,343,Sunday,December,Winter,17304,8,9
3/17/2024,Wind,77,Sunday,March,Spring,3960,4,5
9/19/2023,Wind,262,Tuesday,September,Fall,3900,3,4
10/21/2020,Wind,295,Wednesday,October,Fall,13322,9,10
9/16/2025,Wind,259,Tuesday,September,Fall,13968,16,17
7/8/2022,Wind,189,Friday,July,Summer,6914,18,19
8/29/2022,Wind,241,Monday,August,Summer,3839,20,21
3/7/2024,Wind,67,Thursday,March,Spring,9031,9,10
6/16/2021,Wind,167,Wednesday,June,Summer,1787,19,20
10/21/2020,Wind,295,Wednesday,October,Fall,14414,10,11
1/10/2025,Wind,10,Friday,January,Winter,3643,6,7
3/27/2024,Wind,87,Wednesday,March,Spring,13594,23,0
1/20/2022,Wind,20,Thursday,January,Winter,5272,19,20
10/23/2023,Wind,296,Monday,October,Fall,4431,20,21
11/13/2023,Wind,317,Monday,November,Fall,10550,2,3
10/24/2023,Wind,297,Tuesday,October,Fall,9197,13,14
9/13/2024,Solar,257,Friday,September,Fall,11435,15,16
5/8/2025,Wind,128,Thursday,May,Spring,5647,3,4
6/26/2023,Solar,177,Monday,June,Summer,9710,12,13
8/17/2024,Solar,230,Saturday,August,Summer,5446,16,17
3/9/2022,Wind,68,Wednesday,March,Spring,7922,15,16
11/29/2020,Wind,334,Sunday,November,Fall,4505,4,5
5/23/2020,Wind,144,Saturday,May,Spring,7295,19,20
11/4/2022,Wind,308,Friday,November,Fall,4294,23,0
6/2/2024,Wind,154,Sunday,June,Summer,3481,23,0
12/16/2024,Wind,351,Monday,December,Winter,7735,10,11
2/6/2021,Wind,37,Saturday,February,Winter,5019,20,21
11/9/2021,Wind,313,Tuesday,November,Fall,871,23,0
5/12/2022,Wind,132,Thursday,May,Spring,5274,0,1
5/11/2020,Wind,132,Monday,May,Spring,11450,18,19
3/11/2021,Wind,70,Thursday,March,Spring,15343,10,11
7/19/2021,Wind,200,Monday,July,Summer,7420,17,18
7/11/2020,Wind,193,Saturday,July,Summer,4848,18,19
3/20/2024,Wind,80,Wednesday,March,Spring,1807,20,21
1/29/2025,Wind,29,Wednesday,January,Winter,13127,5,6
2/4/2024,Wind,35,Sunday,February,Winter,6061,3,4
3/2/2025,Solar,61,Sunday,March,Spring,12731,12,13
2/6/2025,Wind,37,Thursday,February,Winter,3446,2,3
9/12/2024,Wind,256,Thursday,September,Fall,3733,22,23
4/22/2020,Wind,113,Wednesday,April,Spring,4913,0,1
11/2/2020,Wind,307,Monday,November,Fall,12708,10,11
9/17/2022,Wind,260,Saturday,September,Fall,8890,17,18
4/20/2025,Wind,110,Sunday,April,Spring,8177,8,9
1/25/2021,Wind,25,Monday,January,Winter,4070,16,17
12/4/2020,Wind,339,Friday,December,Winter,9046,8,9
8/1/2023,Wind,213,Tuesday,August,Summer,16234,15,16
10/31/2022,Wind,304,Monday,October,Fall,12858,23,0
11/12/2022,Solar,316,Saturday,November,Fall,5376,12,13
8/20/2023,Solar,232,Sunday,August,Summer,6206,16,17
6/14/2023,Wind,165,Wednesday,June,Summer,3516,21,22
4/23/2022,Wind,113,Saturday,April,Spring,7331,11,12
10/2/2023,Wind,275,Monday,October,Fall,4842,18,19
1/3/2024,Wind,3,Wednesday,January,Winter,18044,18,19
10/14/2021,Wind,287,Thursday,October,Fall,2391,8,9
1/12/2020,Wind,12,Sunday,January,Winter,7395,7,8
7/8/2023,Solar,189,Saturday,July,Summer,4324,18,19
4/6/2025,Wind,96,Sunday,April,Spring,10223,18,19
11/1/2021,Wind,305,Monday,November,Fall,8718,4,5
4/20/2023,Wind,110,Thursday,April,Spring,12448,13,14
6/29/2024,Wind,181,Saturday,June,Summer,3681,23,0
11/28/2022,Wind,332,Monday,November,Fall,3265,19,20
3/10/2024,Wind,70,Sunday,March,Spring,2756,4,5
3/28/2021,Wind,87,Sunday,March,Spring,3508,3,4
8/25/2023,Wind,237,Friday,August,Summer,2215,1,2
10/19/2021,Wind,292,Tuesday,October,Fall,10753,22,23
9/2/2024,Solar,246,Monday,September,Fall,4316,9,10
5/23/2023,Wind,143,Tuesday,May,Spring,6042,7,8
5/3/2020,Wind,124,Sunday,May,Spring,1977,4,5
5/9/2024,Wind,130,Thursday,May,Spring,3813,4,5
5/17/2024,Solar,138,Friday,May,Spring,3361,8,9
2/12/2023,Wind,43,Sunday,February,Winter,2940,6,7
7/29/2025,Solar,210,Tuesday,July,Summer,10808,16,17
9/29/2021,Wind,272,Wednesday,September,Fall,2764,23,0
7/4/2020,Wind,186,Saturday,July,Summer,7973,20,21
12/27/2022,Wind,361,Tuesday,December,Winter,9837,20,21
11/12/2024,Wind,317,Tuesday,November,Fall,9736,5,6
9/6/2022,Wind,249,Tuesday,September,Fall,2980,22,23
11/26/2025,Solar,330,Wednesday,November,Fall,6772,11,12
5/20/2020,Solar,141,Wednesday,May,Spring,5433,13,14
8/30/2025,Wind,242,Saturday,August,Summer,4447,5,6
4/14/2024,Solar,105,Sunday,April,Spring,5047,17,18
9/30/2021,Wind,273,Thursday,September,Fall,6986,16,17
8/25/2024,Wind,238,Sunday,August,Summer,6839,2,3
3/23/2024,Wind,83,Saturday,March,Spring,15588,17,18
3/7/2022,Wind,66,Monday,March,Spring,10522,14,15
8/29/2021,Solar,241,Sunday,August,Summer,7380,13,14
5/3/2020,Solar,124,Sunday,May,Spring,4316,16,17
3/4/2025,Wind,63,Tuesday,March,Spring,2904,6,7
8/19/2022,Wind,231,Friday,August,Summer,4511,19,20
11/5/2024,Wind,310,Tuesday,November,Fall,91,21,22
11/26/2020,Solar,331,Thursday,November,Fall,3501,13,14
11/22/2023,Wind,326,Wednesday,November,Fall,4282,20,21
3/30/2021,Wind,89,Tuesday,March,Spring,2984,6,7
9/25/2025,Wind,268,Thursday,September,Fall,3047,7,8
8/31/2022,Solar,243,Wednesday,August,Summer,4337,10,11
1/15/2024,Wind,15,Monday,January,Winter,3779,8,9
8/19/2022,Wind,231,Friday,August,Summer,2570,6,7
7/17/2022,Solar,198,Sunday,July,Summer,8145,11,12
2/14/2022,Wind,45,Monday,February,Winter,11199,8,9
12/7/2020,Wind,342,Monday,December,Winter,1051,0,1
1/3/2025,Wind,3,Friday,January,Winter,3705,20,21
10/10/2024,Wind,284,Thursday,October,Fall,8274,6,7
7/13/2024,Solar,195,Saturday,July,Summer,2289,19,20
10/13/2021,Solar,286,Wednesday,October,Fall,4051,10,11
2/19/2021,Wind,50,Friday,February,Winter,5554,7,8
3/8/2025,Wind,67,Saturday,March,Spring,12639,20,21
11/3/2020,Wind,308,Tuesday,November,Fall,3571,22,23
6/6/2024,Wind,158,Thursday,June,Summer,2561,22,23
9/30/2024,Wind,274,Monday,September,Fall,11102,16,17
4/11/2020,Wind,102,Saturday,April,Spring,3011,2,3
6/29/2022,Solar,180,Wednesday,June,Summer,2385,8,9
6/15/2021,Solar,166,Tuesday,June,Summer,2124,8,9
8/14/2022,Wind,226,Sunday,August,Summer,4666,2,3
5/5/2022,Wind,125,Thursday,May,Spring,2050,3,4
8/7/2022,Wind,219,Sunday,August,Summer,6195,20,21
8/31/2024,Solar,244,Saturday,August,Summer,7347,16,17
6/23/2022,Wind,174,Thursday,June,Summer,3896,18,19
8/10/2025,Wind,222,Sunday,August,Summer,3182,7,8
6/7/2020,Wind,159,Sunday,June,Summer,2147,6,7
1/1/2021,Wind,1,Friday,January,Winter,998,4,5
1/25/2021,Wind,25,Monday,January,Winter,6191,2,3
8/20/2022,Wind,232,Saturday,August,Summer,981,23,0
3/8/2021,Wind,67,Monday,March,Spring,2943,22,23
10/11/2023,Wind,284,Wednesday,October,Fall,7262,23,0
12/31/2020,Wind,366,Thursday,December,Winter,5746,1,2
3/31/2021,Wind,90,Wednesday,March,Spring,3600,9,10
8/23/2020,Wind,236,Sunday,August,Summer,8729,13,14
12/1/2021,Wind,335,Wednesday,December,Winter,5719,21,22
1/11/2024,Wind,11,Thursday,January,Winter,8407,14,15
4/19/2022,Wind,109,Tuesday,April,Spring,4160,21,22
7/30/2023,Wind,211,Sunday,July,Summer,5928,22,23
5/20/2025,Wind,140,Tuesday,May,Spring,8914,18,19
6/13/2025,Solar,164,Friday,June,Summer,8341,17,18
4/30/2025,Solar,120,Wednesday,April,Spring,5410,12,13
7/6/2022,Solar,187,Wednesday,July,Summer,7868,14,15
6/7/2020,Solar,159,Sunday,June,Summer,3437,10,11
2/19/2021,Wind,50,Friday,February,Winter,6776,16,17
5/11/2024,Wind,132,Saturday,May,Spring,6497,0,1
7/7/2021,Solar,188,Wednesday,July,Summer,5172,12,13
7/20/2020,Solar,202,Monday,July,Summer,5919,14,15
2/24/2025,Wind,55,Monday,February,Winter,9544,16,17
4/15/2020,Wind,106,Wednesday,April,Spring,3450,20,21
6/2/2023,Wind,153,Friday,June,Summer,7517,6,7
1/19/2023,Wind,19,Thursday,January,Winter,3478,2,3
11/16/2021,Wind,320,Tuesday,November,Fall,1157,19,20
7/1/2025,Wind,182,Tuesday,July,Summer,1055,4,5
2/21/2023,Wind,52,Tuesday,February,Winter,3045,9,10
8/9/2024,Wind,222,Friday,August,Summer,5677,7,8
3/25/2020,Wind,85,Wednesday,March,Spring,4738,9,10
9/19/2024,Wind,263,Thursday,September,Fall,15959,15,16
8/24/2025,Wind,236,Sunday,August,Summer,3236,21,22
3/4/2022,Wind,63,Friday,March,Spring,3151,18,19
7/21/2023,Wind,202,Friday,July,Summer,3094,21,22
7/4/2025,Solar,185,Friday,July,Summer,5949,18,19
1/3/2024,Wind,3,Wednesday,January,Winter,17121,7,8
9/14/2025,Wind,257,Sunday,September,Fall,13786,18,19
6/30/2024,Wind,182,Sunday,June,Summer,3727,2,3
12/19/2023,Wind,353,Tuesday,December,Winter,12111,16,17
3/26/2022,Wind,85,Saturday,March,Spring,13203,13,14
2/9/2021,Wind,40,Tuesday,February,Winter,1784,5,6
2/5/2025,Wind,36,Wednesday,February,Winter,2214,3,4
5/31/2025,Wind,151,Saturday,May,Spring,1059,5,6
10/31/2021,Wind,304,Sunday,October,Fall,10139,7,8
4/27/2025,Solar,117,Sunday,April,Spring,4067,14,15
2/13/2022,Wind,44,Sunday,February,Winter,15035,21,22
6/23/2024,Wind,175,Sunday,June,Summer,2326,5,6
4/21/2025,Solar,111,Monday,April,Spring,8025,11,12
3/16/2021,Wind,75,Tuesday,March,Spring,3210,5,6
4/29/2023,Wind,119,Saturday,April,Spring,1638,2,3
12/23/2022,Wind,357,Friday,December,Winter,12401,20,21
1/30/2021,Wind,30,Saturday,January,Winter,6987,16,17
7/30/2020,Wind,212,Thursday,July,Summer,2163,1,2
5/5/2021,Wind,125,Wednesday,May,Spring,8828,18,19
2/4/2021,Wind,35,Thursday,February,Winter,3467,23,0
1/19/2021,Wind,19,Tuesday,January,Winter,11722,9,10
7/21/2023,Wind,202,Friday,July,Summer,3035,23,0
6/8/2023,Wind,159,Thursday,June,Summer,4806,4,5
5/14/2023,Wind,134,Sunday,May,Spring,3817,21,22
6/19/2025,Wind,170,Thursday,June,Summer,4893,6,7
5/18/2023,Solar,138,Thursday,May,Spring,7144,10,11
2/15/2025,Wind,46,Saturday,February,Winter,5705,7,8
11/20/2024,Wind,325,Wednesday,November,Fall,9330,12,13
9/22/2020,Solar,266,Tuesday,September,Fall,2638,15,16
12/15/2024,Wind,350,Sunday,December,Winter,8504,17,18
11/20/2024,Wind,325,Wednesday,November,Fall,5746,8,9
6/14/2023,Wind,165,Wednesday,June,Summer,4779,0,1
3/11/2022,Wind,70,Friday,March,Spring,11304,17,18
4/28/2023,Wind,118,Friday,April,Spring,6113,18,19
4/1/2024,Wind,92,Monday,April,Spring,9631,14,15
9/13/2023,Solar,256,Wednesday,September,Fall,5717,14,15
5/29/2021,Solar,149,Saturday,May,Spring,4347,10,11
4/1/2024,Wind,92,Monday,April,Spring,9379,19,20
12/3/2021,Wind,337,Friday,December,Winter,2724,2,3
11/9/2023,Wind,313,Thursday,November,Fall,13237,18,19
1/13/2023,Wind,13,Friday,January,Winter,14510,7,8
1/22/2023,Wind,22,Sunday,January,Winter,5974,8,9
4/13/2020,Wind,104,Monday,April,Spring,5354,7,8
6/29/2022,Wind,180,Wednesday,June,Summer,1211,3,4
4/29/2020,Wind,120,Wednesday,April,Spring,6006,20,21
10/5/2021,Wind,278,Tuesday,October,Fall,12713,14,15
8/27/2025,Wind,239,Wednesday,August,Summer,3210,8,9
6/23/2023,Wind,174,Friday,June,Summer,1872,4,5
5/4/2021,Wind,124,Tuesday,May,Spring,13020,4,5
5/3/2021,Wind,123,Monday,May,Spring,632,3,4
9/10/2023,Wind,253,Sunday,September,Fall,3759,2,3
7/22/2024,Solar,204,Monday,July,Summer,7974,10,11
6/20/2020,Wind,172,Saturday,June,Summer,1472,20,21
9/1/2024,Wind,245,Sunday,September,Fall,4179,1,2
8/7/2023,Solar,219,Monday,August,Summer,9917,15,16
8/9/2022,Wind,221,Tuesday,August,Summer,7289,19,20
5/11/2021,Wind,131,Tuesday,May,Spring,2157,0,1
2/5/2021,Wind,36,Friday,February,Winter,2434,23,0
11/23/2024,Wind,328,Saturday,November,Fall,19392,14,15
2/4/2025,Wind,35,Tuesday,February,Winter,3899,18,19
12/24/2020,Wind,359,Thursday,December,Winter,11579,0,1
6/19/2023,Solar,170,Monday,June,Summer,5286,11,12
2/24/2024,Wind,55,Saturday,February,Winter,7785,6,7
11/20/2023,Wind,324,Monday,November,Fall,8192,20,21
10/26/2021,Wind,299,Tuesday,October,Fall,3866,10,11
9/3/2021,Solar,246,Friday,September,Fall,1713,18,19
8/21/2022,Wind,233,Sunday,August,Summer,603,2,3
5/17/2024,Wind,138,Friday,May,Spring,897,22,23
3/5/2024,Wind,65,Tuesday,March,Spring,3263,20,21
5/24/2023,Wind,144,Wednesday,May,Spring,5947,7,8
9/13/2020,Solar,257,Sunday,September,Fall,3974,12,13
10/7/2021,Wind,280,Thursday,October,Fall,1888,2,3
10/26/2025,Wind,299,Sunday,October,Fall,9730,3,4
11/13/2024,Wind,318,Wednesday,November,Fall,5232,19,20
3/5/2025,Wind,64,Wednesday,March,Spring,2433,0,1
3/17/2022,Wind,76,Thursday,March,Spring,5222,0,1
11/3/2022,Wind,307,Thursday,November,Fall,10595,8,9
4/22/2023,Wind,112,Saturday,April,Spring,6589,18,19
9/6/2024,Solar,250,Friday,September,Fall,6409,15,16
8/23/2021,Wind,235,Monday,August,Summer,7555,17,18
2/6/2020,Solar,37,Thursday,February,Winter,4784,14,15
10/24/2020,Wind,298,Saturday,October,Fall,11731,21,22
4/6/2021,Wind,96,Tuesday,April,Spring,4798,9,10
11/12/2020,Wind,317,Thursday,November,Fall,7385,3,4
4/22/2021,Wind,112,Thursday,April,Spring,5855,5,6
6/18/2021,Wind,169,Friday,June,Summer,3480,22,23
12/6/2022,Wind,340,Tuesday,December,Winter,2155,21,22
11/17/2021,Wind,321,Wednesday,November,Fall,1951,4,5
10/18/2025,Solar,291,Saturday,October,Fall,8416,10,11
4/15/2020,Wind,106,Wednesday,April,Spring,6207,2,3
2/17/2020,Wind,48,Monday,February,Winter,10239,22,23
3/16/2025,Wind,75,Sunday,March,Spring,8436,4,5
5/9/2021,Wind,129,Sunday,May,Spring,7771,3,4
8/12/2020,Wind,225,Wednesday,August,Summer,2236,8,9
10/13/2021,Wind,286,Wednesday,October,Fall,2205,22,23
9/11/2024,Wind,255,Wednesday,September,Fall,5700,21,22
11/7/2024,Wind,312,Thursday,November,Fall,2657,8,9
3/31/2020,Wind,91,Tuesday,March,Spring,7111,23,0
10/18/2023,Wind,291,Wednesday,October,Fall,11888,9,10
12/30/2021,Wind,364,Thursday,December,Winter,8676,5,6
6/5/2021,Solar,156,Saturday,June,Summer,4441,9,10
2/18/2024,Wind,49,Sunday,February,Winter,13623,14,15
8/7/2020,Solar,220,Friday,August,Summer,3922,11,12
2/12/2024,Wind,43,Monday,February,Winter,3745,22,23
3/9/2024,Wind,69,Saturday,March,Spring,11240,4,5
9/5/2022,Wind,248,Monday,September,Fall,3208,8,9
10/14/2020,Wind,288,Wednesday,October,Fall,1902,3,4
10/12/2023,Solar,285,Thursday,October,Fall,9093,13,14
12/20/2023,Wind,354,Wednesday,December,Winter,9136,0,1
11/28/2021,Wind,332,Sunday,November,Fall,5114,22,23
8/29/2024,Wind,242,Thursday,August,Summer,2495,3,4
4/22/2023,Wind,112,Saturday,April,Spring,6597,9,10
10/2/2024,Solar,276,Wednesday,October,Fall,5400,14,15
5/25/2023,Wind,145,Thursday,May,Spring,14511,11,12
1/21/2024,Wind,21,Sunday,January,Winter,14481,17,18
5/21/2020,Wind,142,Thursday,May,Spring,2748,0,1
3/4/2023,Wind,63,Saturday,March,Spring,3131,18,19
3/21/2022,Wind,80,Monday,March,Spring,5460,9,10
1/2/2023,Wind,2,Monday,January,Winter,5987,10,11
1/20/2023,Wind,20,Friday,January,Winter,5467,20,21
7/22/2023,Wind,203,Saturday,July,Summer,2381,7,8
11/17/2025,Wind,321,Monday,November,Fall,8893,9,10
1/15/2025,Wind,15,Wednesday,January,Winter,3441,22,23
10/15/2023,Wind,288,Sunday,October,Fall,3213,18,19
7/5/2024,Solar,187,Friday,July,Summer,11741,15,16
8/15/2024,Solar,228,Thursday,August,Summer,8514,17,18
10/1/2021,Wind,274,Friday,October,Fall,9911,13,14
1/21/2022,Wind,21,Friday,January,Winter,4963,4,5
12/19/2022,Wind,353,Monday,December,Winter,13202,7,8
8/13/2025,Wind,225,Wednesday,August,Summer,1029,5,6
12/22/2021,Wind,356,Wednesday,December,Winter,3623,9,10
5/26/2025,Wind,146,Monday,May,Spring,10107,17,18
3/19/2024,Wind,79,Tuesday,March,Spring,1227,21,22
1/17/2022,Wind,17,Monday,January,Winter,1358,1,2
10/15/2023,Wind,288,Sunday,October,Fall,3573,19,20
2/16/2025,Solar,47,Sunday,February,Winter,8762,12,13
10/7/2022,Wind,280,Friday,October,Fall,1154,2,3
9/15/2021,Wind,258,Wednesday,September,Fall,1977,4,5
3/6/2025,Wind,65,Thursday,March,Spring,10880,22,23
12/9/2021,Wind,343,Thursday,December,Winter,5400,15,16
1/2/2023,Wind,2,Monday,January,Winter,11969,0,1
4/17/2021,Wind,107,Saturday,April,Spring,5520,23,0
7/30/2021,Wind,211,Friday,July,Summer,1817,2,3
8/24/2020,Wind,237,Monday,August,Summer,1914,19,20
5/15/2020,Wind,136,Friday,May,Spring,7329,3,4
11/24/2023,Wind,328,Friday,November,Fall,11600,16,17
9/6/2023,Wind,249,Wednesday,September,Fall,3137,22,23
11/3/2025,Wind,307,Monday,November,Fall,8685,16,17
10/27/2025,Wind,300,Monday,October,Fall,15610,16,17
6/28/2025,Wind,179,Saturday,June,Summer,1627,0,1
6/10/2025,Wind,161,Tuesday,June,Summer,1674,3,4
5/31/2022,Wind,151,Tuesday,May,Spring,1818,2,3
10/14/2020,Wind,288,Wednesday,October,Fall,7046,14,15
8/14/2023,Wind,226,Monday,August,Summer,2587,7,8
7/23/2020,Wind,205,Thursday,July,Summer,1527,4,5
4/16/2022,Solar,106,Saturday,April,Spring,10869,12,13
4/16/2025,Wind,106,Wednesday,April,Spring,4853,18,19
6/5/2021,Wind,156,Saturday,June,Summer,2191,0,1
4/24/2020,Wind,115,Friday,April,Spring,2176,22,23
11/23/2023,Wind,327,Thursday,November,Fall,7931,12,13
11/10/2023,Wind,314,Friday,November,Fall,12591,4,5
9/24/2024,Wind,268,Tuesday,September,Fall,8855,9,10
2/22/2025,Wind,53,Saturday,February,Winter,10495,15,16
5/5/2025,Wind,125,Monday,May,Spring,9828,5,6
3/5/2025,Solar,64,Wednesday,March,Spring,8585,10,11
6/28/2024,Wind,180,Friday,June,Summer,3214,4,5
10/16/2020,Wind,290,Friday,October,Fall,4358,11,12
1/6/2023,Wind,6,Friday,January,Winter,7744,5,6
9/5/2022,Wind,248,Monday,September,Fall,2599,5,6
11/25/2022,Wind,329,Friday,November,Fall,6116,12,13
12/14/2020,Wind,349,Monday,December,Winter,9700,0,1
12/23/2023,Wind,357,Saturday,December,Winter,14222,9,10
10/4/2022,Wind,277,Tuesday,October,Fall,937,19,20
8/26/2020,Wind,239,Wednesday,August,Summer,8615,7,8
10/7/2023,Wind,280,Saturday,October,Fall,1790,2,3
1/26/2020,Wind,26,Sunday,January,Winter,3118,9,10
1/5/2022,Wind,5,Wednesday,January,Winter,4018,20,21
11/26/2025,Wind,330,Wednesday,November,Fall,2920,20,21
6/15/2022,Wind,166,Wednesday,June,Summer,2879,22,23
9/26/2021,Wind,269,Sunday,September,Fall,2233,1,2
7/28/2023,Wind,209,Friday,July,Summer,3768,21,22
6/4/2022,Wind,155,Saturday,June,Summer,3189,8,9
1/10/2020,Wind,10,Friday,January,Winter,6407,10,11
9/30/2024,Wind,274,Monday,September,Fall,12240,4,5
10/1/2024,Wind,275,Tuesday,October,Fall,7834,5,6
11/18/2025,Wind,322,Tuesday,November,Fall,8784,21,22
4/3/2024,Wind,94,Wednesday,April,Spring,11683,23,0
10/31/2025,Wind,304,Friday,October,Fall,10049,2,3
2/22/2025,Wind,53,Saturday,February,Winter,10894,2,3
7/27/2023,Wind,208,Thursday,July,Summer,16122,14,15
9/17/2024,Wind,261,Tuesday,September,Fall,13680,18,19
12/6/2021,Wind,340,Monday,December,Winter,3931,10,11
11/25/2023,Wind,329,Saturday,November,Fall,8586,2,3
2/26/2021,Wind,57,Friday,February,Winter,3948,10,11
7/3/2020,Wind,185,Friday,July,Summer,2522,23,0
3/19/2024,Wind,79,Tuesday,March,Spring,1178,1,2
11/12/2021,Solar,316,Friday,November,Fall,4637,12,13
9/20/2023,Wind,263,Wednesday,September,Fall,14551,16,17
1/23/2022,Wind,23,Sunday,January,Winter,3865,16,17
9/30/2024,Wind,274,Monday,September,Fall,20041,12,13
11/11/2020,Wind,316,Wednesday,November,Fall,7638,22,23
1/17/2021,Wind,17,Sunday,January,Winter,5008,4,5
11/26/2020,Wind,331,Thursday,November,Fall,2436,6,7
9/14/2023,Wind,257,Thursday,September,Fall,710,5,6
12/17/2020,Wind,352,Thursday,December,Winter,5368,7,8
11/10/2022,Wind,314,Thursday,November,Fall,3142,17,18
7/2/2022,Wind,183,Saturday,July,Summer,1832,22,23
3/17/2023,Wind,76,Friday,March,Spring,9108,9,10
3/29/2023,Solar,88,Wednesday,March,Spring,9902,12,13
6/27/2025,Solar,178,Friday,June,Summer,9500,11,12
2/9/2025,Wind,40,Sunday,February,Winter,3088,5,6
9/18/2020,Wind,262,Friday,September,Fall,6021,14,15
11/18/2024,Wind,323,Monday,November,Fall,9481,7,8
4/19/2022,Solar,109,Tuesday,April,Spring,4623,11,12
11/27/2020,Wind,332,Friday,November,Fall,2632,10,11
11/16/2020,Wind,321,Monday,November,Fall,9214,11,12
2/12/2020,Wind,43,Wednesday,February,Winter,9274,2,3
7/15/2021,Wind,196,Thursday,July,Summer,7907,0,1
11/27/2025,Wind,331,Thursday,November,Fall,6967,4,5
8/5/2024,Solar,218,Monday,August,Summer,8671,14,15
5/16/2021,Wind,136,Sunday,May,Spring,9142,20,21
2/24/2021,Wind,55,Wednesday,February,Winter,6699,21,22
3/5/2020,Wind,65,Thursday,March,Spring,5871,6,7
6/3/2024,Wind,155,Monday,June,Summer,3047,1,2
2/6/2025,Wind,37,Thursday,February,Winter,5595,7,8
9/2/2023,Wind,245,Saturday,September,Fall,2089,2,3
11/14/2022,Wind,318,Monday,November,Fall,4420,16,17
1/31/2020,Wind,31,Friday,January,Winter,6229,9,10
6/13/2021,Wind,164,Sunday,June,Summer,2420,7,8
8/14/2024,Wind,227,Wednesday,August,Summer,3688,19,20
5/25/2024,Solar,146,Saturday,May,Spring,3720,18,19
12/27/2020,Wind,362,Sunday,December,Winter,7389,22,23
4/1/2020,Solar,92,Wednesday,April,Spring,5326,13,14
1/18/2023,Wind,18,Wednesday,January,Winter,5216,18,19
3/13/2021,Wind,72,Saturday,March,Spring,11499,23,0
7/25/2024,Solar,207,Thursday,July,Summer,4811,9,10
12/25/2024,Solar,360,Wednesday,December,Winter,3467,11,12
6/23/2023,Wind,174,Friday,June,Summer,1435,6,7
4/22/2022,Solar,112,Friday,April,Spring,8327,14,15
3/16/2020,Wind,76,Monday,March,Spring,3423,14,15
6/6/2022,Wind,157,Monday,June,Summer,2710,1,2
12/11/2021,Wind,345,Saturday,December,Winter,10034,0,1
10/12/2021,Wind,285,Tuesday,October,Fall,2616,8,9
4/8/2025,Solar,98,Tuesday,April,Spring,9010,11,12
7/30/2025,Solar,211,Wednesday,July,Summer,7443,11,12
12/19/2020,Wind,354,Saturday,December,Winter,11340,8,9
7/6/2023,Solar,187,Thursday,July,Summer,7124,13,14
6/13/2021,Solar,164,Sunday,June,Summer,4905,15,16
7/11/2020,Solar,193,Saturday,July,Summer,4169,10,11
9/4/2020,Solar,248,Friday,September,Fall,2508,18,19
8/18/2020,Wind,231,Tuesday,August,Summer,697,21,22
6/23/2024,Solar,175,Sunday,June,Summer,3387,19,20
12/18/2020,Wind,353,Friday,December,Winter,5793,5,6
10/4/2025,Wind,277,Saturday,October,Fall,17093,6,7
3/12/2024,Wind,72,Tuesday,March,Spring,8894,22,23
10/21/2024,Wind,295,Monday,October,Fall,5133,9,10
3/11/2025,Wind,70,Tuesday,March,Spring,4647,22,23
8/6/2021,Wind,218,Friday,August,Summer,12722,13,14
1/25/2025,Wind,25,Saturday,January,Winter,5523,15,16
3/12/2020,Wind,72,Thursday,March,Spring,10434,3,4
12/28/2021,Wind,362,Tuesday,December,Winter,12227,1,2
6/8/2023,Wind,159,Thursday,June,Summer,4772,7,8
10/3/2024,Wind,277,Thursday,October,Fall,11198,11,12
1/18/2023,Wind,18,Wednesday,January,Winter,5226,19,20
6/6/2022,Wind,157,Monday,June,Summer,1864,4,5
12/8/2021,Wind,342,Wednesday,December,Winter,5364,18,19
3/15/2020,Wind,75,Sunday,March,Spring,3727,1,2
3/18/2022,Wind,77,Friday,March,Spring,14015,12,13
3/11/2022,Wind,70,Friday,March,Spring,10416,20,21
2/6/2025,Wind,37,Thursday,February,Winter,12071,16,17
4/23/2022,Wind,113,Saturday,April,Spring,5823,0,1
2/13/2023,Solar,44,Monday,February,Winter,6344,14,15
12/26/2023,Wind,360,Tuesday,December,Winter,2721,20,21
8/24/2020,Wind,237,Monday,August,Summer,2460,0,1
10/29/2020,Wind,303,Thursday,October,Fall,8549,13,14
5/24/2022,Wind,144,Tuesday,May,Spring,1737,23,0
10/21/2024,Wind,295,Monday,October,Fall,4204,8,9
4/16/2022,Wind,106,Saturday,April,Spring,8184,18,19
5/16/2022,Solar,136,Monday,May,Spring,1701,19,20
5/19/2024,Wind,140,Sunday,May,Spring,1146,23,0
10/9/2022,Solar,282,Sunday,October,Fall,3480,17,18
5/19/2022,Wind,139,Thursday,May,Spring,7130,10,11
7/1/2022,Wind,182,Friday,July,Summer,2336,7,8
5/9/2023,Wind,129,Tuesday,May,Spring,4052,8,9
2/3/2022,Wind,34,Thursday,February,Winter,2472,16,17
6/6/2021,Solar,157,Sunday,June,Summer,5111,14,15
9/20/2021,Wind,263,Monday,September,Fall,1552,4,5
5/8/2024,Wind,129,Wednesday,May,Spring,4590,19,20
5/31/2020,Wind,152,Sunday,May,Spring,6587,17,18
3/27/2022,Wind,86,Sunday,March,Spring,2412,22,23
9/12/2022,Wind,255,Monday,September,Fall,2581,18,19
8/18/2024,Solar,231,Sunday,August,Summer,8765,11,12
5/4/2020,Solar,125,Monday,May,Spring,5337,15,16
10/23/2024,Wind,297,Wednesday,October,Fall,1709,6,7
2/10/2022,Wind,41,Thursday,February,Winter,5360,6,7
4/8/2020,Solar,99,Wednesday,April,Spring,2595,17,18
9/2/2022,Wind,245,Friday,September,Fall,2750,1,2
5/22/2022,Wind,142,Sunday,May,Spring,2963,2,3
1/28/2022,Wind,28,Friday,January,Winter,1216,8,9
7/12/2021,Wind,193,Monday,July,Summer,2454,5,6
11/5/2023,Wind,309,Sunday,November,Fall,14785,1,2
2/12/2024,Wind,43,Monday,February,Winter,2207,7,8
6/9/2024,Wind,161,Sunday,June,Summer,3499,4,5
5/3/2023,Wind,123,Wednesday,May,Spring,8694,18,19
2/22/2025,Wind,53,Saturday,February,Winter,10315,9,10
11/23/2024,Wind,328,Saturday,November,Fall,9018,3,4
4/20/2024,Wind,111,Saturday,April,Spring,6161,23,0
1/14/2022,Solar,14,Friday,January,Winter,2655,10,11
12/22/2024,Wind,357,Sunday,December,Winter,18534,14,15
1/1/2023,Wind,1,Sunday,January,Winter,9041,16,17
7/31/2023,Wind,212,Monday,July,Summer,8004,6,7
6/19/2021,Solar,170,Saturday,June,Summer,4434,15,16
6/15/2025,Wind,166,Sunday,June,Summer,2381,7,8
7/13/2023,Solar,194,Thursday,July,Summer,8460,11,12
11/20/2022,Wind,324,Sunday,November,Fall,11679,14,15
7/29/2023,Wind,210,Saturday,July,Summer,11633,16,17
6/26/2024,Solar,178,Wednesday,June,Summer,5746,17,18
5/27/2025,Wind,147,Tuesday,May,Spring,6782,2,3
5/17/2023,Solar,137,Wednesday,May,Spring,12591,11,12
11/5/2021,Wind,309,Friday,November,Fall,3138,8,9
9/20/2024,Wind,264,Friday,September,Fall,6343,9,10
8/2/2023,Wind,214,Wednesday,August,Summer,20359,15,16
5/13/2024,Wind,134,Monday,May,Spring,6358,23,0
12/25/2024,Wind,360,Wednesday,December,Winter,1322,16,17
9/29/2020,Wind,273,Tuesday,September,Fall,1250,18,19
2/4/2021,Wind,35,Thursday,February,Winter,2756,9,10
1/26/2021,Wind,26,Tuesday,January,Winter,5374,12,13
3/2/2023,Solar,61,Thursday,March,Spring,5920,11,12
8/29/2020,Wind,242,Saturday,August,Summer,3168,0,1
8/28/2020,Wind,241,Friday,August,Summer,8716,14,15
5/10/2023,Wind,130,Wednesday,May,Spring,7126,8,9
4/24/2023,Wind,114,Monday,April,Spring,8130,17,18
4/19/2022,Wind,109,Tuesday,April,Spring,2920,2,3
4/23/2022,Wind,113,Saturday,April,Spring,8065,13,14
9/25/2025,Wind,268,Thursday,September,Fall,3175,1,2
5/17/2023,Solar,137,Wednesday,May,Spring,10667,10,11
3/17/2020,Wind,77,Tuesday,March,Spring,596,21,22
7/6/2023,Solar,187,Thursday,July,Summer,6939,12,13
4/9/2020,Solar,100,Thursday,April,Spring,2595,9,10
5/1/2023,Solar,121,Monday,May,Spring,7715,12,13
4/21/2023,Solar,111,Friday,April,Spring,4021,18,19
5/5/2023,Wind,125,Friday,May,Spring,1319,22,23
4/24/2020,Wind,115,Friday,April,Spring,1022,1,2
7/17/2023,Solar,198,Monday,July,Summer,9207,12,13
11/6/2020,Wind,311,Friday,November,Fall,6817,18,19
3/17/2020,Solar,77,Tuesday,March,Spring,1714,9,10
7/28/2020,Wind,210,Tuesday,July,Summer,3211,7,8
7/19/2022,Wind,200,Tuesday,July,Summer,5940,6,7
7/9/2020,Wind,191,Thursday,July,Summer,5677,18,19
6/24/2023,Wind,175,Saturday,June,Summer,3270,7,8
11/27/2021,Wind,331,Saturday,November,Fall,9185,10,11
2/12/2022,Solar,43,Saturday,February,Winter,7521,14,15
11/6/2021,Wind,310,Saturday,November,Fall,2796,4,5
2/14/2021,Wind,45,Sunday,February,Winter,9763,15,16
6/24/2024,Solar,176,Monday,June,Summer,5797,18,19
4/4/2020,Wind,95,Saturday,April,Spring,3591,9,10
10/23/2022,Wind,296,Sunday,October,Fall,6954,0,1
12/10/2023,Wind,344,Sunday,December,Winter,15601,20,21
5/26/2023,Wind,146,Friday,May,Spring,7754,21,22
5/22/2025,Wind,142,Thursday,May,Spring,5574,20,21
12/27/2021,Wind,361,Monday,December,Winter,3966,1,2
6/27/2022,Wind,178,Monday,June,Summer,1238,6,7
3/24/2022,Solar,83,Thursday,March,Spring,4803,16,17
9/27/2020,Wind,271,Sunday,September,Fall,8052,18,19
5/2/2022,Wind,122,Monday,May,Spring,2029,6,7
1/5/2020,Wind,5,Sunday,January,Winter,2245,9,10
2/15/2021,Wind,46,Monday,February,Winter,9792,0,1
1/16/2024,Wind,16,Tuesday,January,Winter,2010,1,2
1/16/2025,Wind,16,Thursday,January,Winter,3827,16,17
6/20/2025,Solar,171,Friday,June,Summer,11681,14,15
5/14/2023,Wind,134,Sunday,May,Spring,3884,8,9
6/16/2025,Solar,167,Monday,June,Summer,6557,9,10
2/4/2021,Wind,35,Thursday,February,Winter,2798,17,18
10/22/2023,Wind,295,Sunday,October,Fall,8628,3,4
5/19/2024,Solar,140,Sunday,May,Spring,2455,10,11
5/17/2022,Solar,137,Tuesday,May,Spring,4347,9,10
6/4/2022,Solar,155,Saturday,June,Summer,5828,15,16
2/22/2025,Wind,53,Saturday,February,Winter,10238,5,6
12/7/2021,Wind,341,Tuesday,December,Winter,12122,14,15
9/6/2024,Solar,250,Friday,September,Fall,4893,17,18
7/12/2022,Wind,193,Tuesday,July,Summer,2572,6,7
11/15/2024,Solar,320,Friday,November,Fall,4951,14,15
3/22/2020,Wind,82,Sunday,March,Spring,10827,13,14
9/30/2023,Wind,273,Saturday,September,Fall,889,7,8
8/15/2025,Wind,227,Friday,August,Summer,4242,1,2
1/7/2023,Wind,7,Saturday,January,Winter,15880,14,15
2/28/2024,Wind,59,Wednesday,February,Winter,3703,2,3
4/15/2023,Wind,105,Saturday,April,Spring,13143,17,18
4/1/2021,Solar,91,Thursday,April,Spring,6405,15,16
9/22/2025,Wind,265,Monday,September,Fall,15222,12,13
3/29/2023,Wind,88,Wednesday,March,Spring,4865,2,3
2/7/2021,Wind,38,Sunday,February,Winter,4598,8,9
8/3/2022,Solar,215,Wednesday,August,Summer,3379,18,19
3/11/2022,Wind,70,Friday,March,Spring,12628,16,17
9/22/2021,Wind,265,Wednesday,September,Fall,1945,20,21
7/24/2024,Wind,206,Wednesday,July,Summer,1089,6,7
4/2/2025,Wind,92,Wednesday,April,Spring,15030,18,19
8/1/2024,Wind,214,Thursday,August,Summer,1649,0,1
2/15/2020,Wind,46,Saturday,February,Winter,8611,9,10
12/28/2020,Wind,363,Monday,December,Winter,9395,16,17
6/30/2023,Solar,181,Friday,June,Summer,8565,13,14
5/31/2022,Wind,151,Tuesday,May,Spring,2131,0,1
6/21/2024,Wind,173,Friday,June,Summer,1717,6,7
8/5/2021,Wind,217,Thursday,August,Summer,9475,17,18
5/13/2022,Solar,133,Friday,May,Spring,6107,16,17
12/19/2022,Wind,353,Monday,December,Winter,14450,11,12
4/21/2024,Wind,112,Sunday,April,Spring,5871,7,8
11/2/2023,Wind,306,Thursday,November,Fall,17146,0,1
11/4/2023,Wind,308,Saturday,November,Fall,18105,13,14
11/29/2020,Wind,334,Sunday,November,Fall,2659,16,17
1/4/2021,Wind,4,Monday,January,Winter,1589,7,8
12/23/2020,Wind,358,Wednesday,December,Winter,12177,22,23
12/28/2024,Wind,363,Saturday,December,Winter,638,23,0
5/28/2020,Wind,149,Thursday,May,Spring,6840,17,18
4/12/2020,Wind,103,Sunday,April,Spring,978,0,1
12/15/2020,Wind,350,Tuesday,December,Winter,4427,21,22
3/21/2022,Wind,80,Monday,March,Spring,3512,18,19
12/31/2022,Wind,365,Saturday,December,Winter,16435,19,20
5/31/2021,Solar,151,Monday,May,Spring,7096,15,16
11/13/2024,Wind,318,Wednesday,November,Fall,6882,4,5
4/9/2023,Solar,99,Sunday,April,Spring,7478,12,13
2/22/2021,Wind,53,Monday,February,Winter,7591,1,2
2/25/2025,Wind,56,Tuesday,February,Winter,3644,4,5
12/19/2021,Wind,353,Sunday,December,Winter,3022,18,19
11/24/2020,Wind,329,Tuesday,November,Fall,6768,23,0
9/10/2021,Wind,253,Friday,September,Fall,1997,22,23
4/13/2021,Wind,103,Tuesday,April,Spring,1796,1,2
8/4/2022,Wind,216,Thursday,August,Summer,1586,0,1
5/4/2025,Wind,124,Sunday,May,Spring,12606,18,19
8/29/2020,Wind,242,Saturday,August,Summer,5103,14,15
7/19/2023,Wind,200,Wednesday,July,Summer,4118,8,9
12/4/2023,Wind,338,Monday,December,Winter,13158,3,4
12/4/2022,Wind,338,Sunday,December,Winter,3430,4,5
6/13/2024,Wind,165,Thursday,June,Summer,4639,20,21
5/7/2025,Wind,127,Wednesday,May,Spring,8947,1,2
8/28/2023,Wind,240,Monday,August,Summer,4554,19,20
8/5/2023,Wind,217,Saturday,August,Summer,14188,20,21
1/18/2025,Wind,18,Saturday,January,Winter,1157,3,4
5/23/2022,Wind,143,Monday,May,Spring,3636,0,1
11/30/2025,Wind,334,Sunday,November,Fall,4387,6,7
10/7/2021,Solar,280,Thursday,October,Fall,4917,16,17
3/12/2020,Wind,72,Thursday,March,Spring,9223,6,7
1/20/2021,Wind,20,Wednesday,January,Winter,14624,15,16
8/5/2024,Wind,218,Monday,August,Summer,1034,22,23
10/23/2025,Wind,296,Thursday,October,Fall,12997,3,4
10/20/2020,Wind,294,Tuesday,October,Fall,10003,6,7
5/5/2022,Solar,125,Thursday,May,Spring,5897,12,13
1/23/2020,Wind,23,Thursday,January,Winter,2779,22,23
7/7/2021,Solar,188,Wednesday,July,Summer,5429,13,14
7/25/2020,Wind,207,Saturday,July,Summer,1543,1,2
7/18/2020,Wind,200,Saturday,July,Summer,1515,1,2
9/26/2021,Wind,269,Sunday,September,Fall,2281,6,7
4/29/2024,Wind,120,Monday,April,Spring,2419,1,2
9/19/2021,Wind,262,Sunday,September,Fall,2332,22,23
8/30/2022,Wind,242,Tuesday,August,Summer,3592,4,5
9/16/2023,Solar,259,Saturday,September,Fall,8664,13,14
6/22/2022,Wind,173,Wednesday,June,Summer,3887,1,2
4/19/2020,Wind,110,Sunday,April,Spring,4931,19,20
4/9/2024,Wind,100,Tuesday,April,Spring,8756,22,23
3/11/2025,Wind,70,Tuesday,March,Spring,5580,17,18
10/1/2024,Wind,275,Tuesday,October,Fall,7164,9,10
8/16/2024,Wind,229,Friday,August,Summer,3335,19,20
9/5/2024,Wind,249,Thursday,September,Fall,3657,1,2
9/29/2025,Solar,272,Monday,September,Fall,7678,11,12
5/24/2020,Wind,145,Sunday,May,Spring,3046,5,6
4/15/2023,Wind,105,Saturday,April,Spring,10771,10,11
6/7/2023,Wind,158,Wednesday,June,Summer,4685,3,4
9/2/2021,Wind,245,Thursday,September,Fall,5612,17,18
1/2/2023,Wind,2,Monday,January,Winter,4218,22,23
11/4/2021,Wind,308,Thursday,November,Fall,3606,16,17
12/6/2024,Wind,341,Friday,December,Winter,12425,11,12
12/13/2023,Wind,347,Wednesday,December,Winter,9180,4,5
11/30/2024,Solar,335,Saturday,November,Fall,4668,13,14
9/16/2025,Wind,259,Tuesday,September,Fall,9715,6,7
3/3/2023,Wind,62,Friday,March,Spring,5832,20,21
2/17/2023,Wind,48,Friday,February,Winter,7265,3,4
7/19/2024,Wind,201,Friday,July,Summer,1551,3,4
5/9/2022,Solar,129,Monday,May,Spring,4782,10,11
4/8/2022,Wind,98,Friday,April,Spring,6382,9,10
8/30/2023,Wind,242,Wednesday,August,Summer,5549,19,20
2/15/2023,Solar,46,Wednesday,February,Winter,3695,16,17
6/9/2022,Solar,160,Thursday,June,Summer,8567,16,17
2/13/2020,Wind,44,Thursday,February,Winter,11612,6,7
3/20/2023,Solar,79,Monday,March,Spring,5436,16,17
11/15/2023,Wind,319,Wednesday,November,Fall,10772,14,15
12/12/2024,Wind,347,Thursday,December,Winter,3318,22,23
5/14/2021,Wind,134,Friday,May,Spring,3668,21,22
5/18/2024,Solar,139,Saturday,May,Spring,3617,9,10
10/24/2020,Wind,298,Saturday,October,Fall,5673,0,1
11/19/2020,Wind,324,Thursday,November,Fall,10362,11,12
5/17/2023,Wind,137,Wednesday,May,Spring,7939,0,1
8/19/2021,Solar,231,Thursday,August,Summer,5079,14,15
8/7/2024,Solar,220,Wednesday,August,Summer,3763,9,10
8/10/2022,Wind,222,Wednesday,August,Summer,5109,7,8
5/30/2020,Wind,151,Saturday,May,Spring,5257,0,1
10/14/2021,Wind,287,Thursday,October,Fall,884,19,20
10/30/2020,Wind,304,Friday,October,Fall,8074,0,1
11/30/2021,Wind,334,Tuesday,November,Fall,12923,23,0
10/18/2024,Wind,292,Friday,October,Fall,5240,3,4
11/13/2021,Wind,317,Saturday,November,Fall,5285,10,11
6/17/2023,Solar,168,Saturday,June,Summer,6725,14,15
3/26/2021,Wind,85,Friday,March,Spring,5822,9,10
7/11/2022,Solar,192,Monday,July,Summer,8839,15,16
10/6/2022,Wind,279,Thursday,October,Fall,1848,8,9
11/21/2020,Wind,326,Saturday,November,Fall,2645,18,19
6/2/2020,Wind,154,Tuesday,June,Summer,1623,20,21
12/8/2021,Wind,342,Wednesday,December,Winter,7536,8,9
6/10/2021,Wind,161,Thursday,June,Summer,1077,5,6
8/31/2021,Solar,243,Tuesday,August,Summer,8581,15,16
1/14/2022,Wind,14,Friday,January,Winter,891,8,9
4/17/2023,Solar,107,Monday,April,Spring,5631,9,10
4/28/2023,Wind,118,Friday,April,Spring,4743,4,5
2/2/2023,Wind,33,Thursday,February,Winter,7966,16,17
5/26/2024,Wind,147,Sunday,May,Spring,3079,22,23
3/17/2022,Wind,76,Thursday,March,Spring,5041,18,19
6/12/2021,Wind,163,Saturday,June,Summer,1612,5,6
8/22/2022,Wind,234,Monday,August,Summer,1343,23,0
4/13/2021,Wind,103,Tuesday,April,Spring,2747,5,6
5/25/2024,Wind,146,Saturday,May,Spring,1939,22,23
7/23/2024,Wind,205,Tuesday,July,Summer,5296,4,5
10/22/2024,Solar,296,Tuesday,October,Fall,5151,14,15
9/8/2025,Wind,251,Monday,September,Fall,3247,1,2
2/5/2024,Wind,36,Monday,February,Winter,7250,0,1
11/2/2025,Wind,306,Sunday,November,Fall,8891,0,1
5/30/2021,Wind,150,Sunday,May,Spring,3606,20,21
7/18/2021,Wind,199,Sunday,July,Summer,8491,15,16
10/4/2023,Wind,277,Wednesday,October,Fall,2909,8,9
12/16/2020,Wind,351,Wednesday,December,Winter,7854,20,21
11/18/2022,Wind,322,Friday,November,Fall,4771,15,16
8/6/2022,Wind,218,Saturday,August,Summer,7487,19,20
8/10/2022,Wind,222,Wednesday,August,Summer,5582,5,6
4/8/2024,Wind,99,Monday,April,Spring,3115,4,5
12/30/2021,Wind,364,Thursday,December,Winter,8402,14,15
11/27/2022,Wind,331,Sunday,November,Fall,6863,16,17
4/25/2024,Wind,116,Thursday,April,Spring,1051,3,4
2/7/2022,Wind,38,Monday,February,Winter,4624,21,22
5/29/2022,Wind,149,Sunday,May,Spring,4550,7,8
11/26/2021,Wind,330,Friday,November,Fall,5880,9,10
3/6/2022,Wind,65,Sunday,March,Spring,7259,20,21
4/9/2024,Wind,100,Tuesday,April,Spring,14993,18,19
7/5/2020,Wind,187,Sunday,July,Summer,9243,19,20
11/8/2020,Solar,313,Sunday,November,Fall,3198,14,15
7/3/2021,Wind,184,Saturday,July,Summer,2200,4,5
8/18/2024,Wind,231,Sunday,August,Summer,3802,21,22
2/3/2024,Wind,34,Saturday,February,Winter,7256,15,16
2/22/2020,Wind,53,Saturday,February,Winter,8212,5,6
8/24/2025,Solar,236,Sunday,August,Summer,7445,17,18
1/31/2025,Wind,31,Friday,January,Winter,4032,7,8
1/29/2022,Wind,29,Saturday,January,Winter,6295,6,7
5/16/2024,Wind,137,Thursday,May,Spring,1985,4,5
9/9/2025,Wind,252,Tuesday,September,Fall,1712,5,6
5/7/2025,Wind,127,Wednesday,May,Spring,5970,22,23
11/4/2021,Wind,308,Thursday,November,Fall,3125,5,6
8/26/2024,Solar,239,Monday,August,Summer,10162,14,15
5/24/2022,Wind,144,Tuesday,May,Spring,6008,5,6
8/21/2022,Solar,233,Sunday,August,Summer,4032,17,18
11/3/2021,Wind,307,Wednesday,November,Fall,3933,8,9
4/8/2020,Solar,99,Wednesday,April,Spring,3264,16,17
8/30/2024,Wind,243,Friday,August,Summer,4148,8,9
6/30/2022,Wind,181,Thursday,June,Summer,1528,0,1
8/27/2022,Solar,239,Saturday,August,Summer,7198,12,13
11/5/2021,Solar,309,Friday,November,Fall,4648,12,13
5/3/2022,Wind,123,Tuesday,May,Spring,4519,2,3
6/14/2020,Wind,166,Sunday,June,Summer,1888,20,21
10/9/2024,Wind,283,Wednesday,October,Fall,12523,0,1
11/24/2024,Wind,329,Sunday,November,Fall,19513,20,21
12/17/2024,Wind,352,Tuesday,December,Winter,9136,20,21
4/2/2024,Wind,93,Tuesday,April,Spring,13180,4,5
9/2/2021,Wind,245,Thursday,September,Fall,5765,5,6
12/29/2020,Wind,364,Tuesday,December,Winter,4269,8,9
3/16/2023,Wind,75,Thursday,March,Spring,10081,20,21
2/4/2024,Wind,35,Sunday,February,Winter,8459,19,20
4/20/2023,Wind,110,Thursday,April,Spring,6268,18,19
3/23/2022,Solar,82,Wednesday,March,Spring,5419,9,10
3/5/2024,Wind,65,Tuesday,March,Spring,3141,19,20
1/17/2020,Wind,17,Friday,January,Winter,9390,2,3
9/7/2023,Wind,250,Thursday,September,Fall,2893,1,2
12/23/2024,Wind,358,Monday,December,Winter,4916,22,23
6/23/2024,Solar,175,Sunday,June,Summer,4090,14,15
9/27/2021,Wind,270,Monday,September,Fall,10123,11,12
7/18/2025,Wind,199,Friday,July,Summer,1564,2,3
12/10/2022,Wind,344,Saturday,December,Winter,1533,4,5
4/19/2023,Wind,109,Wednesday,April,Spring,7115,18,19
5/30/2025,Solar,150,Friday,May,Spring,4444,15,16
11/15/2024,Solar,320,Friday,November,Fall,5039,10,11
8/22/2022,Wind,234,Monday,August,Summer,1609,3,4
6/14/2022,Solar,165,Tuesday,June,Summer,5556,16,17
1/29/2023,Wind,29,Sunday,January,Winter,4213,20,21
12/1/2022,Wind,335,Thursday,December,Winter,2895,23,0
12/5/2024,Wind,340,Thursday,December,Winter,16688,18,19
10/16/2022,Wind,289,Sunday,October,Fall,7022,20,21
8/21/2020,Wind,234,Friday,August,Summer,6690,3,4
12/22/2021,Wind,356,Wednesday,December,Winter,2824,6,7
7/21/2025,Wind,202,Monday,July,Summer,11030,6,7
1/2/2024,Wind,2,Tuesday,January,Winter,17248,5,6
4/11/2025,Wind,101,Friday,April,Spring,3644,7,8
8/2/2025,Solar,214,Saturday,August,Summer,12289,15,16
4/2/2021,Wind,92,Friday,April,Spring,11290,19,20
3/13/2023,Wind,72,Monday,March,Spring,15437,8,9
11/2/2024,Wind,307,Saturday,November,Fall,1771,2,3
5/16/2023,Wind,136,Tuesday,May,Spring,13805,11,12
9/22/2024,Wind,266,Sunday,September,Fall,4071,18,19
10/28/2021,Wind,301,Thursday,October,Fall,7333,10,11
8/31/2021,Wind,243,Tuesday,August,Summer,4199,1,2
2/6/2023,Wind,37,Monday,February,Winter,8096,1,2
10/3/2025,Wind,276,Friday,October,Fall,6874,9,10
7/8/2023,Wind,189,Saturday,July,Summer,1493,20,21
11/7/2024,Wind,312,Thursday,November,Fall,3966,15,16
8/1/2023,Wind,213,Tuesday,August,Summer,7412,20,21
12/4/2024,Wind,339,Wednesday,December,Winter,1527,4,5
3/18/2024,Wind,78,Monday,March,Spring,2921,8,9
12/30/2020,Wind,365,Wednesday,December,Winter,5298,19,20
5/20/2023,Wind,140,Saturday,May,Spring,11018,13,14
2/23/2022,Wind,54,Wednesday,February,Winter,915,6,7
6/24/2024,Wind,176,Monday,June,Summer,3013,6,7
12/9/2020,Wind,344,Wednesday,December,Winter,4120,22,23
12/2/2020,Wind,337,Wednesday,December,Winter,3538,6,7
4/18/2025,Wind,108,Friday,April,Spring,7067,20,21
4/17/2022,Wind,107,Sunday,April,Spring,5787,22,23
10/6/2020,Wind,280,Tuesday,October,Fall,11000,21,22
7/28/2024,Solar,210,Sunday,July,Summer,7133,18,19
9/14/2021,Wind,257,Tuesday,September,Fall,2764,6,7
9/3/2025,Wind,246,Wednesday,September,Fall,13678,6,7
5/5/2025,Wind,125,Monday,May,Spring,12722,17,18
9/1/2020,Solar,245,Tuesday,September,Fall,4740,14,15
6/6/2022,Wind,157,Monday,June,Summer,1806,5,6
10/4/2020,Wind,278,Sunday,October,Fall,8818,2,3
6/26/2021,Solar,177,Saturday,June,Summer,633,7,8
6/2/2023,Wind,153,Friday,June,Summer,7043,2,3
2/15/2025,Wind,46,Saturday,February,Winter,5875,4,5
1/29/2022,Wind,29,Saturday,January,Winter,9123,10,11
2/13/2025,Wind,44,Thursday,February,Winter,4432,20,21
9/19/2022,Solar,262,Monday,September,Fall,6983,11,12
6/29/2024,Wind,181,Saturday,June,Summer,4100,3,4
7/11/2025,Solar,192,Friday,July,Summer,12811,12,13
3/7/2021,Solar,66,Sunday,March,Spring,2799,14,15
3/7/2022,Wind,66,Monday,March,Spring,6613,4,5
6/17/2020,Wind,169,Wednesday,June,Summer,1500,20,21
3/14/2022,Wind,73,Monday,March,Spring,6130,2,3
5/2/2024,Wind,123,Thursday,May,Spring,5050,2,3
3/8/2025,Wind,67,Saturday,March,Spring,12431,22,23
5/5/2022,Wind,125,Thursday,May,Spring,1715,6,7
6/23/2024,Wind,175,Sunday,June,Summer,2581,0,1
2/14/2020,Wind,45,Friday,February,Winter,3683,8,9
8/2/2025,Wind,214,Saturday,August,Summer,4270,1,2
5/5/2024,Wind,126,Sunday,May,Spring,3256,1,2
4/30/2023,Wind,120,Sunday,April,Spring,4169,9,10
2/9/2025,Wind,40,Sunday,February,Winter,1709,17,18
8/11/2025,Solar,223,Monday,August,Summer,6420,18,19
3/10/2025,Wind,69,Monday,March,Spring,3471,8,9
4/3/2020,Wind,94,Friday,April,Spring,1256,19,20
2/1/2022,Wind,32,Tuesday,February,Winter,14323,14,15
4/9/2024,Wind,100,Tuesday,April,Spring,9329,21,22
5/2/2022,Wind,122,Monday,May,Spring,3754,19,20
10/8/2022,Wind,281,Saturday,October,Fall,3051,0,1
11/11/2022,Wind,315,Friday,November,Fall,3328,6,7
10/5/2022,Wind,278,Wednesday,October,Fall,11975,11,12
5/26/2025,Solar,146,Monday,May,Spring,6702,14,15
2/16/2023,Wind,47,Thursday,February,Winter,3973,4,5
12/14/2022,Wind,348,Wednesday,December,Winter,2542,15,16
2/14/2020,Wind,45,Friday,February,Winter,5860,12,13
3/13/2020,Wind,73,Friday,March,Spring,6097,7,8
12/7/2021,Wind,341,Tuesday,December,Winter,5489,8,9
9/23/2021,Wind,266,Thursday,September,Fall,1224,19,20
9/5/2024,Wind,249,Thursday,September,Fall,5710,6,7
11/16/2022,Wind,320,Wednesday,November,Fall,15448,22,23
3/12/2022,Wind,71,Saturday,March,Spring,6239,6,7
2/19/2024,Wind,50,Monday,February,Winter,7758,17,18
3/8/2022,Wind,67,Tuesday,March,Spring,7990,10,11
9/7/2020,Solar,251,Monday,September,Fall,3027,9,10
9/6/2020,Solar,250,Sunday,September,Fall,4473,15,16
1/21/2022,Wind,21,Friday,January,Winter,4551,8,9
9/16/2021,Solar,259,Thursday,September,Fall,1635,10,11
4/6/2024,Wind,97,Saturday,April,Spring,8976,18,19
11/12/2024,Wind,317,Tuesday,November,Fall,8188,1,2
10/19/2025,Wind,292,Sunday,October,Fall,6818,2,3
5/13/2023,Wind,133,Saturday,May,Spring,5777,22,23
12/8/2022,Wind,342,Thursday,December,Winter,2632,21,22
3/22/2022,Solar,81,Tuesday,March,Spring,8531,11,12
12/25/2023,Wind,359,Monday,December,Winter,12985,15,16
2/6/2025,Wind,37,Thursday,February,Winter,12160,20,21
2/7/2022,Wind,38,Monday,February,Winter,13497,2,3
1/18/2023,Wind,18,Wednesday,January,Winter,5234,16,17
1/26/2025,Wind,26,Sunday,January,Winter,10365,1,2
5/4/2024,Wind,125,Saturday,May,Spring,3298,23,0
6/4/2024,Wind,156,Tuesday,June,Summer,4473,23,0
1/18/2021,Wind,18,Monday,January,Winter,2915,8,9
11/22/2021,Wind,326,Monday,November,Fall,11582,15,16
2/28/2024,Wind,59,Wednesday,February,Winter,2370,6,7
11/12/2020,Wind,317,Thursday,November,Fall,5105,9,10
8/24/2022,Solar,236,Wednesday,August,Summer,6402,12,13
11/8/2021,Solar,312,Monday,November,Fall,4153,14,15
1/14/2022,Wind,14,Friday,January,Winter,1127,5,6
6/3/2025,Wind,154,Tuesday,June,Summer,6959,13,14
1/1/2020,Wind,1,Wednesday,January,Winter,1323,15,16
5/19/2023,Wind,139,Friday,May,Spring,5256,5,6
7/3/2022,Wind,184,Sunday,July,Summer,2890,20,21
6/16/2020,Wind,168,Tuesday,June,Summer,1468,23,0
2/19/2024,Wind,50,Monday,February,Winter,10225,12,13
1/9/2020,Wind,9,Thursday,January,Winter,10944,21,22
6/12/2022,Wind,163,Sunday,June,Summer,5222,18,19
4/11/2020,Wind,102,Saturday,April,Spring,725,20,21
9/6/2022,Wind,249,Tuesday,September,Fall,3166,4,5
6/8/2020,Wind,160,Monday,June,Summer,1496,1,2
12/13/2022,Wind,347,Tuesday,December,Winter,6816,3,4
10/7/2024,Wind,281,Monday,October,Fall,7138,15,16
8/13/2024,Wind,226,Tuesday,August,Summer,1600,0,1
5/26/2024,Wind,147,Sunday,May,Spring,5565,8,9
8/19/2024,Solar,232,Monday,August,Summer,9088,15,16
11/4/2023,Wind,308,Saturday,November,Fall,15770,18,19
4/14/2021,Solar,104,Wednesday,April,Spring,5528,10,11
11/2/2023,Wind,306,Thursday,November,Fall,15300,7,8
7/31/2023,Wind,212,Monday,July,Summer,10752,22,23
8/1/2022,Solar,213,Monday,August,Summer,3859,18,19
2/13/2025,Wind,44,Thursday,February,Winter,1112,1,2
11/6/2021,Wind,310,Saturday,November,Fall,2797,7,8
10/11/2025,Wind,284,Saturday,October,Fall,5515,9,10
11/28/2020,Wind,333,Saturday,November,Fall,3659,4,5
9/17/2025,Wind,260,Wednesday,September,Fall,3567,19,20
2/1/2024,Wind,32,Thursday,February,Winter,1902,22,23
8/9/2025,Wind,221,Saturday,August,Summer,1061,5,6
10/22/2021,Wind,295,Friday,October,Fall,2376,22,23
12/16/2022,Wind,350,Friday,December,Winter,6144,2,3
2/22/2022,Wind,53,Tuesday,February,Winter,14675,12,13
9/15/2023,Wind,258,Friday,September,Fall,4226,21,22
8/6/2021,Wind,218,Friday,August,Summer,2893,21,22
9/6/2024,Wind,250,Friday,September,Fall,1393,3,4
7/28/2025,Solar,209,Monday,July,Summer,11478,12,13
7/26/2024,Solar,208,Friday,July,Summer,6307,16,17
9/15/2021,Wind,258,Wednesday,September,Fall,2190,8,9
3/26/2025,Solar,85,Wednesday,March,Spring,7167,15,16
7/22/2025,Wind,203,Tuesday,July,Summer,1826,21,22
6/9/2020,Solar,161,Tuesday,June,Summer,4970,12,13
12/31/2022,Wind,365,Saturday,December,Winter,17264,11,12
2/15/2025,Solar,46,Saturday,February,Winter,7084,15,16
8/9/2020,Wind,222,Sunday,August,Summer,3103,18,19
10/18/2023,Wind,291,Wednesday,October,Fall,11879,23,0
3/9/2023,Wind,68,Thursday,March,Spring,15820,21,22
9/17/2023,Wind,260,Sunday,September,Fall,5366,16,17
11/18/2023,Wind,322,Saturday,November,Fall,12524,18,19
11/22/2020,Solar,327,Sunday,November,Fall,3338,13,14
12/31/2024,Wind,366,Tuesday,December,Winter,8495,16,17
11/9/2025,Solar,313,Sunday,November,Fall,7371,14,15
6/29/2021,Solar,180,Tuesday,June,Summer,5193,16,17
10/20/2025,Wind,293,Monday,October,Fall,16757,18,19
5/3/2024,Wind,124,Friday,May,Spring,2964,19,20
9/16/2025,Wind,259,Tuesday,September,Fall,3536,20,21
4/12/2025,Wind,102,Saturday,April,Spring,11549,18,19
5/24/2021,Wind,144,Monday,May,Spring,12791,18,19
3/10/2025,Solar,69,Monday,March,Spring,6063,10,11
6/20/2021,Wind,171,Sunday,June,Summer,3324,9,10
8/16/2020,Wind,229,Sunday,August,Summer,1272,7,8
8/25/2023,Wind,237,Friday,August,Summer,2460,4,5
1/22/2025,Wind,22,Wednesday,January,Winter,5102,17,18
1/6/2025,Wind,6,Monday,January,Winter,18975,9,10
5/15/2023,Solar,135,Monday,May,Spring,9340,12,13
7/12/2020,Solar,194,Sunday,July,Summer,4498,10,11
6/13/2024,Wind,165,Thursday,June,Summer,5123,21,22
7/3/2025,Solar,184,Thursday,July,Summer,9855,14,15
8/26/2024,Solar,239,Monday,August,Summer,8375,16,17
9/29/2025,Solar,272,Monday,September,Fall,8318,15,16
4/19/2020,Wind,110,Sunday,April,Spring,2105,9,10
3/4/2023,Wind,63,Saturday,March,Spring,4490,4,5
7/13/2021,Wind,194,Tuesday,July,Summer,7535,15,16
10/9/2025,Solar,282,Thursday,October,Fall,5069,11,12
9/6/2021,Solar,249,Monday,September,Fall,3616,10,11
10/3/2025,Wind,276,Friday,October,Fall,10465,18,19
4/24/2024,Wind,115,Wednesday,April,Spring,10914,16,17
7/3/2023,Wind,184,Monday,July,Summer,6964,9,10
4/9/2020,Wind,100,Thursday,April,Spring,894,1,2
8/8/2020,Wind,221,Saturday,August,Summer,1875,1,2
9/26/2021,Solar,269,Sunday,September,Fall,5531,15,16
12/25/2023,Wind,359,Monday,December,Winter,15160,11,12
4/2/2022,Wind,92,Saturday,April,Spring,4539,22,23
12/14/2023,Wind,348,Thursday,December,Winter,7047,5,6
1/23/2020,Wind,23,Thursday,January,Winter,3347,16,17
10/15/2023,Solar,288,Sunday,October,Fall,6957,15,16
5/31/2020,Wind,152,Sunday,May,Spring,4859,6,7
3/29/2025,Wind,88,Saturday,March,Spring,5649,21,22
10/8/2020,Wind,282,Thursday,October,Fall,4432,22,23
2/17/2021,Wind,48,Wednesday,February,Winter,8531,2,3
5/11/2020,Wind,132,Monday,May,Spring,10139,5,6
9/5/2022,Wind,248,Monday,September,Fall,2789,7,8
7/7/2021,Wind,188,Wednesday,July,Summer,4006,3,4
10/12/2024,Wind,286,Saturday,October,Fall,6023,6,7
6/20/2022,Wind,171,Monday,June,Summer,3009,4,5
10/26/2024,Wind,300,Saturday,October,Fall,2152,7,8
5/18/2020,Wind,139,Monday,May,Spring,2064,3,4
8/2/2022,Wind,214,Tuesday,August,Summer,1397,0,1
1/14/2022,Wind,14,Friday,January,Winter,1410,2,3
7/25/2024,Solar,207,Thursday,July,Summer,8796,16,17
5/26/2023,Solar,146,Friday,May,Spring,10688,11,12
8/22/2024,Solar,235,Thursday,August,Summer,10231,10,11
3/22/2024,Wind,82,Friday,March,Spring,2130,5,6
10/26/2021,Wind,299,Tuesday,October,Fall,5120,16,17
7/19/2025,Wind,200,Saturday,July,Summer,14450,13,14
7/28/2024,Wind,210,Sunday,July,Summer,2348,6,7
2/1/2024,Wind,32,Thursday,February,Winter,3444,15,16
12/26/2022,Wind,360,Monday,December,Winter,10092,13,14
7/30/2024,Solar,212,Tuesday,July,Summer,4665,17,18
8/18/2022,Wind,230,Thursday,August,Summer,1182,2,3
4/16/2025,Solar,106,Wednesday,April,Spring,6246,17,18
11/15/2020,Wind,320,Sunday,November,Fall,12149,21,22
2/26/2025,Wind,57,Wednesday,February,Winter,9755,9,10
2/20/2022,Wind,51,Sunday,February,Winter,12571,7,8
2/20/2025,Wind,51,Thursday,February,Winter,9967,9,10
2/27/2022,Wind,58,Sunday,February,Winter,9685,3,4
12/31/2021,Wind,365,Friday,December,Winter,3904,18,19
7/28/2022,Solar,209,Thursday,July,Summer,5588,12,13
4/28/2021,Wind,118,Wednesday,April,Spring,1371,2,3
12/23/2021,Wind,357,Thursday,December,Winter,6602,5,6
3/14/2024,Wind,74,Thursday,March,Spring,10690,23,0
7/14/2023,Solar,195,Friday,July,Summer,6490,9,10
10/18/2025,Wind,291,Saturday,October,Fall,5140,4,5
4/7/2021,Wind,97,Wednesday,April,Spring,4251,3,4
1/14/2024,Solar,14,Sunday,January,Winter,3639,13,14
4/18/2022,Wind,108,Monday,April,Spring,4344,3,4
6/1/2024,Wind,153,Saturday,June,Summer,8993,9,10
4/24/2020,Solar,115,Friday,April,Spring,3799,15,16
3/13/2022,Wind,72,Sunday,March,Spring,5913,18,19
2/23/2025,Wind,54,Sunday,February,Winter,11643,12,13
11/6/2021,Solar,310,Saturday,November,Fall,5852,12,13
4/4/2025,Wind,94,Friday,April,Spring,6218,15,16
2/10/2022,Solar,41,Thursday,February,Winter,6325,13,14
8/15/2021,Wind,227,Sunday,August,Summer,1057,2,3
6/22/2023,Wind,173,Thursday,June,Summer,9306,14,15
2/23/2020,Wind,54,Sunday,February,Winter,13480,10,11
3/10/2022,Wind,69,Thursday,March,Spring,7481,22,23
8/14/2021,Wind,226,Saturday,August,Summer,1478,0,1
6/5/2020,Wind,157,Friday,June,Summer,3542,3,4
5/22/2020,Wind,143,Friday,May,Spring,2177,21,22
8/26/2025,Wind,238,Tuesday,August,Summer,3405,20,21
7/5/2022,Wind,186,Tuesday,July,Summer,2105,7,8
3/30/2024,Solar,90,Saturday,March,Spring,7615,13,14
1/4/2022,Wind,4,Tuesday,January,Winter,5975,11,12
8/19/2025,Solar,231,Tuesday,August,Summer,4540,10,11
8/12/2023,Wind,224,Saturday,August,Summer,1596,3,4
3/23/2024,Wind,83,Saturday,March,Spring,17377,10,11
7/7/2025,Wind,188,Monday,July,Summer,4873,23,0
1/20/2023,Wind,20,Friday,January,Winter,4641,10,11
3/2/2024,Wind,62,Saturday,March,Spring,6629,16,17
1/5/2022,Wind,5,Wednesday,January,Winter,7511,14,15
9/12/2025,Wind,255,Friday,September,Fall,15434,13,14
2/8/2025,Wind,39,Saturday,February,Winter,3104,18,19
4/11/2020,Wind,102,Saturday,April,Spring,1900,7,8
1/23/2020,Wind,23,Thursday,January,Winter,3556,18,19
9/30/2025,Wind,273,Tuesday,September,Fall,2872,8,9
5/1/2020,Wind,122,Friday,May,Spring,6712,22,23
8/10/2021,Solar,222,Tuesday,August,Summer,5911,13,14
9/16/2021,Solar,259,Thursday,September,Fall,1495,18,19
10/27/2023,Wind,300,Friday,October,Fall,12650,12,13
11/11/2025,Wind,315,Tuesday,November,Fall,7897,3,4
3/24/2020,Wind,84,Tuesday,March,Spring,5774,7,8
10/20/2023,Wind,293,Friday,October,Fall,6907,17,18
10/29/2025,Wind,302,Wednesday,October,Fall,8506,15,16
11/21/2023,Wind,325,Tuesday,November,Fall,6703,16,17
3/26/2024,Wind,86,Tuesday,March,Spring,8261,20,21
6/30/2022,Wind,181,Thursday,June,Summer,2522,20,21
12/25/2020,Wind,360,Friday,December,Winter,6542,4,5
6/26/2021,Solar,177,Saturday,June,Summer,4697,15,16
8/4/2020,Wind,217,Tuesday,August,Summer,3666,0,1
8/22/2022,Wind,234,Monday,August,Summer,1927,2,3
4/17/2022,Solar,107,Sunday,April,Spring,7694,16,17
1/7/2021,Wind,7,Thursday,January,Winter,487,5,6
5/12/2025,Solar,132,Monday,May,Spring,5922,9,10
6/26/2024,Solar,178,Wednesday,June,Summer,4295,18,19
7/1/2025,Wind,182,Tuesday,July,Summer,778,2,3
6/9/2023,Wind,160,Friday,June,Summer,4644,5,6
8/24/2023,Wind,236,Thursday,August,Summer,9861,17,18
7/28/2025,Solar,209,Monday,July,Summer,6834,9,10
8/15/2021,Wind,227,Sunday,August,Summer,883,3,4
9/23/2024,Wind,267,Monday,September,Fall,9135,16,17
3/25/2024,Wind,85,Monday,March,Spring,10853,13,14
10/7/2025,Wind,280,Tuesday,October,Fall,1733,4,5
11/15/2020,Wind,320,Sunday,November,Fall,10998,1,2
9/14/2023,Solar,257,Thursday,September,Fall,6131,14,15
7/1/2024,Wind,183,Monday,July,Summer,1845,4,5
3/13/2022,Wind,72,Sunday,March,Spring,10835,12,13
3/4/2021,Wind,63,Thursday,March,Spring,3145,22,23
8/24/2022,Wind,236,Wednesday,August,Summer,956,5,6
6/6/2025,Wind,157,Friday,June,Summer,10880,18,19
12/30/2021,Wind,364,Thursday,December,Winter,8720,9,10
4/1/2021,Wind,91,Thursday,April,Spring,1907,2,3
8/6/2023,Wind,218,Sunday,August,Summer,5369,22,23
6/13/2025,Wind,164,Friday,June,Summer,5374,19,20
10/10/2022,Wind,283,Monday,October,Fall,2196,19,20
9/20/2025,Wind,263,Saturday,September,Fall,11616,18,19
9/8/2023,Solar,251,Friday,September,Fall,4384,17,18
12/30/2021,Wind,364,Thursday,December,Winter,5452,22,23
3/30/2024,Wind,90,Saturday,March,Spring,3497,7,8
5/8/2023,Solar,128,Monday,May,Spring,5446,17,18
4/25/2021,Wind,115,Sunday,April,Spring,10262,11,12
7/15/2022,Wind,196,Friday,July,Summer,4379,4,5
11/26/2021,Wind,330,Friday,November,Fall,2597,1,2
10/15/2025,Wind,288,Wednesday,October,Fall,5351,23,0
1/18/2025,Solar,18,Saturday,January,Winter,3129,10,11
3/16/2025,Wind,75,Sunday,March,Spring,9489,16,17
10/18/2022,Solar,291,Tuesday,October,Fall,5808,14,15
2/10/2020,Wind,41,Monday,February,Winter,10052,4,5
4/25/2020,Wind,116,Saturday,April,Spring,1788,5,6
5/18/2023,Wind,138,Thursday,May,Spring,5769,5,6
4/16/2022,Wind,106,Saturday,April,Spring,8150,23,0
3/29/2020,Wind,89,Sunday,March,Spring,13965,10,11
3/28/2025,Wind,87,Friday,March,Spring,8242,20,21
12/18/2024,Wind,353,Wednesday,December,Winter,15999,9,10
3/9/2020,Wind,69,Monday,March,Spring,6477,8,9
5/22/2023,Wind,142,Monday,May,Spring,3806,0,1
11/2/2024,Solar,307,Saturday,November,Fall,7954,13,14
3/7/2022,Wind,66,Monday,March,Spring,7417,0,1
1/25/2023,Wind,25,Wednesday,January,Winter,2111,8,9
1/15/2021,Wind,15,Friday,January,Winter,6240,9,10
5/19/2022,Wind,139,Thursday,May,Spring,3542,5,6
10/24/2020,Wind,298,Saturday,October,Fall,7495,6,7
10/28/2021,Wind,301,Thursday,October,Fall,5807,8,9
1/8/2025,Wind,8,Wednesday,January,Winter,12892,21,22
4/4/2024,Wind,95,Thursday,April,Spring,12543,0,1
12/18/2020,Wind,353,Friday,December,Winter,6733,8,9
9/25/2022,Solar,268,Sunday,September,Fall,6102,15,16
10/19/2020,Wind,293,Monday,October,Fall,1464,3,4
2/6/2024,Wind,37,Tuesday,February,Winter,14493,11,12
4/18/2023,Wind,108,Tuesday,April,Spring,6520,6,7
5/2/2023,Wind,122,Tuesday,May,Spring,7162,18,19
6/26/2025,Wind,177,Thursday,June,Summer,9995,9,10
9/18/2024,Wind,262,Wednesday,September,Fall,16325,16,17
11/22/2024,Wind,327,Friday,November,Fall,6061,1,2
3/20/2023,Wind,79,Monday,March,Spring,1521,1,2
1/13/2022,Wind,13,Thursday,January,Winter,3054,1,2
6/15/2021,Wind,166,Tuesday,June,Summer,1611,5,6
1/9/2021,Wind,9,Saturday,January,Winter,4051,9,10
2/15/2022,Wind,46,Tuesday,February,Winter,6687,0,1
3/18/2020,Solar,78,Wednesday,March,Spring,4055,12,13
8/31/2025,Wind,243,Sunday,August,Summer,8549,1,2
11/23/2023,Wind,327,Thursday,November,Fall,3718,8,9
9/12/2023,Solar,255,Tuesday,September,Fall,4437,12,13
9/10/2020,Wind,254,Thursday,September,Fall,2030,21,22
7/11/2023,Solar,192,Tuesday,July,Summer,9554,15,16
9/15/2021,Solar,258,Wednesday,September,Fall,3942,13,14
5/21/2023,Wind,141,Sunday,May,Spring,5307,9,10
4/15/2021,Solar,105,Thursday,April,Spring,6346,10,11
11/26/2024,Wind,331,Tuesday,November,Fall,4935,19,20
10/14/2025,Wind,287,Tuesday,October,Fall,5919,5,6
3/22/2021,Wind,81,Monday,March,Spring,2993,18,19
2/9/2025,Solar,40,Sunday,February,Winter,4315,10,11
7/14/2024,Solar,196,Sunday,July,Summer,2477,8,9
2/5/2021,Wind,36,Friday,February,Winter,1998,16,17
8/26/2020,Wind,239,Wednesday,August,Summer,8678,6,7
4/27/2023,Wind,117,Thursday,April,Spring,1206,4,5
3/6/2023,Wind,65,Monday,March,Spring,1228,0,1
5/12/2025,Wind,132,Monday,May,Spring,2951,1,2
2/6/2023,Wind,37,Monday,February,Winter,8670,15,16
8/4/2020,Solar,217,Tuesday,August,Summer,5625,14,15
3/1/2023,Wind,60,Wednesday,March,Spring,7713,21,22
10/1/2022,Wind,274,Saturday,October,Fall,7629,22,23
11/17/2023,Wind,321,Friday,November,Fall,7387,13,14
10/2/2023,Wind,275,Monday,October,Fall,2482,5,6
2/26/2025,Wind,57,Wednesday,February,Winter,10324,1,2
12/12/2021,Wind,346,Sunday,December,Winter,5469,0,1
9/8/2022,Wind,251,Thursday,September,Fall,5147,20,21
5/26/2020,Wind,147,Tuesday,May,Spring,6931,17,18
3/10/2021,Wind,69,Wednesday,March,Spring,13439,23,0
5/24/2024,Wind,145,Friday,May,Spring,712,4,5
6/9/2020,Solar,161,Tuesday,June,Summer,5042,13,14
9/3/2023,Wind,246,Sunday,September,Fall,4539,0,1
9/16/2020,Solar,260,Wednesday,September,Fall,3732,12,13
9/19/2024,Wind,263,Thursday,September,Fall,8994,1,2
6/7/2023,Wind,158,Wednesday,June,Summer,5602,23,0
10/14/2023,Wind,287,Saturday,October,Fall,14148,0,1
1/12/2022,Wind,12,Wednesday,January,Winter,2263,7,8
5/13/2022,Wind,133,Friday,May,Spring,1900,6,7
11/4/2021,Wind,308,Thursday,November,Fall,2836,2,3
5/2/2020,Wind,123,Saturday,May,Spring,5334,2,3
9/18/2022,Wind,261,Sunday,September,Fall,3466,0,1
6/8/2023,Solar,159,Thursday,June,Summer,8328,15,16
9/15/2022,Wind,258,Thursday,September,Fall,1546,4,5
3/17/2023,Wind,76,Friday,March,Spring,8075,1,2
1/9/2025,Wind,9,Thursday,January,Winter,13396,13,14
4/12/2024,Solar,103,Friday,April,Spring,4291,15,16
9/2/2024,Solar,246,Monday,September,Fall,5818,10,11
8/16/2020,Wind,229,Sunday,August,Summer,1867,2,3
9/30/2020,Wind,274,Wednesday,September,Fall,1223,7,8
6/20/2022,Solar,171,Monday,June,Summer,6713,17,18
6/5/2021,Wind,156,Saturday,June,Summer,2400,3,4
4/21/2022,Wind,111,Thursday,April,Spring,6557,16,17
6/22/2024,Wind,174,Saturday,June,Summer,6081,3,4
10/27/2024,Wind,301,Sunday,October,Fall,1792,5,6
5/30/2023,Wind,150,Tuesday,May,Spring,9690,21,22
5/20/2024,Wind,141,Monday,May,Spring,1434,5,6
4/3/2025,Wind,93,Thursday,April,Spring,6528,23,0
8/18/2025,Solar,230,Monday,August,Summer,8983,14,15
9/16/2022,Wind,259,Friday,September,Fall,5346,23,0
1/30/2020,Wind,30,Thursday,January,Winter,5384,0,1
4/10/2022,Solar,100,Sunday,April,Spring,5961,17,18
7/29/2024,Wind,211,Monday,July,Summer,2404,21,22
12/3/2020,Wind,338,Thursday,December,Winter,3330,1,2
7/30/2022,Wind,211,Saturday,July,Summer,936,6,7
10/20/2023,Wind,293,Friday,October,Fall,4769,3,4
8/17/2022,Solar,229,Wednesday,August,Summer,3938,17,18
7/7/2022,Wind,188,Thursday,July,Summer,3488,1,2
12/27/2024,Wind,362,Friday,December,Winter,1298,6,7
9/13/2024,Wind,257,Friday,September,Fall,4267,23,0
5/20/2020,Solar,141,Wednesday,May,Spring,5220,15,16
9/19/2020,Wind,263,Saturday,September,Fall,2449,21,22
2/19/2022,Wind,50,Saturday,February,Winter,13745,22,23
6/22/2023,Wind,173,Thursday,June,Summer,5018,10,11
12/17/2024,Wind,352,Tuesday,December,Winter,5399,16,17
3/4/2023,Wind,63,Saturday,March,Spring,4916,2,3
1/19/2022,Wind,19,Wednesday,January,Winter,1605,3,4
6/8/2023,Solar,159,Thursday,June,Summer,6235,9,10
9/10/2023,Solar,253,Sunday,September,Fall,4930,17,18
4/29/2021,Wind,119,Thursday,April,Spring,3791,11,12
11/19/2025,Wind,323,Wednesday,November,Fall,13285,16,17
11/6/2023,Wind,310,Monday,November,Fall,12593,9,10
7/18/2022,Solar,199,Monday,July,Summer,6471,11,12
9/15/2021,Wind,258,Wednesday,September,Fall,2419,2,3
5/8/2022,Wind,128,Sunday,May,Spring,4118,8,9
5/27/2022,Solar,147,Friday,May,Spring,8174,15,16
10/4/2022,Wind,277,Tuesday,October,Fall,1168,20,21
6/19/2020,Wind,171,Friday,June,Summer,2319,1,2
6/12/2022,Solar,163,Sunday,June,Summer,4684,10,11
10/8/2022,Wind,281,Saturday,October,Fall,2465,9,10
5/24/2025,Wind,144,Saturday,May,Spring,8852,19,20
9/30/2025,Wind,273,Tuesday,September,Fall,2697,20,21
7/6/2025,Wind,187,Sunday,July,Summer,8639,20,21
7/6/2020,Wind,188,Monday,July,Summer,9681,15,16
8/11/2023,Wind,223,Friday,August,Summer,1918,7,8
8/20/2025,Wind,232,Wednesday,August,Summer,8881,16,17
4/19/2021,Wind,109,Monday,April,Spring,906,22,23
5/10/2021,Wind,130,Monday,May,Spring,7041,7,8
3/7/2021,Wind,66,Sunday,March,Spring,2521,2,3
1/22/2021,Wind,22,Friday,January,Winter,3696,16,17
4/23/2021,Solar,113,Friday,April,Spring,5659,10,11
12/8/2021,Wind,342,Wednesday,December,Winter,9297,5,6
8/4/2020,Wind,217,Tuesday,August,Summer,1340,22,23
2/18/2023,Wind,49,Saturday,February,Winter,8067,23,0
12/14/2022,Wind,348,Wednesday,December,Winter,2161,21,22
7/9/2023,Wind,190,Sunday,July,Summer,2355,3,4
7/11/2024,Wind,193,Thursday,July,Summer,1053,2,3
2/24/2020,Wind,55,Monday,February,Winter,11258,10,11
2/3/2021,Wind,34,Wednesday,February,Winter,9275,2,3
12/5/2022,Wind,339,Monday,December,Winter,1854,23,0
4/23/2023,Wind,113,Sunday,April,Spring,6724,0,1
6/8/2021,Solar,159,Tuesday,June,Summer,4183,10,11
2/26/2023,Wind,57,Sunday,February,Winter,20500,10,11
3/2/2024,Wind,62,Saturday,March,Spring,12926,10,11
5/18/2024,Wind,139,Saturday,May,Spring,713,1,2
8/30/2020,Wind,243,Sunday,August,Summer,5251,11,12
9/29/2021,Wind,272,Wednesday,September,Fall,11739,14,15
8/3/2021,Wind,215,Tuesday,August,Summer,930,0,1
1/11/2023,Wind,11,Wednesday,January,Winter,14468,1,2
2/21/2024,Wind,52,Wednesday,February,Winter,15550,15,16
3/16/2020,Wind,76,Monday,March,Spring,3309,6,7
11/10/2020,Wind,315,Tuesday,November,Fall,805,21,22
11/8/2022,Wind,312,Tuesday,November,Fall,12163,1,2
11/14/2022,Wind,318,Monday,November,Fall,3659,2,3
2/15/2024,Wind,46,Thursday,February,Winter,10200,18,19
11/3/2023,Wind,307,Friday,November,Fall,12874,0,1
1/24/2025,Wind,24,Friday,January,Winter,18114,8,9
1/2/2024,Wind,2,Tuesday,January,Winter,17307,0,1
8/4/2023,Wind,216,Friday,August,Summer,3747,21,22
7/18/2020,Wind,200,Saturday,July,Summer,1750,23,0
7/21/2021,Wind,202,Wednesday,July,Summer,2191,4,5
3/31/2023,Wind,90,Friday,March,Spring,21172,15,16
1/5/2023,Wind,5,Thursday,January,Winter,7199,12,13
3/27/2022,Wind,86,Sunday,March,Spring,1675,19,20
9/24/2023,Solar,267,Sunday,September,Fall,7784,10,11
7/7/2021,Wind,188,Wednesday,July,Summer,2231,20,21
5/18/2024,Wind,139,Saturday,May,Spring,556,4,5
4/1/2022,Wind,91,Friday,April,Spring,13751,18,19
12/1/2023,Wind,335,Friday,December,Winter,2590,7,8
3/10/2024,Wind,70,Sunday,March,Spring,975,18,19
3/2/2020,Wind,62,Monday,March,Spring,8827,20,21
9/19/2025,Solar,262,Friday,September,Fall,9787,10,11
12/21/2020,Wind,356,Monday,December,Winter,6095,1,2
6/30/2023,Wind,181,Friday,June,Summer,2629,4,5
5/13/2024,Solar,134,Monday,May,Spring,6365,12,13
11/25/2024,Wind,330,Monday,November,Fall,17724,2,3
6/2/2022,Wind,153,Thursday,June,Summer,4438,23,0
3/1/2022,Solar,60,Tuesday,March,Spring,4347,10,11
9/12/2020,Solar,256,Saturday,September,Fall,2461,9,10
5/8/2021,Wind,128,Saturday,May,Spring,6309,19,20
9/25/2022,Wind,268,Sunday,September,Fall,2749,2,3
3/6/2021,Wind,65,Saturday,March,Spring,6040,9,10
1/15/2022,Wind,15,Saturday,January,Winter,1036,21,22
11/17/2023,Wind,321,Friday,November,Fall,4109,7,8
7/5/2025,Wind,186,Saturday,July,Summer,5175,20,21
6/12/2021,Solar,163,Saturday,June,Summer,4821,12,13
7/31/2022,Wind,212,Sunday,July,Summer,5209,19,20
3/20/2024,Solar,80,Wednesday,March,Spring,5622,15,16
4/23/2020,Wind,114,Thursday,April,Spring,1746,7,8
5/9/2022,Wind,129,Monday,May,Spring,514,20,21
3/6/2024,Solar,66,Wednesday,March,Spring,5162,10,11
2/26/2021,Wind,57,Friday,February,Winter,2352,5,6
11/20/2025,Wind,324,Thursday,November,Fall,7116,5,6
5/9/2020,Wind,130,Saturday,May,Spring,1685,5,6
8/21/2025,Wind,233,Thursday,August,Summer,3653,1,2
6/11/2025,Wind,162,Wednesday,June,Summer,5029,20,21
8/27/2022,Solar,239,Saturday,August,Summer,6767,11,12
9/10/2023,Solar,253,Sunday,September,Fall,8323,12,13
4/20/2023,Wind,110,Thursday,April,Spring,8926,0,1
3/24/2021,Wind,83,Wednesday,March,Spring,1493,4,5
11/19/2022,Solar,323,Saturday,November,Fall,5271,12,13
12/5/2024,Wind,340,Thursday,December,Winter,16407,10,11
4/22/2025,Wind,112,Tuesday,April,Spring,2038,3,4
9/14/2021,Wind,257,Tuesday,September,Fall,1986,19,20
11/23/2020,Wind,328,Monday,November,Fall,245,3,4
2/3/2023,Wind,34,Friday,February,Winter,7659,16,17
11/2/2023,Wind,306,Thursday,November,Fall,15164,4,5
5/29/2025,Solar,149,Thursday,May,Spring,5853,14,15
1/12/2020,Wind,12,Sunday,January,Winter,9137,12,13
8/28/2021,Wind,240,Saturday,August,Summer,4826,20,21
12/11/2023,Wind,345,Monday,December,Winter,13562,0,1
8/20/2021,Wind,232,Friday,August,Summer,525,20,21
2/14/2024,Wind,45,Wednesday,February,Winter,10647,9,10
11/9/2022,Wind,313,Wednesday,November,Fall,4408,17,18
10/13/2020,Wind,287,Tuesday,October,Fall,4332,9,10
9/25/2023,Wind,268,Monday,September,Fall,525,21,22
10/8/2024,Wind,282,Tuesday,October,Fall,10208,7,8
8/16/2021,Wind,228,Monday,August,Summer,4074,2,3
4/25/2022,Wind,115,Monday,April,Spring,4334,9,10
6/5/2025,Wind,156,Thursday,June,Summer,12352,22,23
5/30/2023,Solar,150,Tuesday,May,Spring,13676,12,13
8/22/2020,Wind,235,Saturday,August,Summer,4955,3,4
12/9/2021,Wind,343,Thursday,December,Winter,5379,16,17
1/25/2020,Solar,25,Saturday,January,Winter,2654,12,13
5/16/2023,Wind,136,Tuesday,May,Spring,7661,1,2
10/28/2023,Wind,301,Saturday,October,Fall,16187,11,12
6/19/2021,Wind,170,Saturday,June,Summer,3276,0,1
2/14/2023,Solar,45,Tuesday,February,Winter,5164,15,16
3/21/2022,Solar,80,Monday,March,Spring,6419,10,11
9/22/2023,Wind,265,Friday,September,Fall,5871,21,22
10/17/2021,Wind,290,Sunday,October,Fall,1752,1,2
7/29/2024,Wind,211,Monday,July,Summer,5316,4,5
2/9/2024,Wind,40,Friday,February,Winter,16307,4,5
3/17/2022,Wind,76,Thursday,March,Spring,5469,13,14
4/2/2022,Wind,92,Saturday,April,Spring,7493,19,20
9/25/2022,Wind,268,Sunday,September,Fall,2772,7,8
9/26/2025,Solar,269,Friday,September,Fall,1324,18,19
10/28/2024,Wind,302,Monday,October,Fall,477,0,1
1/21/2023,Wind,21,Saturday,January,Winter,7168,4,5
10/23/2024,Wind,297,Wednesday,October,Fall,2844,18,19
6/27/2020,Wind,179,Saturday,June,Summer,4430,22,23
7/29/2020,Wind,211,Wednesday,July,Summer,708,20,21
7/9/2022,Solar,190,Saturday,July,Summer,4215,9,10
12/31/2021,Wind,365,Friday,December,Winter,5884,4,5
3/1/2025,Wind,60,Saturday,March,Spring,12156,10,11
2/16/2021,Wind,47,Tuesday,February,Winter,9342,23,0
1/13/2022,Wind,13,Thursday,January,Winter,2614,7,8
2/14/2024,Wind,45,Wednesday,February,Winter,7478,20,21
11/9/2024,Wind,314,Saturday,November,Fall,1560,2,3
3/2/2020,Wind,62,Monday,March,Spring,8017,2,3
6/18/2020,Wind,170,Thursday,June,Summer,3276,19,20
9/8/2021,Wind,251,Wednesday,September,Fall,3479,18,19
4/16/2022,Wind,106,Saturday,April,Spring,5476,8,9
1/26/2024,Wind,26,Friday,January,Winter,3375,18,19
9/5/2020,Solar,249,Saturday,September,Fall,5374,15,16
11/28/2021,Wind,332,Sunday,November,Fall,9221,6,7
12/13/2021,Solar,347,Monday,December,Winter,3477,12,13
4/7/2024,Wind,98,Sunday,April,Spring,6864,19,20
10/23/2023,Wind,296,Monday,October,Fall,7522,7,8
10/26/2021,Wind,299,Tuesday,October,Fall,3013,19,20
4/25/2020,Solar,116,Saturday,April,Spring,3420,10,11
12/10/2022,Wind,344,Saturday,December,Winter,1455,7,8
9/7/2022,Wind,250,Wednesday,September,Fall,3796,21,22
9/10/2022,Wind,253,Saturday,September,Fall,1212,23,0
1/31/2023,Wind,31,Tuesday,January,Winter,4810,9,10
5/24/2025,Wind,144,Saturday,May,Spring,6806,22,23
10/18/2022,Solar,291,Tuesday,October,Fall,5685,12,13
11/8/2023,Wind,312,Wednesday,November,Fall,18274,13,14
11/18/2020,Wind,323,Wednesday,November,Fall,6191,17,18
12/7/2020,Wind,342,Monday,December,Winter,1923,10,11
3/30/2024,Wind,90,Saturday,March,Spring,6296,17,18
5/13/2023,Wind,133,Saturday,May,Spring,6102,9,10
12/19/2022,Wind,353,Monday,December,Winter,13925,15,16
5/27/2022,Solar,147,Friday,May,Spring,6760,12,13
4/18/2022,Solar,108,Monday,April,Spring,5569,13,14
2/7/2023,Wind,38,Tuesday,February,Winter,8388,4,5
6/13/2022,Wind,164,Monday,June,Summer,3562,4,5
5/20/2022,Wind,140,Friday,May,Spring,5745,9,10
8/31/2025,Wind,243,Sunday,August,Summer,4739,8,9
7/16/2024,Wind,198,Tuesday,July,Summer,9494,8,9
6/22/2025,Wind,173,Sunday,June,Summer,2524,22,23
12/6/2023,Wind,340,Wednesday,December,Winter,2268,21,22
8/29/2025,Wind,241,Friday,August,Summer,16980,12,13
5/24/2022,Wind,144,Tuesday,May,Spring,4509,18,19
9/10/2023,Wind,253,Sunday,September,Fall,2891,23,0
4/14/2025,Solar,104,Monday,April,Spring,8284,15,16
2/14/2025,Solar,45,Friday,February,Winter,9622,12,13
5/24/2025,Wind,144,Saturday,May,Spring,2417,1,2
7/19/2022,Solar,200,Tuesday,July,Summer,6985,10,11
11/30/2023,Wind,334,Thursday,November,Fall,1459,23,0
2/3/2025,Wind,34,Monday,February,Winter,1663,0,1
7/2/2020,Wind,184,Thursday,July,Summer,6989,17,18
3/29/2025,Wind,88,Saturday,March,Spring,12588,15,16
10/20/2025,Wind,293,Monday,October,Fall,17019,21,22
7/11/2020,Wind,193,Saturday,July,Summer,2387,8,9
8/13/2021,Solar,225,Friday,August,Summer,3071,10,11
5/13/2025,Wind,133,Tuesday,May,Spring,3028,19,20
5/28/2022,Wind,148,Saturday,May,Spring,3736,7,8
5/25/2024,Solar,146,Saturday,May,Spring,2497,19,20
3/1/2024,Wind,61,Friday,March,Spring,15488,16,17
2/1/2025,Solar,32,Saturday,February,Winter,6265,12,13
1/29/2020,Wind,29,Wednesday,January,Winter,8656,11,12
6/24/2025,Wind,175,Tuesday,June,Summer,2381,6,7
7/25/2024,Wind,207,Thursday,July,Summer,3757,19,20
12/12/2021,Wind,346,Sunday,December,Winter,3406,15,16
7/30/2023,Wind,211,Sunday,July,Summer,10162,10,11
8/10/2021,Solar,222,Tuesday,August,Summer,5674,12,13
4/19/2023,Wind,109,Wednesday,April,Spring,6801,6,7
9/12/2025,Wind,255,Friday,September,Fall,6028,21,22
3/14/2023,Wind,73,Tuesday,March,Spring,20075,13,14
8/19/2022,Solar,231,Friday,August,Summer,8025,13,14
8/28/2021,Wind,240,Saturday,August,Summer,9387,16,17
3/3/2022,Solar,62,Thursday,March,Spring,4140,12,13
2/19/2020,Wind,50,Wednesday,February,Winter,8496,12,13
3/9/2022,Wind,68,Wednesday,March,Spring,6290,22,23
8/25/2023,Wind,237,Friday,August,Summer,7231,10,11
8/26/2023,Wind,238,Saturday,August,Summer,3633,18,19
1/5/2025,Wind,5,Sunday,January,Winter,11792,2,3
6/15/2023,Solar,166,Thursday,June,Summer,6607,17,18
6/22/2022,Solar,173,Wednesday,June,Summer,4827,10,11
7/28/2021,Wind,209,Wednesday,July,Summer,8959,12,13
8/9/2022,Wind,221,Tuesday,August,Summer,6809,2,3
9/19/2021,Wind,262,Sunday,September,Fall,3579,0,1
6/5/2022,Wind,156,Sunday,June,Summer,3284,22,23
5/17/2021,Wind,137,Monday,May,Spring,10855,1,2
1/6/2024,Wind,6,Saturday,January,Winter,7362,22,23
6/22/2025,Wind,173,Sunday,June,Summer,4620,8,9
5/24/2021,Wind,144,Monday,May,Spring,13322,15,16
12/16/2021,Wind,350,Thursday,December,Winter,1969,4,5
9/9/2021,Wind,252,Thursday,September,Fall,5286,14,15
11/28/2020,Wind,333,Saturday,November,Fall,4754,23,0
6/5/2020,Wind,157,Friday,June,Summer,14071,15,16
11/15/2024,Wind,320,Friday,November,Fall,1821,16,17
9/13/2024,Solar,257,Friday,September,Fall,10679,16,17
7/19/2022,Wind,200,Tuesday,July,Summer,8845,17,18
6/17/2021,Wind,168,Thursday,June,Summer,4974,2,3
2/22/2022,Wind,53,Tuesday,February,Winter,8837,21,22
1/17/2024,Wind,17,Wednesday,January,Winter,7330,20,21
4/8/2022,Wind,98,Friday,April,Spring,7881,2,3
10/30/2022,Wind,303,Sunday,October,Fall,1624,18,19
7/9/2023,Solar,190,Sunday,July,Summer,4410,9,10
6/2/2020,Solar,154,Tuesday,June,Summer,3384,11,12
7/21/2025,Wind,202,Monday,July,Summer,10394,4,5
10/18/2024,Wind,292,Friday,October,Fall,2532,18,19
9/2/2022,Wind,245,Friday,September,Fall,1024,22,23
5/27/2023,Solar,147,Saturday,May,Spring,5976,14,15
3/15/2020,Wind,75,Sunday,March,Spring,5982,8,9
10/23/2024,Wind,297,Wednesday,October,Fall,3405,9,10
12/25/2020,Wind,360,Friday,December,Winter,6570,9,10
3/12/2025,Wind,71,Wednesday,March,Spring,2248,21,22
3/3/2023,Wind,62,Friday,March,Spring,5856,21,22
10/10/2022,Wind,283,Monday,October,Fall,2564,22,23
6/24/2020,Wind,176,Wednesday,June,Summer,3766,8,9
10/26/2020,Wind,300,Monday,October,Fall,5700,2,3
1/10/2022,Wind,10,Monday,January,Winter,2603,21,22
9/3/2024,Wind,247,Tuesday,September,Fall,513,2,3
2/3/2021,Wind,34,Wednesday,February,Winter,9834,7,8
10/5/2020,Wind,279,Monday,October,Fall,9314,6,7
8/18/2021,Wind,230,Wednesday,August,Summer,3918,18,19
7/8/2021,Wind,189,Thursday,July,Summer,1458,3,4
8/20/2022,Solar,232,Saturday,August,Summer,6090,12,13
2/24/2023,Solar,55,Friday,February,Winter,6198,13,14
7/5/2025,Solar,186,Saturday,July,Summer,6839,9,10
1/21/2024,Wind,21,Sunday,January,Winter,11855,2,3
2/27/2021,Wind,58,Saturday,February,Winter,8380,23,0
10/13/2024,Wind,287,Sunday,October,Fall,2418,5,6
6/20/2022,Wind,171,Monday,June,Summer,4084,3,4
12/3/2023,Wind,337,Sunday,December,Winter,6861,5,6
8/4/2021,Solar,216,Wednesday,August,Summer,3337,14,15
7/7/2020,Solar,189,Tuesday,July,Summer,3236,9,10
10/10/2023,Solar,283,Tuesday,October,Fall,6674,15,16
2/11/2020,Wind,42,Tuesday,February,Winter,12337,2,3
7/2/2021,Solar,183,Friday,July,Summer,4836,13,14
8/27/2024,Wind,240,Tuesday,August,Summer,2350,0,1
7/18/2022,Wind,199,Monday,July,Summer,3281,19,20
10/8/2025,Wind,281,Wednesday,October,Fall,2375,18,19
12/6/2023,Wind,340,Wednesday,December,Winter,3323,1,2
9/30/2024,Wind,274,Monday,September,Fall,15849,9,10
5/5/2022,Wind,125,Thursday,May,Spring,2097,1,2
4/17/2020,Wind,108,Friday,April,Spring,2983,18,19
9/29/2020,Solar,273,Tuesday,September,Fall,3747,12,13
3/29/2023,Wind,88,Wednesday,March,Spring,9807,17,18
2/26/2025,Wind,57,Wednesday,February,Winter,7888,5,6
2/1/2025,Wind,32,Saturday,February,Winter,3977,23,0
4/30/2025,Wind,120,Wednesday,April,Spring,3827,6,7
4/23/2021,Wind,113,Friday,April,Spring,6116,3,4
7/11/2022,Wind,192,Monday,July,Summer,3652,22,23
6/26/2020,Wind,178,Friday,June,Summer,3199,6,7
8/2/2025,Wind,214,Saturday,August,Summer,4482,7,8
5/11/2025,Wind,131,Sunday,May,Spring,4090,17,18
11/16/2021,Wind,320,Tuesday,November,Fall,1101,18,19
4/20/2021,Wind,110,Tuesday,April,Spring,1160,19,20
3/24/2022,Solar,83,Thursday,March,Spring,6833,14,15
12/9/2020,Wind,344,Wednesday,December,Winter,2764,7,8
2/21/2020,Wind,52,Friday,February,Winter,5295,10,11
4/5/2025,Wind,95,Saturday,April,Spring,8059,21,22
9/6/2024,Wind,250,Friday,September,Fall,764,0,1
4/5/2025,Wind,95,Saturday,April,Spring,7492,4,5
7/13/2025,Wind,194,Sunday,July,Summer,4224,0,1
3/9/2024,Wind,69,Saturday,March,Spring,5774,21,22
4/7/2023,Wind,97,Friday,April,Spring,3276,19,20
8/2/2022,Solar,214,Tuesday,August,Summer,6726,12,13
6/17/2022,Solar,168,Friday,June,Summer,6767,14,15
8/14/2020,Solar,227,Friday,August,Summer,4993,14,15
12/3/2024,Wind,338,Tuesday,December,Winter,1073,20,21
10/13/2024,Wind,287,Sunday,October,Fall,2745,22,23
8/29/2023,Wind,241,Tuesday,August,Summer,2934,0,1
2/22/2023,Wind,53,Wednesday,February,Winter,3066,4,5
9/8/2021,Wind,251,Wednesday,September,Fall,5438,5,6
5/5/2022,Solar,125,Thursday,May,Spring,4537,10,11
11/4/2022,Wind,308,Friday,November,Fall,6522,7,8
7/16/2021,Wind,197,Friday,July,Summer,3250,23,0
7/23/2022,Wind,204,Saturday,July,Summer,1348,7,8
3/18/2025,Wind,77,Tuesday,March,Spring,14023,15,16
9/21/2023,Wind,264,Thursday,September,Fall,6683,22,23
4/24/2023,Wind,114,Monday,April,Spring,7316,9,10
9/3/2021,Wind,246,Friday,September,Fall,2116,7,8
9/2/2023,Wind,245,Saturday,September,Fall,4684,23,0
10/20/2021,Wind,293,Wednesday,October,Fall,10876,6,7
3/12/2021,Wind,71,Friday,March,Spring,13614,23,0
10/3/2025,Wind,276,Friday,October,Fall,5127,6,7
9/19/2023,Wind,262,Tuesday,September,Fall,6877,23,0
2/17/2020,Wind,48,Monday,February,Winter,8444,1,2
10/17/2022,Wind,290,Monday,October,Fall,7788,6,7
1/5/2022,Wind,5,Wednesday,January,Winter,7616,3,4
7/17/2025,Solar,198,Thursday,July,Summer,5531,9,10
9/22/2021,Wind,265,Wednesday,September,Fall,2088,18,19
6/20/2025,Solar,171,Friday,June,Summer,10259,11,12
2/18/2022,Wind,49,Friday,February,Winter,14791,15,16
4/3/2022,Wind,93,Sunday,April,Spring,1510,22,23
10/16/2020,Wind,290,Friday,October,Fall,1636,18,19
10/6/2022,Wind,279,Thursday,October,Fall,2090,5,6
4/28/2020,Wind,119,Tuesday,April,Spring,4946,23,0
3/13/2023,Wind,72,Monday,March,Spring,15758,23,0
5/26/2020,Wind,147,Tuesday,May,Spring,4408,21,22
9/29/2022,Wind,272,Thursday,September,Fall,1419,6,7
6/29/2025,Wind,180,Sunday,June,Summer,2696,4,5
6/26/2025,Wind,177,Thursday,June,Summer,14264,12,13
5/26/2020,Wind,147,Tuesday,May,Spring,6277,18,19
9/7/2021,Wind,250,Tuesday,September,Fall,6012,17,18
10/16/2020,Wind,290,Friday,October,Fall,3142,5,6
6/20/2025,Wind,171,Friday,June,Summer,4161,22,23
12/2/2020,Wind,337,Wednesday,December,Winter,2577,14,15
4/3/2020,Solar,94,Friday,April,Spring,5002,13,14
6/19/2023,Solar,170,Monday,June,Summer,6321,12,13
7/14/2022,Wind,195,Thursday,July,Summer,5239,21,22
3/17/2021,Wind,76,Wednesday,March,Spring,5437,21,22
12/8/2022,Wind,342,Thursday,December,Winter,1242,3,4
12/12/2020,Wind,347,Saturday,December,Winter,6484,19,20
9/15/2022,Wind,258,Thursday,September,Fall,3250,18,19
11/19/2023,Wind,323,Sunday,November,Fall,11720,6,7
3/8/2024,Wind,68,Friday,March,Spring,10265,11,12
11/13/2025,Wind,317,Thursday,November,Fall,10591,18,19
3/22/2020,Wind,82,Sunday,March,Spring,9593,21,22
5/22/2024,Wind,143,Wednesday,May,Spring,4611,1,2
7/25/2022,Wind,206,Monday,July,Summer,5596,23,0
1/1/2023,Wind,1,Sunday,January,Winter,11283,1,2
12/11/2020,Wind,346,Friday,December,Winter,6767,1,2
7/1/2023,Wind,182,Saturday,July,Summer,7440,5,6
5/3/2021,Wind,123,Monday,May,Spring,657,4,5
8/27/2020,Wind,240,Thursday,August,Summer,7459,15,16
12/27/2023,Wind,361,Wednesday,December,Winter,13912,12,13
4/11/2024,Solar,102,Thursday,April,Spring,5597,17,18
10/1/2021,Wind,274,Friday,October,Fall,4034,22,23
9/23/2025,Wind,266,Tuesday,September,Fall,12969,12,13
3/19/2021,Wind,78,Friday,March,Spring,7181,20,21
12/27/2020,Wind,362,Sunday,December,Winter,8326,19,20
5/10/2021,Wind,130,Monday,May,Spring,4506,18,19
11/3/2020,Wind,308,Tuesday,November,Fall,3252,5,6
11/3/2024,Wind,308,Sunday,November,Fall,2791,22,23
5/9/2021,Wind,129,Sunday,May,Spring,8251,4,5
6/10/2025,Solar,161,Tuesday,June,Summer,7037,9,10
3/6/2024,Wind,66,Wednesday,March,Spring,2314,22,23
11/3/2020,Wind,308,Tuesday,November,Fall,7836,11,12
9/18/2021,Wind,261,Saturday,September,Fall,1755,7,8
5/4/2020,Wind,125,Monday,May,Spring,4587,19,20
2/14/2022,Wind,45,Monday,February,Winter,6618,18,19
10/18/2020,Wind,292,Sunday,October,Fall,522,18,19
11/11/2020,Wind,316,Wednesday,November,Fall,733,6,7
5/13/2024,Wind,134,Monday,May,Spring,3925,20,21
1/14/2025,Wind,14,Tuesday,January,Winter,2984,23,0
8/26/2022,Solar,238,Friday,August,Summer,5462,17,18
6/26/2020,Wind,178,Friday,June,Summer,3680,18,19
4/24/2025,Wind,114,Thursday,April,Spring,4076,21,22
11/24/2025,Wind,328,Monday,November,Fall,9801,22,23
7/13/2023,Wind,194,Thursday,July,Summer,2155,5,6
8/28/2021,Wind,240,Saturday,August,Summer,3722,6,7
9/23/2025,Wind,266,Tuesday,September,Fall,12917,15,16
9/16/2022,Solar,259,Friday,September,Fall,4975,10,11
3/10/2022,Wind,69,Thursday,March,Spring,4799,17,18
6/7/2025,Wind,158,Saturday,June,Summer,9072,8,9
7/25/2025,Wind,206,Friday,July,Summer,2111,4,5
12/14/2020,Wind,349,Monday,December,Winter,6019,13,14
4/21/2021,Wind,111,Wednesday,April,Spring,5054,20,21
10/19/2022,Wind,292,Wednesday,October,Fall,7426,21,22
4/13/2025,Wind,103,Sunday,April,Spring,4783,13,14
11/7/2025,Wind,311,Friday,November,Fall,2662,0,1
8/20/2024,Wind,233,Tuesday,August,Summer,3600,7,8
7/30/2024,Wind,212,Tuesday,July,Summer,2502,21,22
3/7/2023,Wind,66,Tuesday,March,Spring,6916,22,23
12/13/2020,Wind,348,Sunday,December,Winter,4008,3,4
3/17/2023,Wind,76,Friday,March,Spring,12263,13,14
9/11/2023,Wind,254,Monday,September,Fall,1317,4,5
3/12/2023,Wind,71,Sunday,March,Spring,6082,1,2
10/14/2020,Wind,288,Wednesday,October,Fall,5325,18,19
11/6/2025,Wind,310,Thursday,November,Fall,6278,12,13
4/26/2024,Solar,117,Friday,April,Spring,5775,16,17
11/3/2024,Wind,308,Sunday,November,Fall,3106,3,4
6/22/2022,Wind,173,Wednesday,June,Summer,1640,23,0
3/20/2020,Wind,80,Friday,March,Spring,8105,23,0
8/19/2025,Wind,231,Tuesday,August,Summer,4330,19,20
9/28/2021,Solar,271,Tuesday,September,Fall,3345,10,11
8/22/2021,Wind,234,Sunday,August,Summer,8102,12,13
5/4/2024,Wind,125,Saturday,May,Spring,9129,12,13
10/4/2024,Wind,278,Friday,October,Fall,4898,3,4
3/4/2022,Wind,63,Friday,March,Spring,3137,23,0
12/10/2022,Wind,344,Saturday,December,Winter,1861,19,20
1/29/2025,Wind,29,Wednesday,January,Winter,15556,3,4
1/10/2021,Wind,10,Sunday,January,Winter,4394,10,11
11/15/2020,Wind,320,Sunday,November,Fall,10818,0,1
4/18/2020,Solar,109,Saturday,April,Spring,2973,15,16
2/3/2022,Wind,34,Thursday,February,Winter,2929,5,6
9/13/2022,Wind,256,Tuesday,September,Fall,2822,21,22
11/26/2024,Wind,331,Tuesday,November,Fall,3769,17,18
1/27/2021,Wind,27,Wednesday,January,Winter,5277,10,11
8/21/2025,Wind,233,Thursday,August,Summer,10878,17,18
7/11/2025,Wind,192,Friday,July,Summer,4862,1,2
12/31/2022,Wind,365,Saturday,December,Winter,15764,4,5
8/8/2023,Solar,220,Tuesday,August,Summer,7019,10,11
12/29/2020,Wind,364,Tuesday,December,Winter,3155,21,22
9/1/2021,Wind,244,Wednesday,September,Fall,9100,11,12
12/7/2020,Wind,342,Monday,December,Winter,910,5,6
10/4/2025,Wind,277,Saturday,October,Fall,13739,15,16
6/19/2025,Wind,170,Thursday,June,Summer,4974,5,6
9/3/2022,Wind,246,Saturday,September,Fall,5467,17,18
7/1/2024,Solar,183,Monday,July,Summer,9539,16,17
9/18/2021,Solar,261,Saturday,September,Fall,3777,15,16
1/14/2020,Wind,14,Tuesday,January,Winter,14254,12,13
9/20/2021,Wind,263,Monday,September,Fall,1783,2,3
12/11/2021,Wind,345,Saturday,December,Winter,7886,3,4
4/4/2020,Wind,95,Saturday,April,Spring,5074,21,22
11/5/2022,Wind,309,Saturday,November,Fall,5536,18,19
7/26/2021,Wind,207,Monday,July,Summer,2420,20,21
11/26/2022,Wind,330,Saturday,November,Fall,5590,12,13
9/18/2020,Wind,262,Friday,September,Fall,6346,13,14
2/4/2020,Wind,35,Tuesday,February,Winter,11924,16,17
5/14/2024,Wind,135,Tuesday,May,Spring,7995,4,5
7/28/2023,Wind,209,Friday,July,Summer,5624,19,20
6/29/2022,Solar,180,Wednesday,June,Summer,5001,17,18
6/24/2023,Wind,175,Saturday,June,Summer,2828,23,0
5/27/2023,Wind,147,Saturday,May,Spring,5721,8,9
6/16/2025,Wind,167,Monday,June,Summer,2901,20,21
6/10/2023,Solar,161,Saturday,June,Summer,4468,18,19
8/1/2025,Solar,213,Friday,August,Summer,3518,8,9
10/18/2023,Wind,291,Wednesday,October,Fall,10652,2,3
3/18/2020,Solar,78,Wednesday,March,Spring,2387,16,17
3/14/2024,Wind,74,Thursday,March,Spring,7457,8,9
5/16/2025,Wind,136,Friday,May,Spring,8373,23,0
2/18/2023,Wind,49,Saturday,February,Winter,5548,0,1
7/23/2022,Solar,204,Saturday,July,Summer,6197,16,17
8/16/2022,Solar,228,Tuesday,August,Summer,6043,12,13
2/18/2024,Wind,49,Sunday,February,Winter,14825,12,13
12/20/2024,Wind,355,Friday,December,Winter,8808,3,4
10/25/2022,Wind,298,Tuesday,October,Fall,6592,22,23
12/11/2022,Wind,345,Sunday,December,Winter,1627,21,22
11/4/2025,Wind,308,Tuesday,November,Fall,14445,18,19
8/14/2020,Wind,227,Friday,August,Summer,2144,0,1
5/10/2020,Wind,131,Sunday,May,Spring,2623,13,14
3/3/2020,Wind,63,Tuesday,March,Spring,2875,20,21
12/18/2022,Wind,352,Sunday,December,Winter,4061,0,1
10/11/2022,Solar,284,Tuesday,October,Fall,1835,17,18
11/3/2021,Wind,307,Wednesday,November,Fall,3274,16,17
3/3/2023,Wind,62,Friday,March,Spring,4064,2,3
7/30/2022,Solar,211,Saturday,July,Summer,7363,14,15
4/27/2022,Wind,117,Wednesday,April,Spring,6697,19,20
11/8/2025,Wind,312,Saturday,November,Fall,1793,1,2
5/31/2025,Wind,151,Saturday,May,Spring,879,3,4
8/8/2020,Solar,221,Saturday,August,Summer,4095,13,14
5/31/2025,Solar,151,Saturday,May,Spring,5672,18,19
8/16/2025,Solar,228,Saturday,August,Summer,10645,10,11
12/25/2023,Wind,359,Monday,December,Winter,14253,14,15
6/1/2022,Wind,152,Wednesday,June,Summer,2649,19,20
4/13/2023,Wind,103,Thursday,April,Spring,15743,1,2
7/21/2020,Wind,203,Tuesday,July,Summer,5093,22,23
5/1/2020,Wind,122,Friday,May,Spring,7037,21,22
1/1/2024,Wind,1,Monday,January,Winter,9309,3,4
1/16/2024,Solar,16,Tuesday,January,Winter,1871,15,16
7/11/2025,Solar,192,Friday,July,Summer,13109,14,15
6/29/2020,Wind,181,Monday,June,Summer,2917,3,4
1/17/2024,Wind,17,Wednesday,January,Winter,9363,18,19
3/31/2025,Solar,90,Monday,March,Spring,9527,10,11
9/22/2021,Wind,265,Wednesday,September,Fall,2010,3,4
1/3/2021,Wind,3,Sunday,January,Winter,1604,8,9
4/1/2023,Wind,91,Saturday,April,Spring,16341,15,16
2/14/2025,Wind,45,Friday,February,Winter,6637,9,10
9/14/2024,Wind,258,Saturday,September,Fall,3929,23,0
2/9/2023,Wind,40,Thursday,February,Winter,1172,6,7
10/23/2023,Wind,296,Monday,October,Fall,5375,4,5
1/31/2021,Wind,31,Sunday,January,Winter,3009,6,7
2/26/2023,Wind,57,Sunday,February,Winter,22043,11,12
7/25/2025,Solar,206,Friday,July,Summer,9373,14,15
11/23/2024,Wind,328,Saturday,November,Fall,19031,21,22
7/1/2022,Wind,182,Friday,July,Summer,845,22,23
6/6/2021,Wind,157,Sunday,June,Summer,1802,21,22
7/8/2024,Solar,190,Monday,July,Summer,3111,8,9
4/7/2024,Wind,98,Sunday,April,Spring,4677,23,0
5/17/2021,Wind,137,Monday,May,Spring,15300,12,13
3/15/2023,Wind,74,Wednesday,March,Spring,2059,19,20
2/18/2024,Wind,49,Sunday,February,Winter,5504,0,1
3/25/2025,Wind,84,Tuesday,March,Spring,3839,21,22
5/5/2020,Wind,126,Tuesday,May,Spring,5591,8,9
5/3/2025,Wind,123,Saturday,May,Spring,6936,3,4
6/4/2023,Wind,155,Sunday,June,Summer,6760,23,0
9/22/2023,Wind,265,Friday,September,Fall,6457,22,23
5/10/2020,Wind,131,Sunday,May,Spring,2056,5,6
7/11/2020,Solar,193,Saturday,July,Summer,4885,11,12
7/21/2024,Wind,203,Sunday,July,Summer,3435,0,1
7/18/2023,Solar,199,Tuesday,July,Summer,4325,9,10
6/29/2025,Wind,180,Sunday,June,Summer,3834,1,2
5/22/2024,Wind,143,Wednesday,May,Spring,8005,9,10
4/8/2024,Wind,99,Monday,April,Spring,9778,22,23
7/5/2020,Wind,187,Sunday,July,Summer,7405,1,2
1/11/2021,Wind,11,Monday,January,Winter,6090,17,18
2/28/2021,Wind,59,Sunday,February,Winter,7607,3,4
8/13/2024,Wind,226,Tuesday,August,Summer,1209,5,6
5/29/2020,Solar,150,Friday,May,Spring,5407,10,11
2/25/2022,Wind,56,Friday,February,Winter,3155,19,20
8/24/2024,Wind,237,Saturday,August,Summer,10581,13,14
8/19/2023,Solar,231,Saturday,August,Summer,6990,11,12
3/3/2020,Wind,63,Tuesday,March,Spring,4102,7,8
8/17/2021,Wind,229,Tuesday,August,Summer,7713,17,18
3/3/2024,Wind,63,Sunday,March,Spring,2949,0,1
8/30/2020,Wind,243,Sunday,August,Summer,2869,0,1
10/9/2021,Wind,282,Saturday,October,Fall,3926,2,3
5/10/2020,Wind,131,Sunday,May,Spring,4035,17,18
3/27/2020,Wind,87,Friday,March,Spring,2867,18,19
11/11/2023,Solar,315,Saturday,November,Fall,5880,13,14
10/31/2023,Wind,304,Tuesday,October,Fall,7202,1,2
3/15/2025,Wind,74,Saturday,March,Spring,15859,10,11
9/22/2023,Wind,265,Friday,September,Fall,13152,14,15
2/19/2023,Wind,50,Sunday,February,Winter,5578,9,10
5/4/2023,Wind,124,Thursday,May,Spring,7756,8,9
6/13/2021,Solar,164,Sunday,June,Summer,5069,14,15
1/25/2022,Solar,25,Tuesday,January,Winter,1114,9,10
7/8/2023,Wind,189,Saturday,July,Summer,1136,21,22
9/29/2021,Wind,272,Wednesday,September,Fall,6686,6,7
6/26/2020,Solar,178,Friday,June,Summer,4861,11,12
7/26/2022,Solar,207,Tuesday,July,Summer,6546,12,13
6/13/2022,Solar,164,Monday,June,Summer,7174,14,15
7/3/2021,Wind,184,Saturday,July,Summer,2116,8,9
1/14/2024,Solar,14,Sunday,January,Winter,3571,12,13
3/7/2024,Wind,67,Thursday,March,Spring,7880,8,9
6/17/2021,Wind,168,Thursday,June,Summer,5129,10,11
3/17/2025,Wind,76,Monday,March,Spring,12710,17,18
8/20/2023,Wind,232,Sunday,August,Summer,2891,23,0
2/16/2021,Wind,47,Tuesday,February,Winter,10321,7,8
11/13/2022,Wind,317,Sunday,November,Fall,1605,16,17
8/19/2020,Wind,232,Wednesday,August,Summer,5719,18,19
5/19/2024,Solar,140,Sunday,May,Spring,2867,16,17
1/13/2022,Wind,13,Thursday,January,Winter,2891,20,21
6/7/2025,Wind,158,Saturday,June,Summer,7180,6,7
4/18/2021,Wind,108,Sunday,April,Spring,1954,23,0
8/1/2021,Wind,213,Sunday,August,Summer,2357,5,6
4/27/2021,Wind,117,Tuesday,April,Spring,6406,0,1
5/31/2023,Wind,151,Wednesday,May,Spring,7949,9,10
10/3/2023,Wind,276,Tuesday,October,Fall,9763,9,10
5/13/2020,Wind,134,Wednesday,May,Spring,8135,19,20
6/12/2023,Wind,163,Monday,June,Summer,2753,22,23
11/11/2022,Wind,315,Friday,November,Fall,2858,4,5
4/14/2021,Wind,104,Wednesday,April,Spring,8978,13,14
12/16/2023,Wind,350,Saturday,December,Winter,1986,2,3
7/17/2021,Wind,198,Saturday,July,Summer,4501,22,23
4/18/2024,Solar,109,Thursday,April,Spring,8128,16,17
7/19/2025,Wind,200,Saturday,July,Summer,8795,18,19
1/26/2023,Wind,26,Thursday,January,Winter,2238,6,7
8/11/2022,Wind,223,Thursday,August,Summer,4852,21,22
6/21/2024,Wind,173,Friday,June,Summer,4798,21,22
3/22/2023,Wind,81,Wednesday,March,Spring,13652,9,10
8/3/2025,Solar,215,Sunday,August,Summer,6657,14,15
2/13/2020,Wind,44,Thursday,February,Winter,7835,1,2
1/4/2021,Wind,4,Monday,January,Winter,1699,8,9
5/7/2022,Solar,127,Saturday,May,Spring,6711,11,12
7/31/2020,Solar,213,Friday,July,Summer,4357,10,11
5/23/2024,Wind,144,Thursday,May,Spring,2688,6,7
7/11/2021,Wind,192,Sunday,July,Summer,868,21,22
9/26/2025,Wind,269,Friday,September,Fall,313,22,23
5/6/2024,Wind,127,Monday,May,Spring,3361,6,7
9/12/2023,Solar,255,Tuesday,September,Fall,4933,13,14
5/25/2023,Wind,145,Thursday,May,Spring,7031,20,21
11/30/2021,Wind,334,Tuesday,November,Fall,12769,21,22
5/12/2024,Wind,133,Sunday,May,Spring,6724,17,18
11/2/2023,Wind,306,Thursday,November,Fall,15126,10,11
8/5/2023,Wind,217,Saturday,August,Summer,2691,5,6
2/4/2024,Wind,35,Sunday,February,Winter,7222,23,0
6/2/2022,Wind,153,Thursday,June,Summer,3841,8,9
1/29/2021,Wind,29,Friday,January,Winter,14856,10,11
10/11/2021,Wind,284,Monday,October,Fall,2918,5,6
8/15/2024,Wind,228,Thursday,August,Summer,1492,3,4
4/28/2020,Wind,119,Tuesday,April,Spring,2577,1,2
5/8/2020,Solar,129,Friday,May,Spring,3383,17,18
11/26/2023,Wind,330,Sunday,November,Fall,3686,9,10
11/22/2022,Wind,326,Tuesday,November,Fall,8882,23,0
12/9/2020,Wind,344,Wednesday,December,Winter,2329,17,18
4/27/2022,Solar,117,Wednesday,April,Spring,9731,14,15
11/6/2022,Wind,310,Sunday,November,Fall,8112,7,8
6/15/2023,Wind,166,Thursday,June,Summer,3676,19,20
5/8/2022,Solar,128,Sunday,May,Spring,6177,10,11
10/11/2021,Wind,284,Monday,October,Fall,3875,0,1
6/24/2020,Wind,176,Wednesday,June,Summer,4432,4,5
5/9/2021,Wind,129,Sunday,May,Spring,9742,19,20
5/30/2020,Wind,151,Saturday,May,Spring,4315,19,20
11/24/2020,Wind,329,Tuesday,November,Fall,1746,0,1
12/27/2021,Wind,361,Monday,December,Winter,8533,10,11
10/20/2020,Wind,294,Tuesday,October,Fall,10025,7,8
6/8/2025,Wind,159,Sunday,June,Summer,2194,23,0
2/15/2021,Wind,46,Monday,February,Winter,10609,8,9
3/18/2021,Wind,77,Thursday,March,Spring,3876,19,20
5/17/2021,Wind,137,Monday,May,Spring,15134,15,16
1/20/2020,Wind,20,Monday,January,Winter,5336,21,22
4/10/2022,Wind,100,Sunday,April,Spring,1683,0,1
10/15/2025,Wind,288,Wednesday,October,Fall,5526,18,19
1/7/2020,Wind,7,Tuesday,January,Winter,4300,13,14
8/28/2021,Wind,240,Saturday,August,Summer,3976,5,6
12/21/2020,Wind,356,Monday,December,Winter,12351,11,12
10/22/2023,Wind,295,Sunday,October,Fall,6622,8,9
9/13/2023,Wind,256,Wednesday,September,Fall,1142,6,7
3/18/2023,Wind,77,Saturday,March,Spring,6164,0,1
11/11/2022,Solar,315,Friday,November,Fall,6121,13,14
8/4/2020,Wind,217,Tuesday,August,Summer,1848,7,8
9/24/2021,Wind,267,Friday,September,Fall,811,19,20
4/6/2023,Wind,96,Thursday,April,Spring,9974,17,18
1/24/2025,Wind,24,Friday,January,Winter,20266,12,13
2/27/2024,Wind,58,Tuesday,February,Winter,11863,7,8
7/13/2024,Wind,195,Saturday,July,Summer,1314,2,3
10/16/2025,Wind,289,Thursday,October,Fall,4569,18,19
1/19/2023,Wind,19,Thursday,January,Winter,3941,0,1
10/29/2020,Wind,303,Thursday,October,Fall,8304,12,13
4/13/2023,Wind,103,Thursday,April,Spring,12488,10,11
11/16/2020,Wind,321,Monday,November,Fall,8614,12,13
7/29/2023,Wind,210,Saturday,July,Summer,9214,18,19
11/12/2025,Wind,316,Wednesday,November,Fall,13981,22,23
10/26/2025,Wind,299,Sunday,October,Fall,9488,5,6
10/2/2025,Solar,275,Thursday,October,Fall,10562,13,14
9/1/2020,Solar,245,Tuesday,September,Fall,4322,16,17
9/19/2024,Wind,263,Thursday,September,Fall,8099,7,8
5/15/2021,Wind,135,Saturday,May,Spring,4140,4,5
2/13/2021,Wind,44,Saturday,February,Winter,6179,18,19
8/20/2023,Wind,232,Sunday,August,Summer,1018,3,4
3/17/2025,Solar,76,Monday,March,Spring,9414,9,10
4/15/2023,Wind,105,Saturday,April,Spring,10025,19,20
10/6/2022,Wind,279,Thursday,October,Fall,1907,6,7
12/20/2023,Wind,354,Wednesday,December,Winter,8716,1,2
4/20/2025,Wind,110,Sunday,April,Spring,3971,21,22
11/28/2024,Wind,333,Thursday,November,Fall,2505,6,7
9/7/2025,Wind,250,Sunday,September,Fall,6061,5,6
8/19/2024,Solar,232,Monday,August,Summer,9521,14,15
11/20/2022,Wind,324,Sunday,November,Fall,9046,17,18
2/9/2021,Wind,40,Tuesday,February,Winter,2115,3,4
5/10/2021,Wind,130,Monday,May,Spring,7215,16,17
12/23/2020,Wind,358,Wednesday,December,Winter,7054,0,1
9/12/2020,Solar,256,Saturday,September,Fall,4331,12,13
10/11/2024,Wind,285,Friday,October,Fall,622,5,6
1/21/2024,Wind,21,Sunday,January,Winter,14424,16,17
6/30/2023,Wind,181,Friday,June,Summer,9841,15,16
2/17/2023,Wind,48,Friday,February,Winter,7016,2,3
8/3/2023,Wind,215,Thursday,August,Summer,12675,15,16
12/28/2023,Wind,362,Thursday,December,Winter,13984,20,21
5/10/2020,Wind,131,Sunday,May,Spring,2636,12,13
11/3/2025,Wind,307,Monday,November,Fall,8937,18,19
2/3/2025,Wind,34,Monday,February,Winter,1946,21,22
2/24/2024,Wind,55,Saturday,February,Winter,6656,0,1
9/6/2020,Wind,250,Sunday,September,Fall,2406,0,1
8/19/2020,Wind,232,Wednesday,August,Summer,7727,14,15
2/22/2021,Wind,53,Monday,February,Winter,5302,20,21
9/6/2021,Solar,249,Monday,September,Fall,4607,11,12
4/5/2024,Wind,96,Friday,April,Spring,14615,7,8
12/24/2020,Wind,359,Thursday,December,Winter,11043,7,8
4/11/2023,Wind,101,Tuesday,April,Spring,8468,21,22
5/6/2025,Wind,126,Tuesday,May,Spring,9254,23,0
3/10/2023,Wind,69,Friday,March,Spring,6183,19,20
7/27/2024,Solar,209,Saturday,July,Summer,6448,13,14
8/15/2022,Wind,227,Monday,August,Summer,4944,9,10
1/24/2024,Wind,24,Wednesday,January,Winter,15725,8,9
6/11/2024,Wind,163,Tuesday,June,Summer,1917,6,7
10/5/2024,Wind,279,Saturday,October,Fall,7671,20,21
5/22/2020,Wind,143,Friday,May,Spring,3939,6,7
12/31/2021,Wind,365,Friday,December,Winter,5685,0,1
7/26/2025,Wind,207,Saturday,July,Summer,2368,4,5
1/25/2020,Solar,25,Saturday,January,Winter,2622,11,12
11/30/2021,Wind,334,Tuesday,November,Fall,11135,8,9
6/2/2022,Wind,153,Thursday,June,Summer,2050,20,21
12/12/2024,Wind,347,Thursday,December,Winter,3531,21,22
8/25/2024,Solar,238,Sunday,August,Summer,4862,16,17
1/2/2020,Wind,2,Thursday,January,Winter,4169,12,13
9/7/2023,Wind,250,Thursday,September,Fall,2215,5,6
7/17/2023,Wind,198,Monday,July,Summer,1150,21,22
6/4/2025,Solar,155,Wednesday,June,Summer,6538,11,12
9/12/2022,Wind,255,Monday,September,Fall,2700,23,0
9/16/2020,Wind,260,Wednesday,September,Fall,800,0,1
4/6/2020,Wind,97,Monday,April,Spring,6087,14,15
3/6/2022,Wind,65,Sunday,March,Spring,7693,21,22
12/20/2022,Wind,354,Tuesday,December,Winter,13622,5,6
3/19/2023,Wind,78,Sunday,March,Spring,3522,18,19
5/14/2021,Wind,134,Friday,May,Spring,3321,22,23
3/19/2022,Wind,78,Saturday,March,Spring,9623,20,21
4/15/2023,Wind,105,Saturday,April,Spring,12042,11,12
11/10/2020,Wind,315,Tuesday,November,Fall,1153,0,1
10/8/2025,Wind,281,Wednesday,October,Fall,584,4,5
7/29/2025,Wind,210,Tuesday,July,Summer,5792,19,20
10/8/2021,Wind,281,Friday,October,Fall,3432,2,3
3/11/2022,Wind,70,Friday,March,Spring,10430,18,19
10/7/2025,Solar,280,Tuesday,October,Fall,3781,17,18
2/26/2025,Wind,57,Wednesday,February,Winter,15275,16,17
1/27/2023,Wind,27,Friday,January,Winter,7462,20,21
7/4/2024,Wind,186,Thursday,July,Summer,6505,1,2
8/27/2025,Wind,239,Wednesday,August,Summer,2086,5,6
4/13/2020,Wind,104,Monday,April,Spring,3469,3,4
11/3/2020,Wind,308,Tuesday,November,Fall,3597,0,1
4/21/2025,Wind,111,Monday,April,Spring,3158,20,21
4/13/2021,Wind,103,Tuesday,April,Spring,4444,18,19
11/14/2024,Wind,319,Thursday,November,Fall,3238,23,0
3/1/2022,Wind,60,Tuesday,March,Spring,2865,2,3
3/20/2023,Wind,79,Monday,March,Spring,1690,20,21
7/15/2024,Solar,197,Monday,July,Summer,8737,12,13
7/27/2025,Wind,208,Sunday,July,Summer,2172,2,3
8/5/2022,Wind,217,Friday,August,Summer,2957,4,5
12/10/2024,Wind,345,Tuesday,December,Winter,10560,10,11
12/19/2023,Wind,353,Tuesday,December,Winter,11260,20,21
8/11/2022,Wind,223,Thursday,August,Summer,4398,8,9
7/15/2021,Wind,196,Thursday,July,Summer,7253,6,7
3/29/2025,Wind,88,Saturday,March,Spring,11249,16,17
9/5/2025,Wind,248,Friday,September,Fall,687,20,21
11/11/2025,Wind,315,Tuesday,November,Fall,8058,7,8
6/18/2024,Solar,170,Tuesday,June,Summer,6244,17,18
4/4/2020,Wind,95,Saturday,April,Spring,996,0,1
3/31/2024,Wind,91,Sunday,March,Spring,10457,11,12
8/2/2022,Wind,214,Tuesday,August,Summer,957,21,22
7/20/2025,Wind,201,Sunday,July,Summer,4506,1,2
8/3/2023,Wind,215,Thursday,August,Summer,14771,1,2
7/12/2025,Solar,193,Saturday,July,Summer,9607,11,12
1/26/2020,Wind,26,Sunday,January,Winter,8371,21,22
5/16/2022,Wind,136,Monday,May,Spring,5803,8,9
5/23/2021,Wind,143,Sunday,May,Spring,5905,0,1
3/18/2021,Wind,77,Thursday,March,Spring,3524,2,3
2/4/2021,Wind,35,Thursday,February,Winter,5125,1,2
6/10/2020,Wind,162,Wednesday,June,Summer,731,22,23
7/9/2023,Solar,190,Sunday,July,Summer,4652,18,19
8/13/2023,Wind,225,Sunday,August,Summer,931,5,6
3/20/2025,Wind,79,Thursday,March,Spring,6946,0,1
8/8/2023,Wind,220,Tuesday,August,Summer,1820,3,4
7/3/2023,Wind,184,Monday,July,Summer,11480,14,15
9/30/2023,Wind,273,Saturday,September,Fall,663,1,2
1/10/2020,Wind,10,Friday,January,Winter,1571,22,23
12/30/2024,Solar,365,Monday,December,Winter,3281,12,13
5/2/2021,Solar,122,Sunday,May,Spring,3016,18,19
8/7/2021,Wind,219,Saturday,August,Summer,11586,18,19
5/28/2021,Wind,148,Friday,May,Spring,2572,0,1
5/16/2022,Solar,136,Monday,May,Spring,7699,11,12
1/4/2020,Wind,4,Saturday,January,Winter,1931,23,0
11/8/2020,Wind,313,Sunday,November,Fall,3916,8,9
7/27/2023,Wind,208,Thursday,July,Summer,9065,7,8
9/10/2024,Wind,254,Tuesday,September,Fall,4683,0,1
3/19/2021,Wind,78,Friday,March,Spring,5907,6,7
2/28/2020,Wind,59,Friday,February,Winter,2643,3,4
5/18/2023,Wind,138,Thursday,May,Spring,7850,0,1
4/20/2020,Wind,111,Monday,April,Spring,5296,3,4
4/9/2020,Wind,100,Thursday,April,Spring,723,6,7
5/3/2025,Solar,123,Saturday,May,Spring,5971,13,14
7/30/2025,Wind,211,Wednesday,July,Summer,1452,3,4
4/28/2020,Wind,119,Tuesday,April,Spring,3067,4,5
2/26/2023,Wind,57,Sunday,February,Winter,14492,21,22
4/11/2021,Wind,101,Sunday,April,Spring,7658,14,15
5/8/2024,Solar,129,Wednesday,May,Spring,9558,14,15
4/8/2020,Wind,99,Wednesday,April,Spring,2303,8,9
7/4/2021,Wind,185,Sunday,July,Summer,862,4,5
1/28/2025,Wind,28,Tuesday,January,Winter,19004,17,18
11/14/2020,Wind,319,Saturday,November,Fall,11103,19,20
7/21/2020,Wind,203,Tuesday,July,Summer,4876,0,1
10/4/2022,Wind,277,Tuesday,October,Fall,1416,1,2
8/4/2024,Solar,217,Sunday,August,Summer,6580,17,18
1/2/2020,Wind,2,Thursday,January,Winter,6857,23,0
7/10/2021,Wind,191,Saturday,July,Summer,2043,20,21
2/26/2022,Wind,57,Saturday,February,Winter,9716,21,22
11/29/2022,Wind,333,Tuesday,November,Fall,1111,17,18
6/8/2025,Wind,159,Sunday,June,Summer,8306,7,8
4/5/2022,Wind,95,Tuesday,April,Spring,8495,18,19
3/10/2024,Wind,70,Sunday,March,Spring,2181,7,8
8/23/2020,Wind,236,Sunday,August,Summer,4332,19,20
11/24/2020,Wind,329,Tuesday,November,Fall,1768,3,4
7/23/2024,Wind,205,Tuesday,July,Summer,5404,5,6
5/23/2024,Wind,144,Thursday,May,Spring,2979,2,3
4/16/2023,Wind,106,Sunday,April,Spring,5054,5,6
6/6/2025,Wind,157,Friday,June,Summer,7339,13,14
1/19/2024,Wind,19,Friday,January,Winter,2193,2,3
12/17/2023,Solar,351,Sunday,December,Winter,3018,15,16
3/21/2025,Wind,80,Friday,March,Spring,8152,18,19
9/6/2020,Wind,250,Sunday,September,Fall,1961,2,3
12/4/2020,Wind,339,Friday,December,Winter,12264,2,3
7/17/2024,Solar,199,Wednesday,July,Summer,6067,10,11
10/1/2025,Solar,274,Wednesday,October,Fall,10058,13,14
3/30/2021,Solar,89,Tuesday,March,Spring,4810,11,12
5/24/2024,Wind,145,Friday,May,Spring,703,23,0
2/16/2023,Solar,47,Thursday,February,Winter,7999,11,12
11/2/2025,Wind,306,Sunday,November,Fall,8643,22,23
7/31/2024,Wind,213,Wednesday,July,Summer,1578,21,22
12/31/2024,Wind,366,Tuesday,December,Winter,4218,8,9
1/12/2023,Wind,12,Thursday,January,Winter,15968,5,6
3/9/2024,Wind,69,Saturday,March,Spring,11075,0,1
4/21/2025,Wind,111,Monday,April,Spring,3806,6,7
6/19/2022,Wind,170,Sunday,June,Summer,12018,16,17
3/24/2022,Solar,83,Thursday,March,Spring,4911,9,10
12/6/2023,Solar,340,Wednesday,December,Winter,3145,14,15
10/22/2020,Wind,296,Thursday,October,Fall,4372,15,16
9/1/2022,Wind,244,Thursday,September,Fall,3514,3,4
2/17/2023,Wind,48,Friday,February,Winter,7645,6,7
6/14/2025,Wind,165,Saturday,June,Summer,4111,19,20
9/28/2025,Solar,271,Sunday,September,Fall,5298,15,16
11/4/2025,Wind,308,Tuesday,November,Fall,13899,11,12
7/5/2021,Solar,186,Monday,July,Summer,7806,12,13
2/21/2022,Wind,52,Monday,February,Winter,14976,3,4
11/17/2025,Wind,321,Monday,November,Fall,5188,20,21
8/23/2024,Wind,236,Friday,August,Summer,11855,7,8
3/31/2022,Wind,90,Thursday,March,Spring,11938,13,14
9/28/2021,Wind,271,Tuesday,September,Fall,3222,17,18
6/24/2024,Wind,176,Monday,June,Summer,2733,4,5
9/3/2021,Wind,246,Friday,September,Fall,1704,22,23
10/3/2022,Wind,276,Monday,October,Fall,1114,19,20
8/22/2022,Wind,234,Monday,August,Summer,1373,5,6
2/27/2022,Wind,58,Sunday,February,Winter,8949,4,5
6/28/2022,Wind,179,Tuesday,June,Summer,1723,23,0
8/22/2025,Wind,234,Friday,August,Summer,6431,0,1
5/5/2023,Solar,125,Friday,May,Spring,4662,18,19
3/19/2022,Wind,78,Saturday,March,Spring,12710,13,14
4/18/2021,Solar,108,Sunday,April,Spring,3757,9,10
7/11/2025,Solar,192,Friday,July,Summer,11291,17,18
9/4/2025,Wind,247,Thursday,September,Fall,8069,19,20
10/21/2022,Wind,294,Friday,October,Fall,9441,14,15
7/27/2020,Wind,209,Monday,July,Summer,6801,10,11
7/9/2020,Wind,191,Thursday,July,Summer,7247,16,17
6/19/2023,Solar,170,Monday,June,Summer,4302,16,17
8/13/2020,Wind,226,Thursday,August,Summer,1791,7,8
9/21/2023,Wind,264,Thursday,September,Fall,7242,23,0
7/25/2022,Wind,206,Monday,July,Summer,8474,10,11
11/27/2023,Wind,331,Monday,November,Fall,11622,18,19
4/9/2022,Solar,99,Saturday,April,Spring,5360,10,11
11/2/2022,Wind,306,Wednesday,November,Fall,6705,5,6
8/17/2022,Wind,229,Wednesday,August,Summer,1436,5,6
4/20/2021,Wind,110,Tuesday,April,Spring,703,7,8
8/15/2024,Wind,228,Thursday,August,Summer,1268,6,7
7/11/2022,Wind,192,Monday,July,Summer,3830,6,7
7/2/2022,Wind,183,Saturday,July,Summer,670,2,3
5/24/2021,Wind,144,Monday,May,Spring,8343,5,6
2/24/2023,Wind,55,Friday,February,Winter,5199,9,10
4/14/2021,Wind,104,Wednesday,April,Spring,9278,15,16
4/12/2025,Wind,102,Saturday,April,Spring,8931,22,23
12/22/2022,Wind,356,Thursday,December,Winter,12428,10,11
1/18/2024,Wind,18,Thursday,January,Winter,7810,2,3
5/31/2024,Wind,152,Friday,May,Spring,7089,16,17
9/9/2021,Wind,252,Thursday,September,Fall,5141,13,14
4/13/2025,Wind,103,Sunday,April,Spring,4906,12,13
3/23/2024,Wind,83,Saturday,March,Spring,9137,22,23
2/26/2025,Wind,57,Wednesday,February,Winter,8535,23,0
8/3/2022,Wind,215,Wednesday,August,Summer,1047,0,1
4/7/2025,Wind,97,Monday,April,Spring,5598,22,23
9/15/2021,Solar,258,Wednesday,September,Fall,3974,12,13
3/26/2023,Wind,85,Sunday,March,Spring,9201,3,4
2/19/2020,Wind,50,Wednesday,February,Winter,8999,5,6
9/14/2020,Wind,258,Monday,September,Fall,3828,9,10
7/23/2022,Wind,204,Saturday,July,Summer,1099,23,0
6/4/2021,Wind,155,Friday,June,Summer,2095,8,9
4/12/2020,Wind,103,Sunday,April,Spring,748,2,3
1/2/2021,Wind,2,Saturday,January,Winter,1281,3,4
5/16/2025,Wind,136,Friday,May,Spring,7218,20,21
1/28/2024,Wind,28,Sunday,January,Winter,8152,5,6
10/2/2021,Wind,275,Saturday,October,Fall,14843,16,17
9/18/2020,Wind,262,Friday,September,Fall,5286,10,11
11/24/2020,Wind,329,Tuesday,November,Fall,6481,21,22
12/21/2022,Wind,355,Wednesday,December,Winter,10235,12,13
7/19/2021,Wind,200,Monday,July,Summer,5773,2,3
6/29/2022,Solar,180,Wednesday,June,Summer,5357,10,11
12/22/2023,Wind,356,Friday,December,Winter,19987,12,13
12/4/2024,Solar,339,Wednesday,December,Winter,6363,12,13
2/21/2021,Wind,52,Sunday,February,Winter,8829,13,14
6/20/2022,Wind,171,Monday,June,Summer,5728,2,3
11/19/2020,Wind,324,Thursday,November,Fall,3854,23,0
11/10/2025,Wind,314,Monday,November,Fall,12666,13,14
12/20/2024,Wind,355,Friday,December,Winter,5569,8,9
5/11/2025,Solar,131,Sunday,May,Spring,3967,12,13
11/18/2024,Wind,323,Monday,November,Fall,8530,2,3
3/3/2025,Solar,62,Monday,March,Spring,8311,11,12
12/28/2021,Wind,362,Tuesday,December,Winter,12013,22,23
10/31/2021,Wind,304,Sunday,October,Fall,6221,4,5
12/5/2020,Wind,340,Saturday,December,Winter,5385,21,22
5/12/2024,Wind,133,Sunday,May,Spring,4245,8,9
4/15/2022,Wind,105,Friday,April,Spring,5750,22,23
12/22/2024,Wind,357,Sunday,December,Winter,19398,9,10
2/5/2021,Wind,36,Friday,February,Winter,3021,14,15
7/12/2022,Solar,193,Tuesday,July,Summer,6997,14,15
6/15/2020,Wind,167,Monday,June,Summer,2022,23,0
10/23/2023,Wind,296,Monday,October,Fall,8658,9,10
2/2/2023,Wind,33,Thursday,February,Winter,6057,8,9
7/28/2024,Solar,210,Sunday,July,Summer,5654,14,15
10/9/2024,Wind,283,Wednesday,October,Fall,12421,13,14
2/15/2023,Solar,46,Wednesday,February,Winter,6270,10,11
11/18/2021,Solar,322,Thursday,November,Fall,3326,14,15
6/28/2022,Wind,179,Tuesday,June,Summer,3348,19,20
1/12/2024,Wind,12,Friday,January,Winter,6624,1,2
6/16/2020,Wind,168,Tuesday,June,Summer,1461,5,6
7/7/2020,Wind,189,Tuesday,July,Summer,1906,7,8
9/12/2022,Solar,255,Monday,September,Fall,4987,10,11
6/6/2023,Solar,157,Tuesday,June,Summer,8282,14,15
12/31/2023,Wind,365,Sunday,December,Winter,17690,16,17
2/22/2025,Wind,53,Saturday,February,Winter,10776,3,4
2/12/2020,Wind,43,Wednesday,February,Winter,5618,23,0
7/27/2025,Wind,208,Sunday,July,Summer,1887,4,5
10/28/2023,Wind,301,Saturday,October,Fall,12258,8,9
5/22/2025,Solar,142,Thursday,May,Spring,6175,14,15
12/23/2024,Wind,358,Monday,December,Winter,17302,2,3
8/17/2025,Wind,229,Sunday,August,Summer,7604,22,23
4/23/2024,Wind,114,Tuesday,April,Spring,4610,3,4
3/26/2021,Wind,85,Friday,March,Spring,9646,17,18
12/4/2021,Wind,338,Saturday,December,Winter,12295,15,16
2/12/2021,Wind,43,Friday,February,Winter,9320,15,16
8/8/2023,Wind,220,Tuesday,August,Summer,2130,21,22
1/20/2021,Wind,20,Wednesday,January,Winter,11737,0,1
8/15/2025,Solar,227,Friday,August,Summer,6084,9,10
3/31/2025,Wind,90,Monday,March,Spring,5157,6,7
11/11/2022,Wind,315,Friday,November,Fall,2683,2,3
7/9/2022,Wind,190,Saturday,July,Summer,8525,18,19
9/5/2023,Wind,248,Tuesday,September,Fall,7414,0,1
11/19/2022,Solar,323,Saturday,November,Fall,4418,10,11
10/23/2023,Wind,296,Monday,October,Fall,5596,17,18
1/13/2023,Wind,13,Friday,January,Winter,13913,1,2
4/21/2020,Wind,112,Tuesday,April,Spring,4642,23,0
12/19/2020,Wind,354,Saturday,December,Winter,10820,11,12
1/6/2021,Wind,6,Wednesday,January,Winter,1187,6,7
6/12/2025,Wind,163,Thursday,June,Summer,6737,3,4
6/1/2020,Solar,153,Monday,June,Summer,4570,16,17
12/29/2020,Wind,364,Tuesday,December,Winter,3005,22,23
3/8/2023,Wind,67,Wednesday,March,Spring,13908,9,10
2/19/2020,Wind,50,Wednesday,February,Winter,11122,2,3
7/30/2023,Wind,211,Sunday,July,Summer,7195,20,21
1/23/2025,Wind,23,Thursday,January,Winter,5894,6,7
5/11/2025,Wind,131,Sunday,May,Spring,4469,19,20
7/15/2020,Wind,197,Wednesday,July,Summer,3632,18,19
4/23/2021,Wind,113,Friday,April,Spring,8565,16,17
7/2/2023,Wind,183,Sunday,July,Summer,6804,18,19
4/13/2022,Wind,103,Wednesday,April,Spring,1032,22,23
12/14/2021,Wind,348,Tuesday,December,Winter,1053,23,0
1/22/2021,Wind,22,Friday,January,Winter,4478,18,19
12/30/2024,Solar,365,Monday,December,Winter,2676,14,15
1/19/2020,Wind,19,Sunday,January,Winter,5048,7,8
1/8/2021,Wind,8,Friday,January,Winter,1507,0,1
8/3/2023,Wind,215,Thursday,August,Summer,13262,12,13
10/25/2025,Wind,298,Saturday,October,Fall,13923,4,5
5/13/2023,Wind,133,Saturday,May,Spring,4856,7,8
7/21/2023,Wind,202,Friday,July,Summer,3097,22,23
10/3/2024,Wind,277,Thursday,October,Fall,4843,1,2
3/30/2023,Wind,89,Thursday,March,Spring,12402,23,0
7/8/2022,Solar,189,Friday,July,Summer,8283,12,13
8/18/2021,Wind,230,Wednesday,August,Summer,2488,1,2
6/29/2023,Wind,180,Thursday,June,Summer,748,5,6
5/28/2021,Wind,148,Friday,May,Spring,3329,23,0
5/11/2024,Wind,132,Saturday,May,Spring,4906,7,8
4/8/2022,Wind,98,Friday,April,Spring,9607,19,20
7/27/2025,Wind,208,Sunday,July,Summer,4242,21,22
10/14/2023,Solar,287,Saturday,October,Fall,5525,11,12
10/12/2020,Solar,286,Monday,October,Fall,3848,11,12
1/18/2025,Wind,18,Saturday,January,Winter,1679,23,0
5/31/2023,Wind,151,Wednesday,May,Spring,12628,12,13
9/21/2021,Solar,264,Tuesday,September,Fall,4522,16,17
11/21/2023,Wind,325,Tuesday,November,Fall,6769,21,22
4/12/2024,Solar,103,Friday,April,Spring,8049,12,13
3/17/2024,Wind,77,Sunday,March,Spring,6278,9,10
4/5/2024,Wind,96,Friday,April,Spring,10352,4,5
11/1/2022,Wind,305,Tuesday,November,Fall,12061,20,21
5/27/2024,Wind,148,Monday,May,Spring,2538,21,22
7/15/2021,Wind,196,Thursday,July,Summer,7756,4,5
3/5/2024,Wind,65,Tuesday,March,Spring,8619,15,16
10/10/2025,Solar,283,Friday,October,Fall,9343,13,14
6/21/2023,Solar,172,Wednesday,June,Summer,4377,11,12
10/29/2023,Wind,302,Sunday,October,Fall,15308,10,11
5/21/2020,Solar,142,Thursday,May,Spring,2989,17,18
6/10/2023,Wind,161,Saturday,June,Summer,3204,0,1
8/20/2025,Wind,232,Wednesday,August,Summer,3073,4,5
4/16/2024,Wind,107,Tuesday,April,Spring,13826,0,1
3/5/2025,Solar,64,Wednesday,March,Spring,3558,17,18
11/15/2025,Solar,319,Saturday,November,Fall,5714,14,15
3/12/2022,Wind,71,Saturday,March,Spring,9414,21,22
6/4/2024,Wind,156,Tuesday,June,Summer,456,3,4
7/28/2020,Wind,210,Tuesday,July,Summer,6769,17,18
11/6/2021,Wind,310,Saturday,November,Fall,6134,21,22
4/25/2025,Wind,115,Friday,April,Spring,3293,1,2
7/25/2021,Wind,206,Sunday,July,Summer,2988,5,6
11/1/2022,Wind,305,Tuesday,November,Fall,15812,12,13
11/10/2024,Wind,315,Sunday,November,Fall,1932,19,20
4/19/2021,Wind,109,Monday,April,Spring,1278,5,6
3/29/2021,Solar,88,Monday,March,Spring,5469,11,12
3/12/2021,Wind,71,Friday,March,Spring,9635,4,5
6/7/2025,Wind,158,Saturday,June,Summer,12317,23,0
9/2/2023,Wind,245,Saturday,September,Fall,4625,22,23
10/27/2023,Wind,300,Friday,October,Fall,9132,20,21
8/10/2021,Wind,222,Tuesday,August,Summer,590,22,23
9/29/2021,Wind,272,Wednesday,September,Fall,7118,8,9
5/31/2022,Wind,151,Tuesday,May,Spring,5487,18,19
6/25/2021,Wind,176,Friday,June,Summer,1451,4,5
5/27/2022,Solar,147,Friday,May,Spring,6179,11,12
3/3/2024,Wind,63,Sunday,March,Spring,5144,22,23
12/7/2022,Wind,341,Wednesday,December,Winter,2507,2,3
8/17/2021,Wind,229,Tuesday,August,Summer,3684,21,22
3/24/2020,Wind,84,Tuesday,March,Spring,6133,16,17
10/12/2025,Wind,285,Sunday,October,Fall,5244,18,19
7/24/2023,Wind,205,Monday,July,Summer,11156,17,18
7/8/2024,Solar,190,Monday,July,Summer,8159,11,12
7/16/2022,Solar,197,Saturday,July,Summer,8810,14,15
4/1/2024,Wind,92,Monday,April,Spring,4949,1,2
1/14/2024,Wind,14,Sunday,January,Winter,1253,18,19
1/8/2020,Wind,8,Wednesday,January,Winter,4927,13,14
11/12/2021,Wind,316,Friday,November,Fall,1575,4,5
11/19/2024,Wind,324,Tuesday,November,Fall,20597,13,14
8/17/2020,Wind,230,Monday,August,Summer,1750,2,3
6/11/2023,Wind,162,Sunday,June,Summer,4575,19,20
8/21/2025,Wind,233,Thursday,August,Summer,7365,20,21
8/26/2021,Wind,238,Thursday,August,Summer,2542,4,5
9/10/2020,Wind,254,Thursday,September,Fall,1247,19,20
7/13/2021,Wind,194,Tuesday,July,Summer,5065,23,0
4/5/2022,Wind,95,Tuesday,April,Spring,7386,19,20
6/13/2020,Wind,165,Saturday,June,Summer,3366,1,2
10/18/2023,Wind,291,Wednesday,October,Fall,14535,17,18
8/22/2020,Wind,235,Saturday,August,Summer,9129,10,11
8/3/2021,Wind,215,Tuesday,August,Summer,1153,2,3
7/23/2023,Wind,204,Sunday,July,Summer,12004,17,18
7/2/2021,Solar,183,Friday,July,Summer,1628,8,9
6/3/2022,Solar,154,Friday,June,Summer,5923,15,16
12/4/2021,Wind,338,Saturday,December,Winter,8370,8,9
10/9/2023,Solar,282,Monday,October,Fall,6407,14,15
9/15/2021,Solar,258,Wednesday,September,Fall,3648,11,12
6/18/2021,Wind,169,Friday,June,Summer,3517,7,8
9/10/2025,Wind,253,Wednesday,September,Fall,3815,1,2
4/11/2020,Solar,102,Saturday,April,Spring,2530,9,10
1/26/2024,Wind,26,Friday,January,Winter,7990,1,2
3/27/2025,Wind,86,Thursday,March,Spring,3169,4,5
9/21/2025,Wind,264,Sunday,September,Fall,3184,6,7
7/13/2024,Solar,195,Saturday,July,Summer,1101,20,21
11/14/2021,Wind,318,Sunday,November,Fall,2421,3,4
7/1/2022,Wind,182,Friday,July,Summer,863,23,0
7/10/2023,Wind,191,Monday,July,Summer,1054,3,4
11/23/2022,Wind,327,Wednesday,November,Fall,12891,20,21
12/12/2024,Wind,347,Thursday,December,Winter,3478,15,16
4/27/2025,Wind,117,Sunday,April,Spring,2748,19,20
1/17/2023,Wind,17,Tuesday,January,Winter,4665,16,17
4/3/2022,Wind,93,Sunday,April,Spring,5119,1,2
10/18/2020,Wind,292,Sunday,October,Fall,672,4,5
10/11/2021,Wind,284,Monday,October,Fall,4388,17,18
11/16/2023,Wind,320,Thursday,November,Fall,13386,16,17
3/9/2025,Wind,68,Sunday,March,Spring,9672,3,4
12/31/2022,Wind,365,Saturday,December,Winter,17332,12,13
8/16/2023,Solar,228,Wednesday,August,Summer,6675,13,14
1/6/2021,Wind,6,Wednesday,January,Winter,495,19,20
2/8/2025,Wind,39,Saturday,February,Winter,8261,9,10
9/26/2022,Wind,269,Monday,September,Fall,6086,7,8
11/10/2025,Wind,314,Monday,November,Fall,6004,0,1
2/1/2020,Wind,32,Saturday,February,Winter,10703,18,19
4/22/2022,Wind,112,Friday,April,Spring,4256,18,19
1/24/2023,Wind,24,Tuesday,January,Winter,2611,21,22
5/5/2025,Wind,125,Monday,May,Spring,9361,7,8
5/8/2020,Solar,129,Friday,May,Spring,4778,12,13
6/16/2021,Solar,167,Wednesday,June,Summer,2085,8,9
2/16/2020,Wind,47,Sunday,February,Winter,11230,22,23
7/4/2023,Solar,185,Tuesday,July,Summer,5603,10,11
10/26/2023,Wind,299,Thursday,October,Fall,6529,15,16
2/28/2024,Wind,59,Wednesday,February,Winter,3223,3,4
11/29/2022,Solar,333,Tuesday,November,Fall,2249,10,11
1/6/2020,Wind,6,Monday,January,Winter,6469,20,21
11/9/2025,Wind,313,Sunday,November,Fall,2430,4,5
5/12/2024,Wind,133,Sunday,May,Spring,3904,6,7
4/30/2021,Wind,120,Friday,April,Spring,1359,22,23
8/27/2023,Wind,239,Sunday,August,Summer,2263,4,5
7/27/2024,Solar,209,Saturday,July,Summer,3124,9,10
9/26/2025,Solar,269,Friday,September,Fall,5213,12,13
4/1/2022,Wind,91,Friday,April,Spring,9699,3,4
5/12/2020,Wind,133,Tuesday,May,Spring,5747,12,13
10/7/2024,Wind,281,Monday,October,Fall,7311,16,17
6/30/2022,Solar,181,Thursday,June,Summer,4931,13,14
9/20/2024,Wind,264,Friday,September,Fall,3245,20,21
8/10/2024,Solar,223,Saturday,August,Summer,4012,16,17
4/30/2023,Wind,120,Sunday,April,Spring,3814,4,5
1/23/2025,Wind,23,Thursday,January,Winter,6304,5,6
12/3/2022,Wind,337,Saturday,December,Winter,6285,12,13
4/24/2025,Wind,114,Thursday,April,Spring,2699,7,8
10/2/2025,Wind,275,Thursday,October,Fall,2959,18,19
8/9/2020,Solar,222,Sunday,August,Summer,3372,11,12
7/10/2020,Wind,192,Friday,July,Summer,4171,19,20
12/26/2023,Wind,360,Tuesday,December,Winter,7229,4,5
4/28/2024,Wind,119,Sunday,April,Spring,10556,0,1
10/12/2024,Wind,286,Saturday,October,Fall,6790,13,14
11/25/2022,Wind,329,Friday,November,Fall,3351,16,17
1/14/2023,Wind,14,Saturday,January,Winter,17545,15,16
11/8/2022,Wind,312,Tuesday,November,Fall,11901,20,21
8/29/2024,Wind,242,Thursday,August,Summer,2703,19,20
3/16/2025,Wind,75,Sunday,March,Spring,9888,9,10
1/19/2020,Wind,19,Sunday,January,Winter,4619,3,4
3/13/2025,Wind,72,Thursday,March,Spring,2661,0,1
4/4/2024,Wind,95,Thursday,April,Spring,8108,19,20
12/5/2023,Wind,339,Tuesday,December,Winter,6714,18,19
1/16/2020,Wind,16,Thursday,January,Winter,4609,6,7
10/15/2025,Wind,288,Wednesday,October,Fall,5080,19,20
6/3/2020,Solar,155,Wednesday,June,Summer,3604,16,17
5/11/2024,Wind,132,Saturday,May,Spring,5428,8,9
9/25/2020,Wind,269,Friday,September,Fall,10168,7,8
10/5/2022,Wind,278,Wednesday,October,Fall,9771,10,11
7/2/2024,Wind,184,Tuesday,July,Summer,2631,4,5
4/21/2023,Wind,111,Friday,April,Spring,2543,20,21
12/5/2024,Wind,340,Thursday,December,Winter,14145,8,9
8/7/2025,Solar,219,Thursday,August,Summer,5653,18,19
4/5/2020,Wind,96,Sunday,April,Spring,7848,11,12
1/26/2024,Wind,26,Friday,January,Winter,9936,4,5
9/3/2023,Solar,246,Sunday,September,Fall,9204,14,15
4/12/2022,Wind,102,Tuesday,April,Spring,2275,22,23
12/29/2020,Wind,364,Tuesday,December,Winter,5165,13,14
9/8/2023,Solar,251,Friday,September,Fall,3666,9,10
4/26/2024,Solar,117,Friday,April,Spring,6436,13,14
4/14/2024,Solar,105,Sunday,April,Spring,4067,15,16
9/7/2020,Solar,251,Monday,September,Fall,5438,13,14
2/18/2022,Wind,49,Friday,February,Winter,13040,21,22
5/21/2020,Wind,142,Thursday,May,Spring,1502,5,6
5/4/2020,Solar,125,Monday,May,Spring,5337,14,15
6/10/2023,Solar,161,Saturday,June,Summer,4098,9,10
4/3/2024,Wind,94,Wednesday,April,Spring,15839,11,12
5/23/2020,Wind,144,Saturday,May,Spring,3360,7,8
9/4/2020,Wind,248,Friday,September,Fall,1232,7,8
10/7/2020,Wind,281,Wednesday,October,Fall,8717,12,13
12/2/2023,Wind,336,Saturday,December,Winter,3249,5,6
6/28/2024,Solar,180,Friday,June,Summer,6716,16,17
8/22/2021,Wind,234,Sunday,August,Summer,3345,21,22
2/17/2023,Wind,48,Friday,February,Winter,9868,9,10
2/16/2022,Wind,47,Wednesday,February,Winter,16745,13,14
12/3/2022,Wind,337,Saturday,December,Winter,6803,2,3
4/8/2021,Solar,98,Thursday,April,Spring,5202,14,15
1/5/2025,Wind,5,Sunday,January,Winter,19348,15,16
10/8/2024,Wind,282,Tuesday,October,Fall,10350,8,9
2/12/2022,Wind,43,Saturday,February,Winter,4558,6,7
7/7/2023,Wind,188,Friday,July,Summer,4486,5,6
7/14/2020,Wind,196,Tuesday,July,Summer,2101,21,22
12/9/2022,Wind,343,Friday,December,Winter,2064,20,21
7/5/2022,Wind,186,Tuesday,July,Summer,3667,0,1
11/20/2021,Wind,324,Saturday,November,Fall,210,18,19
2/9/2023,Wind,40,Thursday,February,Winter,1322,8,9
3/1/2025,Wind,60,Saturday,March,Spring,10187,23,0
7/25/2023,Wind,206,Tuesday,July,Summer,7186,9,10
12/25/2024,Solar,360,Wednesday,December,Winter,2874,10,11
5/8/2024,Wind,129,Wednesday,May,Spring,5427,7,8
10/3/2021,Wind,276,Sunday,October,Fall,8606,15,16
4/18/2024,Wind,109,Thursday,April,Spring,3786,23,0
11/4/2023,Wind,308,Saturday,November,Fall,15504,7,8
5/25/2022,Wind,145,Wednesday,May,Spring,5875,22,23
1/22/2022,Wind,22,Saturday,January,Winter,2136,20,21
8/18/2022,Solar,230,Thursday,August,Summer,5355,13,14
8/14/2025,Solar,226,Thursday,August,Summer,4159,9,10
1/1/2023,Wind,1,Sunday,January,Winter,11283,9,10
1/20/2024,Wind,20,Saturday,January,Winter,4846,18,19
11/17/2021,Wind,321,Wednesday,November,Fall,1887,18,19
9/29/2020,Wind,273,Tuesday,September,Fall,2642,2,3
8/8/2020,Wind,221,Saturday,August,Summer,2390,23,0
1/18/2024,Wind,18,Thursday,January,Winter,4246,18,19
10/18/2024,Wind,292,Friday,October,Fall,4798,0,1
6/27/2025,Wind,178,Friday,June,Summer,1584,22,23
2/11/2025,Wind,42,Tuesday,February,Winter,3812,8,9
8/25/2023,Wind,237,Friday,August,Summer,9893,16,17
12/2/2021,Wind,336,Thursday,December,Winter,6952,5,6
1/25/2022,Wind,25,Tuesday,January,Winter,328,7,8
9/26/2022,Wind,269,Monday,September,Fall,15890,14,15
12/17/2022,Wind,351,Saturday,December,Winter,2347,16,17
2/21/2020,Wind,52,Friday,February,Winter,4193,8,9
9/13/2021,Wind,256,Monday,September,Fall,1554,19,20
7/12/2020,Solar,194,Sunday,July,Summer,5689,14,15
5/29/2023,Wind,149,Monday,May,Spring,9264,9,10
8/30/2024,Wind,243,Friday,August,Summer,2456,4,5
7/28/2021,Wind,209,Wednesday,July,Summer,10176,14,15
3/29/2023,Wind,88,Wednesday,March,Spring,4271,5,6
5/11/2021,Wind,131,Tuesday,May,Spring,6405,19,20
1/9/2025,Wind,9,Thursday,January,Winter,10749,15,16
1/5/2022,Wind,5,Wednesday,January,Winter,7802,2,3
8/26/2024,Wind,239,Monday,August,Summer,2045,23,0
2/19/2023,Solar,50,Sunday,February,Winter,7077,14,15
6/23/2025,Wind,174,Monday,June,Summer,12740,18,19
8/4/2020,Wind,217,Tuesday,August,Summer,2445,19,20
2/11/2023,Wind,42,Saturday,February,Winter,2391,8,9
9/16/2022,Wind,259,Friday,September,Fall,1953,6,7
10/13/2025,Wind,286,Monday,October,Fall,6119,3,4
7/3/2025,Wind,184,Thursday,July,Summer,5539,0,1
12/7/2022,Wind,341,Wednesday,December,Winter,1410,23,0
2/10/2024,Wind,41,Saturday,February,Winter,4487,3,4
7/9/2021,Wind,190,Friday,July,Summer,1208,3,4
2/16/2025,Wind,47,Sunday,February,Winter,4574,0,1
11/24/2024,Wind,329,Sunday,November,Fall,21544,10,11
12/11/2024,Wind,346,Wednesday,December,Winter,5916,19,20
5/20/2025,Wind,140,Tuesday,May,Spring,5566,21,22
1/21/2022,Wind,21,Friday,January,Winter,5002,9,10
1/30/2025,Wind,30,Thursday,January,Winter,5813,7,8
1/29/2021,Wind,29,Friday,January,Winter,12983,17,18
4/19/2024,Wind,110,Friday,April,Spring,9003,5,6
12/1/2020,Wind,336,Tuesday,December,Winter,8412,12,13
2/19/2024,Wind,50,Monday,February,Winter,4002,3,4
9/21/2023,Wind,264,Thursday,September,Fall,6474,13,14
3/17/2025,Wind,76,Monday,March,Spring,5489,2,3
8/2/2024,Wind,215,Friday,August,Summer,7412,18,19
7/15/2020,Wind,197,Wednesday,July,Summer,1451,3,4
10/15/2022,Wind,288,Saturday,October,Fall,8245,16,17
5/11/2025,Solar,131,Sunday,May,Spring,3050,10,11
1/21/2025,Solar,21,Tuesday,January,Winter,5754,13,14
8/2/2023,Wind,214,Wednesday,August,Summer,15356,8,9
10/6/2025,Wind,279,Monday,October,Fall,2272,19,20
3/22/2024,Solar,82,Friday,March,Spring,7952,16,17
4/4/2021,Wind,94,Sunday,April,Spring,6551,2,3
11/8/2022,Wind,312,Tuesday,November,Fall,13306,6,7
9/19/2023,Wind,262,Tuesday,September,Fall,7887,9,10
5/5/2022,Solar,125,Thursday,May,Spring,6137,16,17
3/16/2021,Wind,75,Tuesday,March,Spring,3759,3,4
3/18/2023,Wind,77,Saturday,March,Spring,4032,21,22
1/4/2023,Wind,4,Wednesday,January,Winter,13392,19,20
1/5/2021,Wind,5,Tuesday,January,Winter,1794,19,20
12/7/2020,Wind,342,Monday,December,Winter,3434,22,23
4/24/2024,Wind,115,Wednesday,April,Spring,11510,15,16
4/27/2025,Solar,117,Sunday,April,Spring,3352,16,17
10/16/2021,Wind,289,Saturday,October,Fall,1545,7,8
4/17/2022,Wind,107,Sunday,April,Spring,6232,9,10
11/15/2022,Wind,319,Tuesday,November,Fall,10920,10,11
1/6/2021,Wind,6,Wednesday,January,Winter,1467,1,2
6/9/2020,Solar,161,Tuesday,June,Summer,4734,11,12
3/14/2023,Wind,73,Tuesday,March,Spring,10320,17,18
1/31/2021,Wind,31,Sunday,January,Winter,5433,17,18
1/28/2021,Wind,28,Thursday,January,Winter,9207,22,23
2/14/2023,Wind,45,Tuesday,February,Winter,4137,20,21
8/29/2024,Solar,242,Thursday,August,Summer,5199,10,11
10/3/2022,Solar,276,Monday,October,Fall,5084,13,14
2/23/2022,Solar,54,Wednesday,February,Winter,3903,10,11
8/24/2025,Wind,236,Sunday,August,Summer,3233,7,8
2/6/2021,Wind,37,Saturday,February,Winter,3255,12,13
4/29/2023,Solar,119,Saturday,April,Spring,4800,15,16
4/22/2023,Wind,112,Saturday,April,Spring,4492,4,5
5/24/2020,Solar,145,Sunday,May,Spring,5849,13,14
2/7/2023,Wind,38,Tuesday,February,Winter,6303,16,17
7/6/2022,Wind,187,Wednesday,July,Summer,3439,3,4
11/25/2023,Wind,329,Saturday,November,Fall,3662,22,23
12/9/2022,Wind,343,Friday,December,Winter,3163,14,15
12/15/2020,Wind,350,Tuesday,December,Winter,5961,0,1
3/10/2022,Wind,69,Thursday,March,Spring,6888,21,22
6/15/2024,Wind,167,Saturday,June,Summer,10230,16,17
10/27/2025,Wind,300,Monday,October,Fall,20785,10,11
7/2/2020,Wind,184,Thursday,July,Summer,3158,23,0
9/21/2021,Wind,264,Tuesday,September,Fall,2741,18,19
4/3/2022,Wind,93,Sunday,April,Spring,1788,20,21
1/4/2025,Wind,4,Saturday,January,Winter,10639,22,23
9/6/2021,Solar,249,Monday,September,Fall,4649,16,17
1/12/2022,Wind,12,Wednesday,January,Winter,3948,10,11
3/3/2023,Wind,62,Friday,March,Spring,5441,17,18
11/21/2021,Wind,325,Sunday,November,Fall,3618,12,13
7/28/2022,Wind,209,Thursday,July,Summer,1737,20,21
1/28/2023,Wind,28,Saturday,January,Winter,2799,21,22
12/22/2024,Wind,357,Sunday,December,Winter,19928,11,12
3/12/2024,Wind,72,Tuesday,March,Spring,4768,3,4
11/11/2022,Wind,315,Friday,November,Fall,2888,17,18
11/7/2024,Wind,312,Thursday,November,Fall,3242,21,22
6/27/2024,Wind,179,Thursday,June,Summer,839,3,4
11/23/2020,Solar,328,Monday,November,Fall,2374,14,15
6/19/2025,Wind,170,Thursday,June,Summer,6052,22,23
8/7/2024,Wind,220,Wednesday,August,Summer,1802,2,3
7/5/2020,Wind,187,Sunday,July,Summer,10632,15,16
5/27/2023,Solar,147,Saturday,May,Spring,8746,11,12
4/21/2021,Wind,111,Wednesday,April,Spring,1068,5,6
9/15/2024,Wind,259,Sunday,September,Fall,3333,20,21
7/1/2025,Wind,182,Tuesday,July,Summer,1421,6,7
9/9/2024,Wind,253,Monday,September,Fall,9339,9,10
9/12/2021,Solar,255,Sunday,September,Fall,3552,10,11
1/13/2022,Wind,13,Thursday,January,Winter,2645,4,5
7/23/2025,Wind,204,Wednesday,July,Summer,1307,1,2
8/27/2023,Wind,239,Sunday,August,Summer,1781,2,3
2/19/2024,Wind,50,Monday,February,Winter,3287,6,7
6/16/2022,Solar,167,Thursday,June,Summer,5124,16,17
9/11/2025,Wind,254,Thursday,September,Fall,10615,3,4
6/27/2021,Wind,178,Sunday,June,Summer,748,23,0
6/13/2025,Wind,164,Friday,June,Summer,2429,6,7
12/10/2020,Wind,345,Thursday,December,Winter,4988,9,10
11/29/2022,Wind,333,Tuesday,November,Fall,1194,20,21
11/13/2021,Wind,317,Saturday,November,Fall,5812,4,5
7/22/2025,Wind,203,Tuesday,July,Summer,13809,16,17
2/21/2024,Wind,52,Wednesday,February,Winter,15375,23,0
8/7/2021,Wind,219,Saturday,August,Summer,9544,21,22
11/24/2023,Wind,328,Friday,November,Fall,9941,10,11
6/3/2021,Wind,154,Thursday,June,Summer,1771,19,20
12/2/2020,Wind,337,Wednesday,December,Winter,2043,20,21
4/29/2023,Wind,119,Saturday,April,Spring,1622,7,8
4/16/2021,Solar,106,Friday,April,Spring,7807,11,12
2/13/2020,Wind,44,Thursday,February,Winter,13233,13,14
11/21/2021,Wind,325,Sunday,November,Fall,3948,13,14
12/18/2023,Wind,352,Monday,December,Winter,2101,3,4
6/1/2020,Solar,153,Monday,June,Summer,4181,10,11
7/24/2025,Solar,205,Thursday,July,Summer,9540,15,16
6/24/2023,Solar,175,Saturday,June,Summer,8820,13,14
3/7/2022,Wind,66,Monday,March,Spring,10894,12,13
10/21/2021,Wind,294,Thursday,October,Fall,13513,1,2
2/11/2024,Wind,42,Sunday,February,Winter,9448,1,2
9/7/2023,Solar,250,Thursday,September,Fall,4368,17,18
11/25/2023,Wind,329,Saturday,November,Fall,10661,13,14
10/2/2020,Wind,276,Friday,October,Fall,6441,14,15
1/5/2022,Wind,5,Wednesday,January,Winter,6918,10,11
3/28/2022,Wind,87,Monday,March,Spring,1643,19,20
9/1/2020,Wind,245,Tuesday,September,Fall,1448,8,9
9/19/2025,Solar,262,Friday,September,Fall,10145,16,17
11/3/2023,Wind,307,Friday,November,Fall,10759,11,12
11/25/2020,Wind,330,Wednesday,November,Fall,3453,19,20
10/1/2022,Wind,274,Saturday,October,Fall,13589,1,2
8/2/2021,Wind,214,Monday,August,Summer,1434,0,1
8/8/2020,Solar,221,Saturday,August,Summer,2968,10,11
9/14/2022,Wind,257,Wednesday,September,Fall,1861,3,4
5/31/2021,Wind,151,Monday,May,Spring,3833,8,9
12/27/2023,Wind,361,Wednesday,December,Winter,12667,15,16
8/1/2024,Wind,214,Thursday,August,Summer,4264,19,20
4/4/2023,Wind,94,Tuesday,April,Spring,4139,19,20
5/3/2024,Wind,124,Friday,May,Spring,9022,0,1
9/15/2024,Wind,259,Sunday,September,Fall,4322,22,23
9/13/2021,Wind,256,Monday,September,Fall,1809,6,7
12/7/2021,Wind,341,Tuesday,December,Winter,13600,18,19
11/30/2023,Wind,334,Thursday,November,Fall,1780,4,5
3/10/2022,Wind,69,Thursday,March,Spring,6777,1,2
3/30/2022,Solar,89,Wednesday,March,Spring,2186,11,12
8/9/2022,Wind,221,Tuesday,August,Summer,6466,3,4
5/4/2023,Wind,124,Thursday,May,Spring,9901,17,18
12/13/2023,Wind,347,Wednesday,December,Winter,6869,10,11
9/29/2022,Solar,272,Thursday,September,Fall,4400,13,14
8/28/2024,Solar,241,Wednesday,August,Summer,10829,13,14
9/17/2024,Wind,261,Tuesday,September,Fall,10111,8,9
1/6/2020,Wind,6,Monday,January,Winter,5665,11,12
9/7/2022,Wind,250,Wednesday,September,Fall,6353,16,17
10/21/2022,Wind,294,Friday,October,Fall,7894,2,3
5/26/2021,Wind,146,Wednesday,May,Spring,4996,19,20
6/26/2022,Wind,177,Sunday,June,Summer,1831,4,5
7/13/2025,Wind,194,Sunday,July,Summer,3952,20,21
6/29/2024,Wind,181,Saturday,June,Summer,4387,7,8
11/8/2024,Solar,313,Friday,November,Fall,4482,14,15
7/11/2022,Solar,192,Monday,July,Summer,7469,10,11
1/10/2022,Wind,10,Monday,January,Winter,1005,6,7
3/21/2025,Wind,80,Friday,March,Spring,7350,0,1
2/15/2023,Solar,46,Wednesday,February,Winter,6445,13,14
4/17/2025,Wind,107,Thursday,April,Spring,2336,1,2
2/15/2025,Wind,46,Saturday,February,Winter,7209,1,2
9/28/2020,Wind,272,Monday,September,Fall,4748,18,19
6/30/2021,Wind,181,Wednesday,June,Summer,2097,4,5
7/20/2022,Wind,201,Wednesday,July,Summer,2316,6,7
4/22/2020,Wind,113,Wednesday,April,Spring,5000,2,3
9/23/2021,Wind,266,Thursday,September,Fall,1171,20,21
2/27/2020,Wind,58,Thursday,February,Winter,5262,0,1
3/26/2021,Wind,85,Friday,March,Spring,8311,20,21
1/13/2020,Wind,13,Monday,January,Winter,3845,8,9
9/22/2025,Wind,265,Monday,September,Fall,8892,23,0
1/13/2023,Wind,13,Friday,January,Winter,14537,8,9
7/16/2024,Wind,198,Tuesday,July,Summer,7743,6,7
6/4/2024,Wind,156,Tuesday,June,Summer,7459,18,19
11/2/2020,Wind,307,Monday,November,Fall,4458,22,23
10/7/2022,Solar,280,Friday,October,Fall,4853,11,12
2/24/2022,Wind,55,Thursday,February,Winter,12191,17,18
11/27/2021,Wind,331,Saturday,November,Fall,7605,6,7
8/7/2020,Solar,220,Friday,August,Summer,2665,9,10
7/10/2022,Wind,191,Sunday,July,Summer,5201,2,3
7/13/2021,Wind,194,Tuesday,July,Summer,3421,1,2
5/1/2025,Wind,121,Thursday,May,Spring,5525,2,3
11/30/2025,Wind,334,Sunday,November,Fall,4365,5,6
12/25/2020,Wind,360,Friday,December,Winter,6272,6,7
4/19/2021,Solar,109,Monday,April,Spring,4484,11,12
3/29/2024,Wind,89,Friday,March,Spring,5301,22,23
7/29/2023,Wind,210,Saturday,July,Summer,5340,8,9
6/5/2022,Wind,156,Sunday,June,Summer,1412,4,5
8/11/2021,Wind,223,Wednesday,August,Summer,508,6,7
11/27/2022,Wind,331,Sunday,November,Fall,8438,12,13
6/11/2025,Solar,162,Wednesday,June,Summer,5524,8,9
6/1/2023,Solar,152,Thursday,June,Summer,8686,11,12
10/14/2022,Wind,287,Friday,October,Fall,5617,9,10
5/7/2025,Solar,127,Wednesday,May,Spring,11508,13,14
3/30/2022,Solar,89,Wednesday,March,Spring,3152,14,15
3/13/2025,Solar,72,Thursday,March,Spring,5712,15,16
9/23/2021,Solar,266,Thursday,September,Fall,5575,15,16
2/4/2020,Wind,35,Tuesday,February,Winter,10605,4,5
5/14/2021,Wind,134,Friday,May,Spring,5623,19,20
5/30/2022,Wind,150,Monday,May,Spring,4110,2,3
1/30/2021,Wind,30,Saturday,January,Winter,5748,6,7
6/20/2024,Wind,172,Thursday,June,Summer,4284,7,8
8/7/2025,Solar,219,Thursday,August,Summer,3099,19,20
8/24/2024,Wind,237,Saturday,August,Summer,6102,3,4
9/15/2022,Wind,258,Thursday,September,Fall,1704,7,8
7/6/2020,Wind,188,Monday,July,Summer,6827,1,2
8/28/2022,Wind,240,Sunday,August,Summer,3890,6,7
9/14/2020,Solar,258,Monday,September,Fall,4786,12,13
5/24/2024,Wind,145,Friday,May,Spring,645,22,23
8/8/2025,Wind,220,Friday,August,Summer,1464,6,7
7/10/2020,Wind,192,Friday,July,Summer,5130,10,11
1/17/2020,Wind,17,Friday,January,Winter,7402,18,19
7/17/2024,Solar,199,Wednesday,July,Summer,4046,18,19
1/2/2023,Wind,2,Monday,January,Winter,6552,7,8
2/14/2021,Wind,45,Sunday,February,Winter,7245,0,1
7/26/2025,Wind,207,Saturday,July,Summer,2295,5,6
10/23/2020,Wind,297,Friday,October,Fall,2714,10,11
7/3/2024,Wind,185,Wednesday,July,Summer,1771,1,2
11/12/2024,Wind,317,Tuesday,November,Fall,8223,22,23
11/12/2025,Wind,316,Wednesday,November,Fall,13595,17,18
4/26/2024,Wind,117,Friday,April,Spring,3091,19,20
12/20/2023,Wind,354,Wednesday,December,Winter,9752,11,12
4/4/2024,Wind,95,Thursday,April,Spring,7001,20,21
3/18/2025,Wind,77,Tuesday,March,Spring,10105,20,21
4/14/2020,Wind,105,Tuesday,April,Spring,6515,18,19
3/2/2020,Wind,62,Monday,March,Spring,8448,23,0
1/11/2020,Wind,11,Saturday,January,Winter,3308,7,8
2/10/2022,Wind,41,Thursday,February,Winter,3020,19,20
10/13/2024,Wind,287,Sunday,October,Fall,3330,4,5
1/16/2024,Wind,16,Tuesday,January,Winter,2197,0,1
9/10/2020,Solar,254,Thursday,September,Fall,2293,17,18
8/25/2025,Wind,237,Monday,August,Summer,3906,8,9
3/5/2024,Wind,65,Tuesday,March,Spring,6764,16,17
8/23/2022,Wind,235,Tuesday,August,Summer,1085,7,8
7/17/2021,Wind,198,Saturday,July,Summer,6467,18,19
4/27/2025,Solar,117,Sunday,April,Spring,3596,11,12
2/27/2020,Wind,58,Thursday,February,Winter,10596,18,19
11/6/2024,Wind,311,Wednesday,November,Fall,292,7,8
11/22/2024,Wind,327,Friday,November,Fall,15122,14,15
11/19/2024,Wind,324,Tuesday,November,Fall,11992,21,22
5/26/2021,Wind,146,Wednesday,May,Spring,5335,1,2
11/29/2021,Wind,333,Monday,November,Fall,4389,12,13
4/9/2023,Wind,99,Sunday,April,Spring,3548,3,4
5/20/2024,Solar,141,Monday,May,Spring,5874,11,12
9/6/2021,Solar,249,Monday,September,Fall,2723,9,10
12/16/2020,Wind,351,Wednesday,December,Winter,7220,23,0
6/11/2021,Solar,162,Friday,June,Summer,4809,11,12
3/15/2024,Wind,75,Friday,March,Spring,9923,4,5
2/20/2023,Wind,51,Monday,February,Winter,3288,2,3
5/2/2025,Wind,122,Friday,May,Spring,4524,18,19
4/30/2021,Wind,120,Friday,April,Spring,1408,7,8
8/30/2024,Wind,243,Friday,August,Summer,5577,23,0
9/30/2021,Wind,273,Thursday,September,Fall,1829,7,8
2/13/2024,Wind,44,Tuesday,February,Winter,7108,9,10
1/10/2023,Wind,10,Tuesday,January,Winter,7471,4,5
5/20/2023,Wind,140,Saturday,May,Spring,6415,6,7
9/1/2023,Wind,244,Friday,September,Fall,1142,22,23
6/6/2024,Solar,158,Thursday,June,Summer,8506,15,16
7/13/2025,Solar,194,Sunday,July,Summer,9654,12,13
10/18/2021,Wind,291,Monday,October,Fall,5039,16,17
3/1/2021,Wind,60,Monday,March,Spring,4453,5,6
3/18/2023,Wind,77,Saturday,March,Spring,11176,13,14
10/21/2020,Wind,295,Wednesday,October,Fall,14758,15,16
3/2/2020,Wind,62,Monday,March,Spring,7175,13,14
6/30/2023,Wind,181,Friday,June,Summer,2631,1,2
4/19/2022,Solar,109,Tuesday,April,Spring,2972,9,10
7/25/2020,Wind,207,Saturday,July,Summer,1509,6,7
11/3/2021,Wind,307,Wednesday,November,Fall,3878,2,3
9/20/2024,Wind,264,Friday,September,Fall,3712,22,23
7/6/2020,Wind,188,Monday,July,Summer,7270,10,11
6/18/2023,Wind,169,Sunday,June,Summer,2716,7,8
4/22/2024,Solar,113,Monday,April,Spring,11915,11,12
10/31/2022,Wind,304,Monday,October,Fall,1886,2,3
12/8/2022,Wind,342,Thursday,December,Winter,2320,19,20
2/19/2021,Wind,50,Friday,February,Winter,6408,8,9
7/4/2024,Wind,186,Thursday,July,Summer,7653,7,8
8/12/2022,Solar,224,Friday,August,Summer,4606,18,19
6/22/2020,Wind,174,Monday,June,Summer,1871,5,6
5/14/2022,Wind,134,Saturday,May,Spring,1781,19,20
3/14/2022,Wind,73,Monday,March,Spring,5813,23,0
4/28/2021,Solar,118,Wednesday,April,Spring,1431,9,10
2/22/2020,Wind,53,Saturday,February,Winter,8683,18,19
11/1/2024,Solar,306,Friday,November,Fall,3028,9,10
8/31/2025,Wind,243,Sunday,August,Summer,3822,20,21
8/21/2024,Solar,234,Wednesday,August,Summer,7369,10,11
11/10/2023,Wind,314,Friday,November,Fall,13482,6,7
5/4/2025,Wind,124,Sunday,May,Spring,5384,7,8
9/21/2024,Solar,265,Saturday,September,Fall,4430,13,14
3/19/2020,Wind,79,Thursday,March,Spring,1145,5,6
10/2/2020,Wind,276,Friday,October,Fall,9401,8,9
9/25/2022,Wind,268,Sunday,September,Fall,4472,17,18
8/25/2022,Wind,237,Thursday,August,Summer,4858,19,20
8/10/2023,Wind,222,Thursday,August,Summer,3790,8,9
9/21/2024,Wind,265,Saturday,September,Fall,3321,3,4
1/22/2022,Wind,22,Saturday,January,Winter,3202,3,4
11/9/2023,Wind,313,Thursday,November,Fall,9159,8,9
11/25/2024,Wind,330,Monday,November,Fall,18407,0,1
7/8/2023,Wind,189,Saturday,July,Summer,4740,3,4
9/11/2025,Wind,254,Thursday,September,Fall,10679,4,5
7/15/2023,Wind,196,Saturday,July,Summer,6810,3,4
11/3/2021,Wind,307,Wednesday,November,Fall,3050,20,21
11/23/2025,Wind,327,Sunday,November,Fall,9347,6,7
5/18/2021,Wind,138,Tuesday,May,Spring,5821,14,15
2/4/2024,Wind,35,Sunday,February,Winter,8994,10,11
7/16/2020,Wind,198,Thursday,July,Summer,1763,0,1
7/3/2020,Wind,185,Friday,July,Summer,3011,2,3
3/4/2024,Solar,64,Monday,March,Spring,9667,12,13
10/15/2020,Wind,289,Thursday,October,Fall,6069,11,12
1/25/2023,Wind,25,Wednesday,January,Winter,1037,22,23
2/4/2023,Wind,35,Saturday,February,Winter,2961,17,18
2/3/2023,Wind,34,Friday,February,Winter,5209,19,20
2/24/2025,Wind,55,Monday,February,Winter,13295,14,15
11/11/2025,Wind,315,Tuesday,November,Fall,14313,21,22
5/7/2025,Wind,127,Wednesday,May,Spring,11125,14,15
6/18/2024,Solar,170,Tuesday,June,Summer,7585,15,16
4/13/2021,Solar,103,Tuesday,April,Spring,6733,11,12
1/6/2024,Wind,6,Saturday,January,Winter,9159,14,15
1/19/2020,Wind,19,Sunday,January,Winter,4247,2,3
6/1/2021,Wind,152,Tuesday,June,Summer,5282,2,3
5/28/2023,Wind,148,Sunday,May,Spring,6446,16,17
9/19/2025,Solar,262,Friday,September,Fall,12989,13,14
8/17/2025,Wind,229,Sunday,August,Summer,5923,6,7
8/29/2023,Solar,241,Tuesday,August,Summer,6385,12,13
8/13/2020,Wind,226,Thursday,August,Summer,2213,23,0
8/30/2021,Wind,242,Monday,August,Summer,3173,7,8
7/26/2020,Wind,208,Sunday,July,Summer,4306,0,1
2/25/2023,Wind,56,Saturday,February,Winter,3671,2,3
8/16/2025,Wind,228,Saturday,August,Summer,8918,9,10
7/15/2024,Wind,197,Monday,July,Summer,10900,15,16
3/6/2020,Wind,66,Friday,March,Spring,11303,1,2
9/2/2023,Wind,245,Saturday,September,Fall,2084,7,8
1/21/2022,Solar,21,Friday,January,Winter,6900,13,14
5/6/2023,Wind,126,Saturday,May,Spring,1719,4,5
9/21/2023,Wind,264,Thursday,September,Fall,8784,15,16
7/17/2025,Solar,198,Thursday,July,Summer,9602,13,14
10/5/2023,Solar,278,Thursday,October,Fall,6634,13,14
6/13/2023,Wind,164,Tuesday,June,Summer,3141,3,4
1/8/2023,Wind,8,Sunday,January,Winter,12173,1,2
12/10/2020,Wind,345,Thursday,December,Winter,5097,4,5
3/21/2023,Wind,80,Tuesday,March,Spring,8403,13,14
4/25/2022,Solar,115,Monday,April,Spring,7151,14,15
9/14/2025,Wind,257,Sunday,September,Fall,4414,1,2
9/29/2024,Wind,273,Sunday,September,Fall,1277,1,2
2/6/2025,Wind,37,Thursday,February,Winter,11486,18,19
12/20/2022,Wind,354,Tuesday,December,Winter,11990,11,12
11/26/2024,Wind,331,Tuesday,November,Fall,6210,8,9
3/13/2023,Wind,72,Monday,March,Spring,16408,16,17
9/3/2025,Wind,246,Wednesday,September,Fall,18721,10,11
11/9/2024,Wind,314,Saturday,November,Fall,1300,3,4
2/23/2020,Wind,54,Sunday,February,Winter,9881,19,20
8/3/2020,Wind,216,Monday,August,Summer,4530,20,21
11/3/2021,Wind,307,Wednesday,November,Fall,3960,6,7
12/10/2022,Solar,344,Saturday,December,Winter,3935,14,15
11/22/2024,Wind,327,Friday,November,Fall,15569,11,12
6/15/2020,Wind,167,Monday,June,Summer,2040,0,1
2/22/2021,Wind,53,Monday,February,Winter,6815,3,4
1/28/2025,Wind,28,Tuesday,January,Winter,20885,13,14
6/5/2022,Wind,156,Sunday,June,Summer,8904,14,15
7/30/2022,Wind,211,Saturday,July,Summer,2584,20,21
7/29/2021,Wind,210,Thursday,July,Summer,965,21,22
9/7/2023,Solar,250,Thursday,September,Fall,2452,18,19
11/11/2023,Wind,315,Saturday,November,Fall,6863,1,2
3/21/2020,Wind,81,Saturday,March,Spring,7494,5,6
10/19/2020,Wind,293,Monday,October,Fall,1525,4,5
3/15/2024,Wind,75,Friday,March,Spring,14005,9,10
2/25/2022,Wind,56,Friday,February,Winter,7242,5,6
5/11/2025,Wind,131,Sunday,May,Spring,3052,21,22
4/4/2023,Solar,94,Tuesday,April,Spring,11558,13,14
2/27/2022,Wind,58,Sunday,February,Winter,6470,21,22
6/23/2025,Wind,174,Monday,June,Summer,5291,2,3
10/8/2020,Wind,282,Thursday,October,Fall,6790,4,5
7/3/2023,Wind,184,Monday,July,Summer,11708,17,18
2/6/2023,Wind,37,Monday,February,Winter,7870,20,21
3/30/2023,Wind,89,Thursday,March,Spring,18316,13,14
5/16/2020,Wind,137,Saturday,May,Spring,3193,20,21
10/3/2023,Wind,276,Tuesday,October,Fall,9033,14,15
11/20/2020,Wind,325,Friday,November,Fall,2773,19,20
8/15/2020,Wind,228,Saturday,August,Summer,384,5,6
6/21/2024,Wind,173,Friday,June,Summer,2878,8,9
12/2/2021,Wind,336,Thursday,December,Winter,5934,2,3
12/19/2020,Wind,354,Saturday,December,Winter,9422,13,14
4/10/2021,Wind,100,Saturday,April,Spring,5393,9,10
12/25/2022,Wind,359,Sunday,December,Winter,9466,18,19
7/19/2023,Wind,200,Wednesday,July,Summer,2823,4,5
5/14/2024,Wind,135,Tuesday,May,Spring,6999,17,18
5/23/2020,Wind,144,Saturday,May,Spring,7862,13,14
10/3/2021,Wind,276,Sunday,October,Fall,5964,23,0
1/29/2024,Wind,29,Monday,January,Winter,8687,13,14
10/15/2021,Wind,288,Friday,October,Fall,1124,19,20
6/12/2021,Wind,163,Saturday,June,Summer,1829,7,8
9/22/2020,Wind,266,Tuesday,September,Fall,894,1,2
10/19/2021,Wind,292,Tuesday,October,Fall,8475,10,11
11/7/2022,Wind,311,Monday,November,Fall,8246,17,18
8/21/2023,Wind,233,Monday,August,Summer,2603,1,2
4/8/2022,Wind,98,Friday,April,Spring,6694,23,0
11/10/2020,Solar,315,Tuesday,November,Fall,2552,12,13
8/30/2025,Wind,242,Saturday,August,Summer,5384,8,9
9/26/2020,Wind,270,Saturday,September,Fall,11643,10,11
9/3/2024,Wind,247,Tuesday,September,Fall,1253,23,0
3/10/2025,Wind,69,Monday,March,Spring,2663,6,7
2/16/2023,Wind,47,Thursday,February,Winter,3980,3,4
3/11/2020,Wind,71,Wednesday,March,Spring,11361,15,16
12/27/2023,Wind,361,Wednesday,December,Winter,9035,8,9
10/15/2021,Solar,288,Friday,October,Fall,4028,15,16
10/14/2021,Wind,287,Thursday,October,Fall,1908,1,2
3/11/2022,Wind,70,Friday,March,Spring,10317,19,20
3/8/2021,Wind,67,Monday,March,Spring,3070,5,6
10/23/2025,Wind,296,Thursday,October,Fall,17992,19,20
8/22/2021,Wind,234,Sunday,August,Summer,3212,6,7
6/19/2022,Solar,170,Sunday,June,Summer,9444,12,13
1/2/2022,Wind,2,Sunday,January,Winter,6918,4,5
12/17/2020,Wind,352,Thursday,December,Winter,5845,3,4
3/8/2020,Wind,68,Sunday,March,Spring,7440,0,1
5/22/2020,Wind,143,Friday,May,Spring,1663,23,0
8/1/2023,Wind,213,Tuesday,August,Summer,11387,10,11
11/12/2024,Wind,317,Tuesday,November,Fall,9661,20,21
6/26/2022,Solar,177,Sunday,June,Summer,4430,14,15
5/13/2025,Wind,133,Tuesday,May,Spring,1684,20,21
10/12/2021,Wind,285,Tuesday,October,Fall,5195,17,18
3/26/2021,Wind,85,Friday,March,Spring,5079,8,9
6/20/2024,Wind,172,Thursday,June,Summer,3344,18,19
3/3/2020,Wind,63,Tuesday,March,Spring,3260,21,22
11/18/2022,Wind,322,Friday,November,Fall,7173,13,14
3/14/2021,Wind,73,Sunday,March,Spring,10637,8,9
11/17/2025,Wind,321,Monday,November,Fall,4027,22,23
6/25/2021,Wind,176,Friday,June,Summer,2162,0,1
5/16/2021,Wind,136,Sunday,May,Spring,10947,14,15
9/22/2025,Wind,265,Monday,September,Fall,9995,8,9
2/17/2022,Wind,48,Thursday,February,Winter,16410,13,14
1/8/2025,Wind,8,Wednesday,January,Winter,9828,11,12
3/8/2021,Wind,67,Monday,March,Spring,2869,3,4
4/8/2025,Solar,98,Tuesday,April,Spring,8550,15,16
9/25/2022,Wind,268,Sunday,September,Fall,3647,9,10
6/17/2022,Solar,168,Friday,June,Summer,6029,11,12
2/24/2024,Wind,55,Saturday,February,Winter,15371,12,13
11/7/2021,Wind,311,Sunday,November,Fall,3223,21,22
8/23/2025,Wind,235,Saturday,August,Summer,2569,21,22
3/1/2022,Wind,60,Tuesday,March,Spring,2721,21,22
4/3/2021,Wind,93,Saturday,April,Spring,14891,13,14
2/13/2021,Wind,44,Saturday,February,Winter,6349,17,18
12/26/2023,Wind,360,Tuesday,December,Winter,9160,6,7
3/13/2022,Wind,72,Sunday,March,Spring,9151,9,10
6/22/2024,Wind,174,Saturday,June,Summer,5101,1,2
1/15/2025,Solar,15,Wednesday,January,Winter,6285,13,14
8/14/2022,Wind,226,Sunday,August,Summer,7767,16,17
9/13/2021,Wind,256,Monday,September,Fall,2957,21,22
6/4/2020,Wind,156,Thursday,June,Summer,5751,14,15
10/6/2022,Wind,279,Thursday,October,Fall,459,19,20
12/19/2022,Wind,353,Monday,December,Winter,12566,4,5
3/4/2022,Wind,63,Friday,March,Spring,4002,9,10
5/23/2023,Wind,143,Tuesday,May,Spring,8084,9,10
10/12/2025,Wind,285,Sunday,October,Fall,5142,2,3
4/2/2022,Wind,92,Saturday,April,Spring,9702,5,6
3/7/2022,Wind,66,Monday,March,Spring,9049,16,17
11/23/2022,Wind,327,Wednesday,November,Fall,8193,6,7
1/24/2022,Solar,24,Monday,January,Winter,4385,11,12
1/31/2021,Wind,31,Sunday,January,Winter,4875,2,3
10/22/2025,Solar,295,Wednesday,October,Fall,7336,13,14
9/26/2024,Wind,270,Thursday,September,Fall,12407,6,7
8/17/2025,Solar,229,Sunday,August,Summer,9585,17,18
5/10/2023,Wind,130,Wednesday,May,Spring,7707,3,4
3/21/2021,Wind,80,Sunday,March,Spring,8663,15,16
1/2/2020,Wind,2,Thursday,January,Winter,6813,21,22
7/5/2023,Wind,186,Wednesday,July,Summer,12672,13,14
7/10/2022,Wind,191,Sunday,July,Summer,4249,21,22
11/19/2022,Wind,323,Saturday,November,Fall,3365,19,20
2/23/2024,Wind,54,Friday,February,Winter,15206,0,1
6/3/2021,Wind,154,Thursday,June,Summer,1289,22,23
4/17/2021,Wind,107,Saturday,April,Spring,8185,11,12
5/15/2024,Solar,136,Wednesday,May,Spring,4141,18,19
10/9/2022,Wind,282,Sunday,October,Fall,4252,1,2
12/28/2022,Wind,362,Wednesday,December,Winter,15714,17,18
5/17/2021,Wind,137,Monday,May,Spring,11934,8,9
3/10/2021,Wind,69,Wednesday,March,Spring,10787,17,18
3/29/2020,Wind,89,Sunday,March,Spring,12637,20,21
12/9/2022,Wind,343,Friday,December,Winter,3573,11,12
7/17/2022,Solar,198,Sunday,July,Summer,6303,17,18
2/23/2022,Wind,54,Wednesday,February,Winter,1715,18,19
5/1/2020,Wind,122,Friday,May,Spring,8478,11,12
2/20/2020,Wind,51,Thursday,February,Winter,12752,12,13
9/12/2023,Wind,255,Tuesday,September,Fall,1028,3,4
5/30/2022,Solar,150,Monday,May,Spring,2738,8,9
3/12/2020,Wind,72,Thursday,March,Spring,8034,22,23
12/16/2024,Wind,351,Monday,December,Winter,3165,18,19
2/8/2022,Wind,39,Tuesday,February,Winter,2613,19,20
2/10/2023,Wind,41,Friday,February,Winter,1779,19,20
12/10/2024,Wind,345,Tuesday,December,Winter,11211,0,1
3/25/2020,Solar,85,Wednesday,March,Spring,5257,10,11
1/23/2023,Wind,23,Monday,January,Winter,4215,5,6
3/31/2022,Wind,90,Thursday,March,Spring,3308,3,4
8/7/2020,Wind,220,Friday,August,Summer,2007,23,0
2/10/2025,Wind,41,Monday,February,Winter,6846,18,19
7/21/2021,Solar,202,Wednesday,July,Summer,6031,15,16
9/4/2021,Solar,247,Saturday,September,Fall,2823,10,11
6/23/2025,Wind,174,Monday,June,Summer,4846,1,2
2/23/2025,Wind,54,Sunday,February,Winter,13530,15,16
9/27/2024,Wind,271,Friday,September,Fall,10616,20,21
3/17/2025,Wind,76,Monday,March,Spring,5188,0,1
6/24/2025,Wind,175,Tuesday,June,Summer,2704,1,2
12/1/2024,Wind,336,Sunday,December,Winter,7486,19,20
7/26/2021,Wind,207,Monday,July,Summer,1779,21,22
1/15/2023,Wind,15,Sunday,January,Winter,19266,12,13
11/2/2020,Wind,307,Monday,November,Fall,9919,3,4
2/25/2022,Wind,56,Friday,February,Winter,2846,20,21
1/17/2025,Solar,17,Friday,January,Winter,5413,13,14
9/8/2020,Wind,252,Tuesday,September,Fall,895,23,0
4/12/2021,Wind,102,Monday,April,Spring,3967,18,19
7/27/2021,Wind,208,Tuesday,July,Summer,1566,0,1
12/17/2020,Wind,352,Thursday,December,Winter,7100,0,1
4/9/2023,Wind,99,Sunday,April,Spring,4433,0,1
5/1/2022,Solar,121,Sunday,May,Spring,5604,16,17
10/23/2023,Wind,296,Monday,October,Fall,7230,15,16
4/6/2024,Wind,97,Saturday,April,Spring,6760,16,17
3/25/2021,Wind,84,Thursday,March,Spring,2424,23,0
12/29/2020,Wind,364,Tuesday,December,Winter,4941,11,12
4/9/2020,Wind,100,Thursday,April,Spring,746,3,4
6/6/2022,Wind,157,Monday,June,Summer,3575,8,9
5/8/2020,Wind,129,Friday,May,Spring,2057,21,22
2/6/2023,Wind,37,Monday,February,Winter,7478,10,11
3/25/2024,Wind,85,Monday,March,Spring,1448,1,2
6/11/2023,Wind,162,Sunday,June,Summer,1826,1,2
1/14/2025,Solar,14,Tuesday,January,Winter,6088,11,12
2/15/2022,Wind,46,Tuesday,February,Winter,13036,18,19
2/6/2025,Wind,37,Thursday,February,Winter,12066,23,0
12/22/2023,Wind,356,Friday,December,Winter,15656,19,20
7/7/2020,Solar,189,Tuesday,July,Summer,2361,8,9
7/20/2021,Wind,201,Tuesday,July,Summer,4074,1,2
12/2/2021,Wind,336,Thursday,December,Winter,4111,21,22
10/19/2021,Wind,292,Tuesday,October,Fall,8741,11,12
2/2/2022,Wind,33,Wednesday,February,Winter,2853,20,21
8/14/2025,Wind,226,Thursday,August,Summer,2267,3,4
5/23/2023,Wind,143,Tuesday,May,Spring,6766,8,9
4/24/2023,Wind,114,Monday,April,Spring,6416,18,19
8/30/2021,Wind,242,Monday,August,Summer,5261,21,22
11/10/2020,Solar,315,Tuesday,November,Fall,2271,11,12
10/17/2023,Wind,290,Tuesday,October,Fall,6810,10,11
8/3/2024,Solar,216,Saturday,August,Summer,8860,12,13
9/16/2021,Wind,259,Thursday,September,Fall,631,6,7
5/23/2021,Wind,143,Sunday,May,Spring,5138,8,9
2/15/2020,Wind,46,Saturday,February,Winter,6365,7,8
3/16/2020,Wind,76,Monday,March,Spring,3587,13,14
4/9/2024,Wind,100,Tuesday,April,Spring,13710,6,7
5/18/2021,Solar,138,Tuesday,May,Spring,5550,12,13
8/4/2025,Solar,216,Monday,August,Summer,13010,13,14
1/5/2022,Wind,5,Wednesday,January,Winter,3791,18,19
12/1/2023,Wind,335,Friday,December,Winter,4345,23,0
7/28/2021,Wind,209,Wednesday,July,Summer,3178,6,7
2/24/2023,Wind,55,Friday,February,Winter,5858,14,15
7/26/2022,Wind,207,Tuesday,July,Summer,4218,19,20
3/18/2020,Wind,78,Wednesday,March,Spring,380,18,19
5/18/2025,Wind,138,Sunday,May,Spring,3318,7,8
9/30/2023,Wind,273,Saturday,September,Fall,1568,8,9
2/20/2020,Wind,51,Thursday,February,Winter,7848,8,9
5/16/2022,Wind,136,Monday,May,Spring,691,20,21
5/27/2021,Wind,147,Thursday,May,Spring,1412,3,4
2/12/2025,Solar,43,Wednesday,February,Winter,3450,10,11
9/13/2023,Wind,256,Wednesday,September,Fall,1595,8,9
6/24/2025,Wind,175,Tuesday,June,Summer,1094,21,22
8/21/2025,Wind,233,Thursday,August,Summer,11238,15,16
9/29/2022,Wind,272,Thursday,September,Fall,1057,20,21
5/1/2024,Wind,122,Wednesday,May,Spring,5445,21,22
12/9/2022,Wind,343,Friday,December,Winter,1529,22,23
11/25/2025,Wind,329,Tuesday,November,Fall,9734,0,1
10/23/2025,Wind,296,Thursday,October,Fall,15398,16,17
3/21/2024,Wind,81,Thursday,March,Spring,2243,5,6
5/3/2022,Solar,123,Tuesday,May,Spring,5540,15,16
1/14/2023,Wind,14,Saturday,January,Winter,8733,2,3
10/3/2022,Wind,276,Monday,October,Fall,1731,18,19
10/6/2021,Wind,279,Wednesday,October,Fall,8240,4,5
1/17/2025,Wind,17,Friday,January,Winter,1503,22,23
7/11/2024,Wind,193,Thursday,July,Summer,3990,22,23
2/19/2024,Wind,50,Monday,February,Winter,9227,16,17
3/8/2025,Wind,67,Saturday,March,Spring,14741,13,14
10/5/2022,Wind,278,Wednesday,October,Fall,14688,15,16
11/24/2024,Wind,329,Sunday,November,Fall,18598,6,7
5/6/2024,Wind,127,Monday,May,Spring,2849,1,2
4/10/2020,Wind,101,Friday,April,Spring,3686,22,23
7/22/2025,Wind,203,Tuesday,July,Summer,9162,8,9
10/23/2024,Wind,297,Wednesday,October,Fall,1780,0,1
11/6/2024,Wind,311,Wednesday,November,Fall,148,3,4
10/30/2022,Solar,303,Sunday,October,Fall,5627,14,15
2/16/2024,Wind,47,Friday,February,Winter,9141,11,12
10/29/2022,Wind,302,Saturday,October,Fall,9218,12,13
6/29/2024,Wind,181,Saturday,June,Summer,5896,17,18
10/28/2020,Wind,302,Wednesday,October,Fall,11856,15,16
11/23/2020,Solar,328,Monday,November,Fall,2770,13,14
8/7/2020,Solar,220,Friday,August,Summer,2939,17,18
4/28/2021,Wind,118,Wednesday,April,Spring,4461,15,16
10/8/2025,Solar,281,Wednesday,October,Fall,4242,17,18
9/16/2024,Wind,260,Monday,September,Fall,8604,18,19
9/1/2025,Wind,244,Monday,September,Fall,8188,10,11
4/5/2025,Wind,95,Saturday,April,Spring,6463,20,21
3/7/2022,Wind,66,Monday,March,Spring,7396,17,18
2/25/2023,Wind,56,Saturday,February,Winter,8199,18,19
1/31/2020,Wind,31,Friday,January,Winter,5824,8,9
8/9/2022,Wind,221,Tuesday,August,Summer,7621,22,23
4/26/2025,Wind,116,Saturday,April,Spring,4158,16,17
12/29/2023,Wind,363,Friday,December,Winter,10568,22,23
7/30/2025,Solar,211,Wednesday,July,Summer,9183,15,16
3/17/2023,Wind,76,Friday,March,Spring,8029,17,18
2/11/2025,Wind,42,Tuesday,February,Winter,5637,1,2
2/8/2021,Wind,39,Monday,February,Winter,1234,8,9
3/3/2024,Wind,63,Sunday,March,Spring,2805,3,4
2/2/2024,Wind,33,Friday,February,Winter,3042,2,3
8/30/2020,Wind,243,Sunday,August,Summer,3412,5,6
8/29/2024,Solar,242,Thursday,August,Summer,6094,12,13
11/8/2020,Wind,313,Sunday,November,Fall,4481,5,6
2/25/2024,Wind,56,Sunday,February,Winter,11356,10,11
11/30/2023,Wind,334,Thursday,November,Fall,1743,20,21
11/3/2022,Wind,307,Thursday,November,Fall,10359,14,15
1/29/2023,Wind,29,Sunday,January,Winter,2807,16,17
3/24/2025,Wind,83,Monday,March,Spring,3751,17,18
3/10/2024,Solar,70,Sunday,March,Spring,4489,11,12
7/22/2022,Wind,203,Friday,July,Summer,2905,19,20
2/9/2024,Wind,40,Friday,February,Winter,9829,19,20
12/19/2024,Wind,354,Thursday,December,Winter,17655,11,12
1/7/2024,Wind,7,Sunday,January,Winter,7382,5,6
12/3/2020,Wind,338,Thursday,December,Winter,12392,20,21
8/7/2025,Wind,219,Thursday,August,Summer,930,3,4
11/15/2025,Wind,319,Saturday,November,Fall,4692,3,4
11/2/2022,Wind,306,Wednesday,November,Fall,5751,9,10
5/12/2024,Wind,133,Sunday,May,Spring,7203,18,19
3/1/2021,Wind,60,Monday,March,Spring,4546,20,21
6/25/2025,Solar,176,Wednesday,June,Summer,9154,14,15
6/12/2022,Wind,163,Sunday,June,Summer,4471,19,20
8/9/2024,Solar,222,Friday,August,Summer,7538,15,16
7/17/2022,Wind,198,Sunday,July,Summer,3664,22,23
10/7/2023,Wind,280,Saturday,October,Fall,1842,4,5
10/26/2025,Wind,299,Sunday,October,Fall,11977,19,20
8/1/2024,Solar,214,Thursday,August,Summer,7736,13,14
11/14/2022,Wind,318,Monday,November,Fall,4986,12,13
9/6/2025,Wind,249,Saturday,September,Fall,9528,9,10
3/1/2023,Wind,60,Wednesday,March,Spring,7633,0,1
12/13/2024,Wind,348,Friday,December,Winter,718,21,22
9/26/2025,Wind,269,Friday,September,Fall,990,6,7
6/23/2025,Wind,174,Monday,June,Summer,5544,4,5
2/27/2023,Wind,58,Monday,February,Winter,16405,16,17
1/8/2022,Wind,8,Saturday,January,Winter,15893,14,15
1/23/2025,Wind,23,Thursday,January,Winter,7687,9,10
3/17/2022,Wind,76,Thursday,March,Spring,5379,15,16
12/25/2021,Solar,359,Saturday,December,Winter,2139,11,12
7/29/2025,Solar,210,Tuesday,July,Summer,11049,15,16
5/17/2022,Wind,137,Tuesday,May,Spring,3135,7,8
2/29/2024,Wind,60,Thursday,February,Winter,7464,5,6
12/13/2021,Solar,347,Monday,December,Winter,1959,15,16
1/7/2025,Wind,7,Tuesday,January,Winter,6904,22,23
6/15/2020,Wind,167,Monday,June,Summer,3068,19,20
2/1/2022,Wind,32,Tuesday,February,Winter,9308,9,10
7/24/2025,Wind,205,Thursday,July,Summer,7239,18,19
3/22/2022,Solar,81,Tuesday,March,Spring,8895,12,13
1/22/2024,Wind,22,Monday,January,Winter,16728,5,6
8/26/2024,Wind,239,Monday,August,Summer,1669,22,23
6/20/2024,Solar,172,Thursday,June,Summer,5316,12,13
5/27/2024,Wind,148,Monday,May,Spring,8313,15,16
3/27/2025,Wind,86,Thursday,March,Spring,4075,7,8
9/30/2024,Wind,274,Monday,September,Fall,17990,14,15
11/14/2022,Wind,318,Monday,November,Fall,6382,21,22
7/2/2023,Wind,183,Sunday,July,Summer,2882,8,9
8/7/2023,Solar,219,Monday,August,Summer,8202,17,18
4/3/2023,Wind,93,Monday,April,Spring,11111,12,13
7/8/2025,Solar,189,Tuesday,July,Summer,12184,15,16
9/16/2025,Wind,259,Tuesday,September,Fall,9343,7,8
4/13/2022,Wind,103,Wednesday,April,Spring,1107,6,7
6/26/2022,Wind,177,Sunday,June,Summer,2699,0,1
10/26/2024,Wind,300,Saturday,October,Fall,2085,5,6
5/15/2024,Wind,136,Wednesday,May,Spring,2598,3,4
8/4/2020,Wind,217,Tuesday,August,Summer,2214,5,6
9/16/2021,Wind,259,Thursday,September,Fall,842,22,23
10/29/2024,Wind,303,Tuesday,October,Fall,1733,1,2
2/20/2025,Wind,51,Thursday,February,Winter,8149,17,18
12/18/2023,Wind,352,Monday,December,Winter,2271,8,9
4/21/2025,Wind,111,Monday,April,Spring,2788,21,22
9/21/2022,Solar,264,Wednesday,September,Fall,6437,16,17
3/11/2025,Wind,70,Tuesday,March,Spring,6371,16,17
6/23/2023,Solar,174,Friday,June,Summer,7189,11,12
4/6/2023,Wind,96,Thursday,April,Spring,4765,9,10
6/7/2025,Wind,158,Saturday,June,Summer,6797,4,5
9/20/2025,Wind,263,Saturday,September,Fall,10122,19,20
11/30/2022,Wind,334,Wednesday,November,Fall,1058,1,2
10/30/2025,Wind,303,Thursday,October,Fall,4783,6,7
1/21/2025,Wind,21,Tuesday,January,Winter,2522,8,9
6/2/2024,Wind,154,Sunday,June,Summer,5303,15,16
3/23/2025,Wind,82,Sunday,March,Spring,4373,6,7
6/10/2024,Wind,162,Monday,June,Summer,3938,4,5
6/12/2025,Solar,163,Thursday,June,Summer,5717,14,15
1/2/2025,Wind,2,Thursday,January,Winter,8804,5,6
5/13/2021,Solar,133,Thursday,May,Spring,5509,15,16
6/17/2022,Solar,168,Friday,June,Summer,3404,18,19
10/13/2025,Wind,286,Monday,October,Fall,6944,23,0
9/16/2020,Wind,260,Wednesday,September,Fall,1013,8,9
12/18/2022,Wind,352,Sunday,December,Winter,6542,7,8
8/3/2024,Wind,216,Saturday,August,Summer,3203,5,6
9/26/2020,Wind,270,Saturday,September,Fall,11741,15,16
3/29/2020,Wind,89,Sunday,March,Spring,11027,6,7
7/1/2020,Wind,183,Wednesday,July,Summer,3679,8,9
6/19/2023,Wind,170,Monday,June,Summer,1807,7,8
11/2/2021,Wind,306,Tuesday,November,Fall,2889,23,0
3/1/2022,Wind,60,Tuesday,March,Spring,2612,3,4
3/17/2021,Wind,76,Wednesday,March,Spring,5240,23,0
4/26/2022,Solar,116,Tuesday,April,Spring,7982,14,15
11/15/2021,Wind,319,Monday,November,Fall,1107,23,0
8/18/2023,Wind,230,Friday,August,Summer,3018,19,20
8/15/2025,Wind,227,Friday,August,Summer,4269,0,1
7/9/2020,Wind,191,Thursday,July,Summer,4573,19,20
7/25/2022,Wind,206,Monday,July,Summer,7106,21,22
2/6/2023,Solar,37,Monday,February,Winter,9036,12,13
2/4/2025,Wind,35,Tuesday,February,Winter,1737,3,4
1/10/2020,Wind,10,Friday,January,Winter,7774,5,6
4/25/2023,Wind,115,Tuesday,April,Spring,2753,7,8
4/8/2024,Wind,99,Monday,April,Spring,9139,23,0
8/11/2020,Solar,224,Tuesday,August,Summer,3542,16,17
6/2/2025,Wind,153,Monday,June,Summer,2742,8,9
7/29/2022,Wind,210,Friday,July,Summer,2125,21,22
4/4/2024,Wind,95,Thursday,April,Spring,20481,13,14
3/1/2021,Wind,60,Monday,March,Spring,4978,22,23
2/20/2025,Wind,51,Thursday,February,Winter,9773,21,22
4/16/2020,Wind,107,Thursday,April,Spring,1414,19,20
3/28/2025,Wind,87,Friday,March,Spring,9362,17,18
5/21/2021,Wind,141,Friday,May,Spring,9817,1,2
7/13/2020,Wind,195,Monday,July,Summer,2341,7,8
8/31/2024,Wind,244,Saturday,August,Summer,4579,3,4
12/9/2024,Wind,344,Monday,December,Winter,15224,9,10
9/2/2023,Solar,245,Saturday,September,Fall,6760,13,14
4/14/2024,Wind,105,Sunday,April,Spring,2636,21,22
1/9/2020,Wind,9,Thursday,January,Winter,6309,0,1
10/19/2020,Wind,293,Monday,October,Fall,3178,8,9
6/29/2023,Wind,180,Thursday,June,Summer,4840,19,20
3/8/2022,Wind,67,Tuesday,March,Spring,4726,19,20
8/16/2025,Wind,228,Saturday,August,Summer,7037,4,5
1/6/2022,Solar,6,Thursday,January,Winter,5505,14,15
12/8/2021,Wind,342,Wednesday,December,Winter,5949,22,23
5/29/2023,Wind,149,Monday,May,Spring,8702,5,6
4/29/2022,Wind,119,Friday,April,Spring,4185,19,20
1/21/2024,Wind,21,Sunday,January,Winter,15113,13,14
10/28/2021,Wind,301,Thursday,October,Fall,4894,2,3
4/21/2025,Wind,111,Monday,April,Spring,4219,19,20
6/27/2020,Wind,179,Saturday,June,Summer,3501,6,7
3/18/2025,Wind,77,Tuesday,March,Spring,12324,3,4
6/15/2025,Wind,166,Sunday,June,Summer,2950,1,2
1/28/2023,Wind,28,Saturday,January,Winter,4875,16,17
10/21/2024,Wind,295,Monday,October,Fall,7969,0,1
2/7/2023,Wind,38,Tuesday,February,Winter,8915,10,11
2/12/2021,Wind,43,Friday,February,Winter,8474,18,19
11/6/2025,Wind,310,Thursday,November,Fall,2204,17,18
7/12/2025,Solar,193,Saturday,July,Summer,7623,17,18
10/6/2021,Wind,279,Wednesday,October,Fall,12605,13,14
11/10/2025,Wind,314,Monday,November,Fall,12527,14,15
1/10/2023,Wind,10,Tuesday,January,Winter,8206,2,3
5/8/2022,Wind,128,Sunday,May,Spring,4571,0,1
11/25/2024,Wind,330,Monday,November,Fall,6940,20,21
10/26/2020,Wind,300,Monday,October,Fall,7511,21,22
8/16/2022,Wind,228,Tuesday,August,Summer,994,0,1
4/25/2025,Solar,115,Friday,April,Spring,7637,17,18
10/6/2021,Wind,279,Wednesday,October,Fall,8206,5,6
11/1/2023,Wind,305,Wednesday,November,Fall,12791,2,3
3/27/2025,Wind,86,Thursday,March,Spring,5016,8,9
10/5/2024,Wind,279,Saturday,October,Fall,2709,2,3
2/26/2021,Wind,57,Friday,February,Winter,4537,11,12
10/8/2025,Wind,281,Wednesday,October,Fall,703,7,8
5/19/2022,Wind,139,Thursday,May,Spring,5194,9,10
9/17/2021,Wind,260,Friday,September,Fall,638,6,7
12/16/2021,Wind,350,Thursday,December,Winter,5347,20,21
6/24/2023,Solar,175,Saturday,June,Summer,3126,19,20
2/9/2023,Solar,40,Thursday,February,Winter,5239,11,12
5/13/2024,Wind,134,Monday,May,Spring,1791,5,6
10/4/2025,Wind,277,Saturday,October,Fall,19412,10,11
7/17/2025,Solar,198,Thursday,July,Summer,3408,8,9
7/6/2022,Wind,187,Wednesday,July,Summer,2998,5,6
2/11/2020,Wind,42,Tuesday,February,Winter,11863,4,5
8/20/2024,Wind,233,Tuesday,August,Summer,3228,2,3
8/29/2022,Wind,241,Monday,August,Summer,5234,2,3
8/21/2021,Wind,233,Saturday,August,Summer,2289,8,9
3/22/2022,Wind,81,Tuesday,March,Spring,4874,4,5
2/25/2024,Wind,56,Sunday,February,Winter,7291,5,6
1/17/2025,Solar,17,Friday,January,Winter,5260,12,13
12/8/2022,Wind,342,Thursday,December,Winter,2074,17,18
3/27/2024,Wind,87,Wednesday,March,Spring,5339,1,2
10/29/2022,Wind,302,Saturday,October,Fall,5791,20,21
9/25/2023,Wind,268,Monday,September,Fall,3360,5,6
5/29/2025,Wind,149,Thursday,May,Spring,2576,3,4
10/14/2021,Wind,287,Thursday,October,Fall,1743,3,4
10/11/2023,Solar,284,Wednesday,October,Fall,9015,15,16
5/20/2023,Wind,140,Saturday,May,Spring,10266,11,12
5/27/2022,Solar,147,Friday,May,Spring,5628,10,11
11/26/2020,Wind,331,Thursday,November,Fall,2773,1,2
6/29/2021,Wind,180,Tuesday,June,Summer,1489,7,8
9/30/2023,Wind,273,Saturday,September,Fall,1029,0,1
7/7/2023,Solar,188,Friday,July,Summer,10199,13,14
8/18/2021,Wind,230,Wednesday,August,Summer,2082,5,6
5/30/2020,Solar,151,Saturday,May,Spring,7142,13,14
12/3/2023,Wind,337,Sunday,December,Winter,12003,13,14
1/5/2024,Wind,5,Friday,January,Winter,7892,9,10
6/5/2024,Solar,157,Wednesday,June,Summer,6522,18,19
9/4/2020,Wind,248,Friday,September,Fall,1556,3,4
7/20/2023,Wind,201,Thursday,July,Summer,3428,19,20
5/15/2020,Wind,136,Friday,May,Spring,8261,0,1
11/23/2021,Wind,327,Tuesday,November,Fall,9773,13,14
12/22/2021,Wind,356,Wednesday,December,Winter,5802,23,0
11/13/2023,Wind,317,Monday,November,Fall,18876,11,12
11/25/2023,Wind,329,Saturday,November,Fall,4410,20,21
6/29/2023,Solar,180,Thursday,June,Summer,1265,7,8
6/1/2025,Wind,152,Sunday,June,Summer,2320,7,8
5/5/2023,Wind,125,Friday,May,Spring,2941,2,3
3/25/2021,Solar,84,Thursday,March,Spring,4960,14,15
7/7/2021,Solar,188,Wednesday,July,Summer,4779,11,12
1/6/2022,Wind,6,Thursday,January,Winter,2049,5,6
7/16/2024,Wind,198,Tuesday,July,Summer,8767,1,2
1/24/2024,Wind,24,Wednesday,January,Winter,17178,2,3
6/26/2020,Wind,178,Friday,June,Summer,3797,0,1
6/24/2020,Solar,176,Wednesday,June,Summer,6632,12,13
11/30/2023,Wind,334,Thursday,November,Fall,1216,16,17
2/6/2020,Wind,37,Thursday,February,Winter,6009,20,21
9/5/2022,Wind,248,Monday,September,Fall,5892,0,1
8/6/2025,Solar,218,Wednesday,August,Summer,6728,17,18
10/27/2023,Wind,300,Friday,October,Fall,9172,4,5
7/24/2023,Wind,205,Monday,July,Summer,10535,11,12
10/14/2021,Wind,287,Thursday,October,Fall,1373,22,23
1/12/2023,Wind,12,Thursday,January,Winter,16129,18,19
5/31/2021,Wind,151,Monday,May,Spring,5070,0,1
11/4/2021,Wind,308,Thursday,November,Fall,4199,19,20
6/20/2024,Solar,172,Thursday,June,Summer,4899,11,12
4/26/2023,Solar,116,Wednesday,April,Spring,2020,18,19
6/29/2025,Wind,180,Sunday,June,Summer,4676,23,0
1/23/2020,Wind,23,Thursday,January,Winter,5287,7,8
1/30/2022,Wind,30,Sunday,January,Winter,4507,2,3
8/3/2022,Solar,215,Wednesday,August,Summer,5552,16,17
9/13/2024,Wind,257,Friday,September,Fall,4252,22,23
4/25/2023,Wind,115,Tuesday,April,Spring,2273,19,20
9/25/2022,Wind,268,Sunday,September,Fall,3110,8,9
2/2/2025,Wind,33,Sunday,February,Winter,1338,20,21
2/16/2024,Wind,47,Friday,February,Winter,10687,1,2
8/28/2025,Wind,240,Thursday,August,Summer,3117,7,8
10/26/2023,Wind,299,Thursday,October,Fall,4654,18,19
5/18/2021,Wind,138,Tuesday,May,Spring,4730,17,18
7/18/2020,Solar,200,Saturday,July,Summer,1804,8,9
6/22/2024,Solar,174,Saturday,June,Summer,7746,12,13
3/17/2025,Wind,76,Monday,March,Spring,5414,4,5
6/25/2021,Solar,176,Friday,June,Summer,5149,16,17
7/26/2022,Solar,207,Tuesday,July,Summer,7335,14,15
6/10/2025,Solar,161,Tuesday,June,Summer,7100,18,19
2/16/2025,Wind,47,Sunday,February,Winter,4873,8,9
4/7/2022,Wind,97,Thursday,April,Spring,17696,13,14
2/3/2020,Wind,34,Monday,February,Winter,10771,21,22
10/17/2024,Wind,291,Thursday,October,Fall,3165,8,9
9/3/2024,Solar,247,Tuesday,September,Fall,5281,13,14
7/10/2024,Wind,192,Wednesday,July,Summer,3100,6,7
11/26/2023,Solar,330,Sunday,November,Fall,6070,13,14
8/13/2024,Wind,226,Tuesday,August,Summer,1141,6,7
6/7/2024,Wind,159,Friday,June,Summer,2329,3,4
4/29/2025,Wind,119,Tuesday,April,Spring,6877,0,1
5/23/2024,Wind,144,Thursday,May,Spring,3036,3,4
4/21/2021,Solar,111,Wednesday,April,Spring,5592,14,15
1/14/2020,Wind,14,Tuesday,January,Winter,13814,15,16
1/24/2025,Wind,24,Friday,January,Winter,11590,21,22
1/8/2020,Wind,8,Wednesday,January,Winter,3069,16,17
4/7/2023,Wind,97,Friday,April,Spring,2704,20,21
5/23/2020,Wind,144,Saturday,May,Spring,2524,6,7
2/11/2020,Wind,42,Tuesday,February,Winter,11631,6,7
10/6/2020,Wind,280,Tuesday,October,Fall,11206,10,11
2/24/2022,Wind,55,Thursday,February,Winter,14179,16,17
7/6/2023,Solar,187,Thursday,July,Summer,1340,7,8
6/6/2025,Wind,157,Friday,June,Summer,7508,8,9
4/6/2021,Wind,96,Tuesday,April,Spring,3992,23,0
9/14/2025,Wind,257,Sunday,September,Fall,14751,21,22
7/20/2023,Wind,201,Thursday,July,Summer,2071,22,23
10/24/2021,Wind,297,Sunday,October,Fall,4056,4,5
4/3/2025,Wind,93,Thursday,April,Spring,10072,3,4
3/12/2025,Solar,71,Wednesday,March,Spring,4529,11,12
11/27/2020,Wind,332,Friday,November,Fall,1662,16,17
4/15/2022,Wind,105,Friday,April,Spring,1294,4,5
4/25/2023,Wind,115,Tuesday,April,Spring,2620,2,3
4/30/2024,Wind,121,Tuesday,April,Spring,3529,3,4
2/21/2025,Wind,52,Friday,February,Winter,12234,22,23
3/10/2022,Wind,69,Thursday,March,Spring,5858,3,4
10/10/2023,Solar,283,Tuesday,October,Fall,5527,16,17
5/17/2025,Wind,137,Saturday,May,Spring,7119,1,2
9/29/2023,Wind,272,Friday,September,Fall,11544,10,11
3/12/2024,Wind,72,Tuesday,March,Spring,8268,23,0
4/24/2022,Wind,114,Sunday,April,Spring,2801,6,7
2/7/2025,Wind,38,Friday,February,Winter,9209,20,21
3/11/2022,Wind,70,Friday,March,Spring,8811,1,2
11/13/2021,Wind,317,Saturday,November,Fall,6028,0,1
11/21/2025,Wind,325,Friday,November,Fall,7003,15,16
3/26/2024,Wind,86,Tuesday,March,Spring,7721,1,2
3/21/2025,Wind,80,Friday,March,Spring,12665,8,9
8/15/2024,Solar,228,Thursday,August,Summer,9758,14,15
5/28/2025,Wind,148,Wednesday,May,Spring,17702,17,18
12/23/2023,Wind,357,Saturday,December,Winter,14387,21,22
9/17/2022,Wind,260,Saturday,September,Fall,10410,11,12
8/4/2024,Solar,217,Sunday,August,Summer,6165,10,11
2/1/2024,Wind,32,Thursday,February,Winter,5460,7,8
1/3/2023,Wind,3,Tuesday,January,Winter,4994,6,7
7/15/2022,Solar,196,Friday,July,Summer,6073,17,18
2/1/2020,Wind,32,Saturday,February,Winter,8897,2,3
8/26/2022,Wind,238,Friday,August,Summer,3140,5,6
11/25/2024,Wind,330,Monday,November,Fall,12182,12,13
3/30/2023,Wind,89,Thursday,March,Spring,9358,21,22
9/8/2025,Solar,251,Monday,September,Fall,6288,15,16
12/4/2020,Wind,339,Friday,December,Winter,7773,10,11
12/24/2024,Wind,359,Tuesday,December,Winter,2401,22,23
3/5/2023,Wind,64,Sunday,March,Spring,1899,7,8
8/11/2020,Wind,224,Tuesday,August,Summer,1697,1,2
8/26/2022,Solar,238,Friday,August,Summer,5642,10,11
7/6/2022,Wind,187,Wednesday,July,Summer,3478,20,21
8/22/2024,Wind,235,Thursday,August,Summer,5770,21,22
12/6/2022,Wind,340,Tuesday,December,Winter,1862,3,4
9/1/2020,Wind,245,Tuesday,September,Fall,1006,6,7
9/19/2023,Wind,262,Tuesday,September,Fall,15144,12,13
9/9/2021,Wind,252,Thursday,September,Fall,5383,15,16
11/2/2022,Wind,306,Wednesday,November,Fall,10158,13,14
3/5/2025,Wind,64,Wednesday,March,Spring,2008,18,19
7/22/2023,Wind,203,Saturday,July,Summer,4175,22,23
1/5/2020,Solar,5,Sunday,January,Winter,2952,14,15
6/26/2025,Wind,177,Thursday,June,Summer,7668,7,8
12/18/2023,Wind,352,Monday,December,Winter,1948,4,5
8/6/2025,Wind,218,Wednesday,August,Summer,1318,23,0
6/26/2021,Solar,177,Saturday,June,Summer,4649,12,13
2/2/2022,Wind,33,Wednesday,February,Winter,7485,6,7
9/18/2024,Wind,262,Wednesday,September,Fall,8921,7,8
2/25/2025,Wind,56,Tuesday,February,Winter,3638,1,2
3/14/2022,Wind,73,Monday,March,Spring,6052,21,22
10/29/2022,Wind,302,Saturday,October,Fall,9396,11,12
7/19/2024,Solar,201,Friday,July,Summer,6264,17,18
8/21/2022,Solar,233,Sunday,August,Summer,4951,16,17
4/10/2023,Wind,100,Monday,April,Spring,10159,20,21
11/28/2023,Wind,332,Tuesday,November,Fall,6161,11,12
11/4/2021,Wind,308,Thursday,November,Fall,3133,7,8
3/9/2020,Wind,69,Monday,March,Spring,9741,23,0
7/10/2020,Wind,192,Friday,July,Summer,4992,17,18
1/16/2025,Wind,16,Thursday,January,Winter,7073,10,11
5/19/2025,Wind,139,Monday,May,Spring,6109,1,2
7/7/2022,Solar,188,Thursday,July,Summer,8621,11,12
12/10/2020,Wind,345,Thursday,December,Winter,4035,13,14
10/12/2023,Solar,285,Thursday,October,Fall,7762,11,12
11/29/2024,Wind,334,Friday,November,Fall,5912,15,16
10/5/2021,Wind,278,Tuesday,October,Fall,7372,1,2
4/15/2025,Wind,105,Tuesday,April,Spring,8585,16,17
5/1/2021,Wind,121,Saturday,May,Spring,3890,23,0
11/16/2025,Wind,320,Sunday,November,Fall,1691,4,5
3/9/2023,Wind,68,Thursday,March,Spring,17554,12,13
8/27/2024,Wind,240,Tuesday,August,Summer,2062,19,20
11/3/2021,Wind,307,Wednesday,November,Fall,3955,9,10
3/5/2022,Wind,64,Saturday,March,Spring,3949,23,0
2/28/2020,Wind,59,Friday,February,Winter,11274,22,23
11/23/2023,Wind,327,Thursday,November,Fall,6141,10,11
10/27/2020,Wind,301,Tuesday,October,Fall,12379,14,15
11/24/2024,Wind,329,Sunday,November,Fall,18615,5,6
8/6/2021,Wind,218,Friday,August,Summer,6003,5,6
5/19/2020,Wind,140,Tuesday,May,Spring,4187,23,0
4/4/2025,Wind,94,Friday,April,Spring,6856,6,7
6/17/2025,Wind,168,Tuesday,June,Summer,3635,0,1
2/21/2025,Wind,52,Friday,February,Winter,15847,10,11
1/21/2022,Wind,21,Friday,January,Winter,3197,23,0
2/5/2024,Wind,36,Monday,February,Winter,9118,15,16
9/15/2021,Wind,258,Wednesday,September,Fall,3067,17,18
9/21/2025,Wind,264,Sunday,September,Fall,2363,8,9
9/6/2024,Wind,250,Friday,September,Fall,4227,9,10
1/18/2024,Wind,18,Thursday,January,Winter,6778,0,1
4/17/2020,Wind,108,Friday,April,Spring,2302,19,20
4/11/2023,Wind,101,Tuesday,April,Spring,8115,5,6
8/21/2023,Wind,233,Monday,August,Summer,1191,20,21
7/14/2023,Solar,195,Friday,July,Summer,13917,13,14
11/3/2025,Wind,307,Monday,November,Fall,7218,5,6
10/17/2021,Wind,290,Sunday,October,Fall,2556,21,22
11/30/2024,Solar,335,Saturday,November,Fall,4832,12,13
11/25/2023,Wind,329,Saturday,November,Fall,4113,21,22
1/31/2021,Wind,31,Sunday,January,Winter,4830,13,14
1/28/2023,Wind,28,Saturday,January,Winter,5832,4,5
5/26/2024,Wind,147,Sunday,May,Spring,6474,9,10
10/26/2024,Wind,300,Saturday,October,Fall,1387,20,21
3/23/2025,Wind,82,Sunday,March,Spring,3278,17,18
4/30/2022,Wind,120,Saturday,April,Spring,4322,7,8
4/20/2022,Wind,110,Wednesday,April,Spring,4805,6,7
6/2/2021,Wind,153,Wednesday,June,Summer,3681,6,7
1/24/2024,Wind,24,Wednesday,January,Winter,5801,23,0
1/1/2023,Wind,1,Sunday,January,Winter,8841,15,16
4/3/2023,Wind,93,Monday,April,Spring,9447,10,11
6/16/2024,Wind,168,Sunday,June,Summer,2819,23,0
8/3/2025,Wind,215,Sunday,August,Summer,1935,5,6
7/30/2023,Wind,211,Sunday,July,Summer,8461,11,12
11/18/2024,Wind,323,Monday,November,Fall,7512,16,17
12/24/2024,Wind,359,Tuesday,December,Winter,3896,4,5
11/18/2023,Wind,322,Saturday,November,Fall,6173,5,6
4/18/2023,Wind,108,Tuesday,April,Spring,9947,10,11
2/18/2020,Wind,49,Tuesday,February,Winter,8878,10,11
4/4/2025,Wind,94,Friday,April,Spring,8435,9,10
9/14/2022,Wind,257,Wednesday,September,Fall,2222,1,2
1/29/2020,Wind,29,Wednesday,January,Winter,7788,6,7
1/28/2024,Wind,28,Sunday,January,Winter,7220,2,3
4/10/2023,Wind,100,Monday,April,Spring,9987,22,23
11/26/2025,Wind,330,Wednesday,November,Fall,2667,17,18
11/14/2021,Wind,318,Sunday,November,Fall,3983,17,18
8/29/2020,Wind,242,Saturday,August,Summer,3146,23,0
10/20/2021,Wind,293,Wednesday,October,Fall,14105,23,0
12/18/2022,Wind,352,Sunday,December,Winter,9866,14,15
6/12/2023,Wind,163,Monday,June,Summer,2822,23,0
8/26/2020,Wind,239,Wednesday,August,Summer,9996,2,3
3/26/2024,Wind,86,Tuesday,March,Spring,5861,16,17
3/21/2021,Wind,80,Sunday,March,Spring,9194,13,14
7/17/2021,Wind,198,Saturday,July,Summer,2997,7,8
10/17/2021,Solar,290,Sunday,October,Fall,5154,13,14
3/26/2022,Wind,85,Saturday,March,Spring,7484,4,5
6/29/2022,Solar,180,Wednesday,June,Summer,5599,16,17
1/1/2020,Wind,1,Wednesday,January,Winter,1181,19,20
7/20/2024,Wind,202,Saturday,July,Summer,1022,5,6
2/14/2020,Wind,45,Friday,February,Winter,5436,4,5
9/10/2025,Wind,253,Wednesday,September,Fall,10232,17,18
4/25/2025,Solar,115,Friday,April,Spring,5940,18,19
10/20/2021,Wind,293,Wednesday,October,Fall,12501,19,20
4/16/2021,Wind,106,Friday,April,Spring,9475,12,13
2/21/2022,Wind,52,Monday,February,Winter,16981,16,17
9/3/2025,Wind,246,Wednesday,September,Fall,13651,20,21
6/7/2020,Solar,159,Sunday,June,Summer,3557,17,18
4/27/2023,Solar,117,Thursday,April,Spring,6242,11,12
4/10/2021,Wind,100,Saturday,April,Spring,4730,20,21
12/4/2021,Wind,338,Saturday,December,Winter,10684,10,11
2/24/2020,Wind,55,Monday,February,Winter,10886,19,20
9/9/2021,Wind,252,Thursday,September,Fall,3730,11,12
8/22/2020,Wind,235,Saturday,August,Summer,4830,1,2
7/22/2023,Wind,203,Saturday,July,Summer,2780,0,1
11/23/2022,Wind,327,Wednesday,November,Fall,6841,3,4
1/10/2024,Wind,10,Wednesday,January,Winter,2553,10,11
6/9/2025,Wind,160,Monday,June,Summer,1980,2,3
8/6/2022,Wind,218,Saturday,August,Summer,7359,22,23
5/24/2024,Wind,145,Friday,May,Spring,858,2,3
6/7/2025,Wind,158,Saturday,June,Summer,7229,5,6
6/4/2025,Wind,155,Wednesday,June,Summer,4864,9,10
7/7/2021,Wind,188,Wednesday,July,Summer,4008,2,3
1/21/2020,Wind,21,Tuesday,January,Winter,3804,19,20
11/18/2024,Wind,323,Monday,November,Fall,9698,20,21
7/15/2023,Wind,196,Saturday,July,Summer,9590,21,22
6/11/2020,Wind,163,Thursday,June,Summer,5128,16,17
8/31/2022,Solar,243,Wednesday,August,Summer,7007,13,14
1/23/2020,Wind,23,Thursday,January,Winter,6776,1,2
4/23/2023,Wind,113,Sunday,April,Spring,10214,20,21
9/14/2024,Solar,258,Saturday,September,Fall,10425,13,14
6/14/2025,Wind,165,Saturday,June,Summer,5426,8,9
5/10/2025,Solar,130,Saturday,May,Spring,6944,13,14
11/24/2025,Wind,328,Monday,November,Fall,11448,18,19
6/1/2023,Solar,152,Thursday,June,Summer,9662,14,15
7/16/2023,Wind,197,Sunday,July,Summer,8159,12,13
4/21/2022,Wind,111,Thursday,April,Spring,3553,7,8
10/13/2021,Wind,286,Wednesday,October,Fall,2169,20,21
9/12/2023,Solar,255,Tuesday,September,Fall,3541,17,18
3/3/2025,Solar,62,Monday,March,Spring,5647,9,10
11/18/2021,Wind,322,Thursday,November,Fall,1363,5,6
10/2/2025,Solar,275,Thursday,October,Fall,5424,9,10
8/15/2023,Solar,227,Tuesday,August,Summer,5290,11,12
8/21/2020,Wind,234,Friday,August,Summer,4957,0,1
1/18/2025,Solar,18,Saturday,January,Winter,4165,13,14
12/18/2020,Wind,353,Friday,December,Winter,6024,6,7
9/8/2020,Wind,252,Tuesday,September,Fall,1224,7,8
9/19/2022,Wind,262,Monday,September,Fall,4643,18,19
1/7/2021,Wind,7,Thursday,January,Winter,1245,16,17
10/15/2022,Wind,288,Saturday,October,Fall,6877,0,1
10/22/2020,Wind,296,Thursday,October,Fall,3174,23,0
5/10/2022,Wind,130,Tuesday,May,Spring,2336,5,6
11/19/2025,Wind,323,Wednesday,November,Fall,14209,15,16
4/22/2025,Wind,112,Tuesday,April,Spring,3114,21,22
9/19/2024,Wind,263,Thursday,September,Fall,10053,9,10
6/14/2022,Solar,165,Tuesday,June,Summer,4589,17,18
1/14/2021,Wind,14,Thursday,January,Winter,7406,3,4
4/14/2021,Solar,104,Wednesday,April,Spring,4051,9,10
12/17/2020,Wind,352,Thursday,December,Winter,5050,9,10
4/17/2024,Wind,108,Wednesday,April,Spring,10061,18,19
11/24/2023,Wind,328,Friday,November,Fall,14087,14,15
1/27/2024,Wind,27,Saturday,January,Winter,4715,9,10
11/28/2025,Wind,332,Friday,November,Fall,6838,17,18
11/29/2021,Wind,333,Monday,November,Fall,4680,22,23
2/15/2025,Solar,46,Saturday,February,Winter,9563,13,14
8/3/2024,Wind,216,Saturday,August,Summer,3586,3,4
2/26/2024,Wind,57,Monday,February,Winter,14028,23,0
10/15/2025,Wind,288,Wednesday,October,Fall,5192,4,5
1/25/2020,Wind,25,Saturday,January,Winter,1912,20,21
10/27/2020,Wind,301,Tuesday,October,Fall,11275,19,20
9/24/2020,Wind,268,Thursday,September,Fall,9187,15,16
5/11/2025,Wind,131,Sunday,May,Spring,6079,18,19
1/4/2020,Wind,4,Saturday,January,Winter,2969,19,20
9/5/2024,Wind,249,Thursday,September,Fall,7511,10,11
6/12/2024,Wind,164,Wednesday,June,Summer,3484,19,20
11/18/2025,Solar,322,Tuesday,November,Fall,8521,13,14
9/30/2021,Solar,273,Thursday,September,Fall,8373,13,14
1/18/2024,Wind,18,Thursday,January,Winter,7406,13,14
4/10/2025,Wind,100,Thursday,April,Spring,9152,2,3
1/21/2023,Wind,21,Saturday,January,Winter,8905,19,20
10/14/2020,Wind,288,Wednesday,October,Fall,5394,19,20
3/2/2021,Wind,61,Tuesday,March,Spring,2119,17,18
9/1/2023,Wind,244,Friday,September,Fall,6404,8,9
2/28/2021,Wind,59,Sunday,February,Winter,7100,8,9
6/5/2022,Wind,156,Sunday,June,Summer,2905,8,9
9/27/2020,Wind,271,Sunday,September,Fall,12950,9,10
11/29/2020,Wind,334,Sunday,November,Fall,2581,21,22
1/13/2023,Wind,13,Friday,January,Winter,12114,17,18
12/12/2020,Wind,347,Saturday,December,Winter,5264,3,4
6/10/2022,Solar,161,Friday,June,Summer,3451,8,9
9/5/2025,Wind,248,Friday,September,Fall,3073,5,6
5/28/2021,Solar,148,Friday,May,Spring,3776,17,18
8/13/2023,Solar,225,Sunday,August,Summer,6313,17,18
11/13/2024,Wind,318,Wednesday,November,Fall,5053,21,22
5/27/2021,Wind,147,Thursday,May,Spring,1552,21,22
3/14/2020,Wind,74,Saturday,March,Spring,5134,16,17
11/10/2021,Wind,314,Wednesday,November,Fall,576,1,2
3/13/2020,Wind,73,Friday,March,Spring,6501,15,16
7/9/2024,Wind,191,Tuesday,July,Summer,2789,21,22
8/1/2023,Wind,213,Tuesday,August,Summer,15715,16,17
1/28/2023,Wind,28,Saturday,January,Winter,3066,20,21
11/14/2025,Wind,318,Friday,November,Fall,12444,5,6
6/11/2020,Wind,163,Thursday,June,Summer,3414,20,21
7/14/2021,Wind,195,Wednesday,July,Summer,8011,11,12
4/2/2023,Wind,92,Sunday,April,Spring,6236,23,0
9/4/2024,Solar,248,Wednesday,September,Fall,4253,14,15
10/5/2020,Wind,279,Monday,October,Fall,9449,19,20
8/25/2024,Wind,238,Sunday,August,Summer,2594,23,0
10/10/2021,Solar,283,Sunday,October,Fall,4221,11,12
6/27/2024,Wind,179,Thursday,June,Summer,3505,22,23
11/4/2020,Wind,309,Wednesday,November,Fall,1716,1,2
7/20/2021,Solar,201,Tuesday,July,Summer,6377,11,12
8/2/2021,Wind,214,Monday,August,Summer,1116,3,4
9/23/2021,Solar,266,Thursday,September,Fall,2760,9,10
1/27/2024,Wind,27,Saturday,January,Winter,3581,8,9
12/30/2022,Wind,364,Friday,December,Winter,15334,19,20
11/18/2024,Wind,323,Monday,November,Fall,9122,14,15
12/4/2023,Wind,338,Monday,December,Winter,12629,0,1
1/2/2020,Wind,2,Thursday,January,Winter,1267,0,1
9/8/2021,Wind,251,Wednesday,September,Fall,5258,4,5
6/11/2025,Wind,162,Wednesday,June,Summer,6852,22,23
8/26/2025,Wind,238,Tuesday,August,Summer,4080,4,5
5/11/2024,Solar,132,Saturday,May,Spring,6348,9,10
5/18/2023,Wind,138,Thursday,May,Spring,5477,6,7
8/21/2025,Wind,233,Thursday,August,Summer,3450,0,1
10/15/2024,Wind,289,Tuesday,October,Fall,10680,22,23
5/15/2024,Solar,136,Wednesday,May,Spring,5901,16,17
5/12/2022,Solar,132,Thursday,May,Spring,6042,15,16
4/3/2020,Wind,94,Friday,April,Spring,1864,7,8
10/11/2021,Solar,284,Monday,October,Fall,5672,16,17
2/26/2023,Wind,57,Sunday,February,Winter,17091,9,10
3/17/2023,Wind,76,Friday,March,Spring,8681,8,9
10/23/2023,Wind,296,Monday,October,Fall,9170,12,13
4/29/2020,Wind,120,Wednesday,April,Spring,4629,7,8
10/12/2021,Wind,285,Tuesday,October,Fall,3559,23,0
12/14/2022,Wind,348,Wednesday,December,Winter,2282,20,21
11/30/2020,Solar,335,Monday,November,Fall,3638,13,14
2/15/2025,Solar,46,Saturday,February,Winter,8954,10,11
9/13/2020,Wind,257,Sunday,September,Fall,2238,22,23
5/20/2023,Wind,140,Saturday,May,Spring,6405,8,9
1/8/2022,Wind,8,Saturday,January,Winter,7370,8,9
2/13/2024,Wind,44,Tuesday,February,Winter,10458,22,23
8/28/2021,Wind,240,Saturday,August,Summer,4282,2,3
11/1/2022,Wind,305,Tuesday,November,Fall,11364,16,17
10/10/2021,Wind,283,Sunday,October,Fall,1388,7,8
11/25/2020,Wind,330,Wednesday,November,Fall,6472,3,4
6/24/2022,Wind,175,Friday,June,Summer,7951,12,13
9/21/2023,Wind,264,Thursday,September,Fall,6345,18,19
3/14/2021,Wind,73,Sunday,March,Spring,10044,22,23
9/13/2022,Wind,256,Tuesday,September,Fall,4288,17,18
9/13/2022,Wind,256,Tuesday,September,Fall,1837,4,5
10/13/2025,Solar,286,Monday,October,Fall,12354,14,15
1/11/2025,Wind,11,Saturday,January,Winter,1684,2,3
9/29/2020,Wind,273,Tuesday,September,Fall,1974,4,5
9/13/2022,Solar,256,Tuesday,September,Fall,6012,13,14
5/1/2022,Solar,121,Sunday,May,Spring,6628,12,13
4/18/2022,Wind,108,Monday,April,Spring,3161,5,6
12/23/2022,Wind,357,Friday,December,Winter,13842,18,19
6/26/2023,Solar,177,Monday,June,Summer,10406,13,14
8/25/2024,Wind,238,Sunday,August,Summer,5857,3,4
6/19/2022,Solar,170,Sunday,June,Summer,10248,13,14
7/7/2021,Wind,188,Wednesday,July,Summer,1885,21,22
8/30/2020,Wind,243,Sunday,August,Summer,2748,1,2
6/4/2022,Wind,155,Saturday,June,Summer,4362,21,22
3/28/2020,Wind,88,Saturday,March,Spring,2548,7,8
5/10/2024,Solar,131,Friday,May,Spring,11083,12,13
3/24/2020,Wind,84,Tuesday,March,Spring,6448,2,3
3/6/2023,Wind,65,Monday,March,Spring,1479,6,7
11/30/2021,Wind,334,Tuesday,November,Fall,6255,0,1
1/23/2023,Wind,23,Monday,January,Winter,7331,12,13
8/4/2023,Wind,216,Friday,August,Summer,7300,18,19
9/22/2025,Wind,265,Monday,September,Fall,8812,14,15
4/30/2024,Wind,121,Tuesday,April,Spring,3771,1,2
7/14/2020,Wind,196,Tuesday,July,Summer,1726,22,23
12/31/2023,Wind,365,Sunday,December,Winter,18435,15,16
3/4/2025,Solar,63,Tuesday,March,Spring,4702,16,17
1/2/2022,Wind,2,Sunday,January,Winter,11203,11,12
8/17/2021,Wind,229,Tuesday,August,Summer,1590,6,7
4/15/2023,Wind,105,Saturday,April,Spring,7248,7,8
9/22/2023,Wind,265,Friday,September,Fall,8885,10,11
12/6/2020,Wind,341,Sunday,December,Winter,3287,4,5
9/18/2023,Wind,261,Monday,September,Fall,6373,5,6
6/11/2020,Wind,163,Thursday,June,Summer,4033,23,0
8/9/2023,Wind,221,Wednesday,August,Summer,2396,4,5
8/29/2020,Wind,242,Saturday,August,Summer,4482,12,13
5/30/2024,Wind,151,Thursday,May,Spring,12091,17,18
6/9/2020,Wind,161,Tuesday,June,Summer,3597,2,3
9/12/2025,Wind,255,Friday,September,Fall,6097,22,23
2/15/2022,Wind,46,Tuesday,February,Winter,13655,15,16
11/17/2024,Wind,322,Sunday,November,Fall,4894,2,3
12/19/2023,Wind,353,Tuesday,December,Winter,8095,8,9
2/10/2024,Wind,41,Saturday,February,Winter,7820,19,20
10/24/2023,Wind,297,Tuesday,October,Fall,3772,18,19
6/23/2021,Solar,174,Wednesday,June,Summer,3755,10,11
1/9/2025,Wind,9,Thursday,January,Winter,12685,6,7
2/22/2024,Wind,53,Thursday,February,Winter,17499,20,21
6/6/2024,Solar,158,Thursday,June,Summer,8522,14,15
9/15/2024,Wind,259,Sunday,September,Fall,3730,1,2
12/15/2021,Solar,349,Wednesday,December,Winter,3503,11,12
10/6/2024,Wind,280,Sunday,October,Fall,8023,18,19
8/3/2023,Wind,215,Thursday,August,Summer,4024,21,22
10/20/2024,Wind,294,Sunday,October,Fall,8964,23,0
3/30/2021,Wind,89,Tuesday,March,Spring,1147,19,20
9/3/2020,Wind,247,Thursday,September,Fall,2032,7,8
10/6/2021,Wind,279,Wednesday,October,Fall,8433,2,3
1/7/2024,Wind,7,Sunday,January,Winter,11747,22,23
12/1/2023,Wind,335,Friday,December,Winter,2284,6,7
3/3/2021,Wind,62,Wednesday,March,Spring,1128,21,22
4/18/2020,Wind,109,Saturday,April,Spring,1215,21,22
4/11/2022,Wind,101,Monday,April,Spring,9774,2,3
12/12/2021,Wind,346,Sunday,December,Winter,5111,6,7
8/29/2021,Wind,241,Sunday,August,Summer,6095,18,19
3/18/2020,Solar,78,Wednesday,March,Spring,3175,10,11
6/25/2022,Wind,176,Saturday,June,Summer,2159,7,8
4/18/2023,Wind,108,Tuesday,April,Spring,11565,11,12
4/27/2021,Wind,117,Tuesday,April,Spring,1032,20,21
2/1/2020,Wind,32,Saturday,February,Winter,11065,16,17
9/20/2022,Wind,263,Tuesday,September,Fall,2922,22,23
1/29/2024,Wind,29,Monday,January,Winter,9034,22,23
9/13/2023,Wind,256,Wednesday,September,Fall,1390,20,21
10/30/2021,Wind,303,Saturday,October,Fall,4389,18,19
9/27/2022,Wind,270,Tuesday,September,Fall,6928,2,3
1/29/2025,Wind,29,Wednesday,January,Winter,13368,9,10
7/2/2024,Wind,184,Tuesday,July,Summer,3683,0,1
10/24/2020,Wind,298,Saturday,October,Fall,6021,3,4
6/21/2022,Wind,172,Tuesday,June,Summer,5789,0,1
2/16/2025,Solar,47,Sunday,February,Winter,7270,10,11
11/5/2025,Wind,309,Wednesday,November,Fall,12121,17,18
3/22/2025,Wind,81,Saturday,March,Spring,8524,7,8
11/8/2023,Wind,312,Wednesday,November,Fall,12232,9,10
10/10/2024,Wind,284,Thursday,October,Fall,2319,23,0
9/17/2024,Wind,261,Tuesday,September,Fall,14059,10,11
10/2/2023,Wind,275,Monday,October,Fall,5601,19,20
2/24/2021,Wind,55,Wednesday,February,Winter,8746,12,13
6/26/2023,Solar,177,Monday,June,Summer,6076,9,10
2/11/2023,Solar,42,Saturday,February,Winter,5927,14,15
6/25/2025,Wind,176,Wednesday,June,Summer,5491,23,0
8/28/2023,Wind,240,Monday,August,Summer,3213,21,22
1/26/2021,Wind,26,Tuesday,January,Winter,3944,17,18
12/30/2020,Wind,365,Wednesday,December,Winter,3287,9,10
12/7/2021,Wind,341,Tuesday,December,Winter,8851,1,2
4/13/2020,Wind,104,Monday,April,Spring,10314,20,21
8/2/2024,Wind,215,Friday,August,Summer,4700,22,23
12/12/2021,Wind,346,Sunday,December,Winter,1910,22,23
5/3/2025,Wind,123,Saturday,May,Spring,5299,22,23
11/26/2024,Wind,331,Tuesday,November,Fall,3695,16,17
6/4/2025,Wind,155,Wednesday,June,Summer,3666,8,9
5/16/2021,Wind,136,Sunday,May,Spring,4293,6,7
9/21/2025,Wind,264,Sunday,September,Fall,7088,1,2
6/25/2022,Wind,176,Saturday,June,Summer,2133,21,22
4/10/2024,Wind,101,Wednesday,April,Spring,6344,3,4
6/5/2024,Wind,157,Wednesday,June,Summer,1730,23,0
9/3/2024,Solar,247,Tuesday,September,Fall,4492,16,17
1/20/2024,Wind,20,Saturday,January,Winter,8001,20,21
12/30/2023,Wind,364,Saturday,December,Winter,12265,12,13
10/8/2021,Solar,281,Friday,October,Fall,5294,10,11
11/27/2024,Wind,332,Wednesday,November,Fall,11127,3,4
12/29/2020,Wind,364,Tuesday,December,Winter,4426,9,10
1/20/2020,Wind,20,Monday,January,Winter,6593,15,16
5/10/2024,Wind,131,Friday,May,Spring,4594,5,6
6/21/2021,Solar,172,Monday,June,Summer,4701,16,17
1/28/2022,Wind,28,Friday,January,Winter,3521,22,23
6/15/2020,Solar,167,Monday,June,Summer,4552,11,12
10/10/2025,Wind,283,Friday,October,Fall,4056,21,22
4/23/2021,Wind,113,Friday,April,Spring,5369,20,21
2/1/2025,Solar,32,Saturday,February,Winter,6105,13,14
3/11/2023,Wind,70,Saturday,March,Spring,4389,8,9
3/26/2020,Wind,86,Thursday,March,Spring,8343,15,16
11/18/2023,Wind,322,Saturday,November,Fall,11947,23,0
5/19/2020,Solar,140,Tuesday,May,Spring,5795,14,15
2/10/2023,Wind,41,Friday,February,Winter,629,6,7
5/5/2021,Wind,125,Wednesday,May,Spring,10312,17,18
9/22/2024,Wind,266,Sunday,September,Fall,2722,20,21
12/29/2020,Wind,364,Tuesday,December,Winter,5039,12,13
3/25/2020,Solar,85,Wednesday,March,Spring,5870,12,13
10/4/2020,Wind,278,Sunday,October,Fall,11028,17,18
4/9/2024,Wind,100,Tuesday,April,Spring,11478,11,12
12/29/2021,Wind,363,Wednesday,December,Winter,8302,9,10
6/22/2024,Solar,174,Saturday,June,Summer,7321,11,12
2/23/2025,Wind,54,Sunday,February,Winter,11852,21,22
3/4/2024,Wind,64,Monday,March,Spring,5856,23,0
8/7/2021,Wind,219,Saturday,August,Summer,4137,8,9
1/27/2024,Solar,27,Saturday,January,Winter,5520,13,14
3/4/2024,Wind,64,Monday,March,Spring,3881,6,7
11/20/2024,Wind,325,Wednesday,November,Fall,6132,23,0
5/19/2020,Solar,140,Tuesday,May,Spring,4412,10,11
5/24/2021,Wind,144,Monday,May,Spring,9548,10,11
3/6/2024,Solar,66,Wednesday,March,Spring,2257,8,9
11/2/2022,Wind,306,Wednesday,November,Fall,9453,2,3
12/1/2024,Wind,336,Sunday,December,Winter,4016,1,2
9/9/2024,Wind,253,Monday,September,Fall,7981,19,20
11/29/2024,Wind,334,Friday,November,Fall,5147,1,2
11/29/2023,Wind,333,Wednesday,November,Fall,2256,20,21
12/29/2022,Wind,363,Thursday,December,Winter,11907,14,15
4/14/2025,Solar,104,Monday,April,Spring,7730,11,12
6/30/2023,Wind,181,Friday,June,Summer,2493,5,6
5/4/2022,Wind,124,Wednesday,May,Spring,2101,3,4
2/23/2020,Wind,54,Sunday,February,Winter,8085,1,2
11/27/2020,Solar,332,Friday,November,Fall,2867,12,13
12/31/2023,Wind,365,Sunday,December,Winter,16903,2,3
12/13/2022,Wind,347,Tuesday,December,Winter,6726,4,5
6/8/2025,Wind,159,Sunday,June,Summer,11586,3,4
1/28/2021,Wind,28,Thursday,January,Winter,7021,2,3
9/6/2020,Solar,250,Sunday,September,Fall,4167,12,13
10/30/2020,Wind,304,Friday,October,Fall,6293,14,15
7/15/2023,Wind,196,Saturday,July,Summer,6081,4,5
9/19/2020,Wind,263,Saturday,September,Fall,3664,9,10
2/22/2021,Wind,53,Monday,February,Winter,5226,21,22
4/7/2022,Wind,97,Thursday,April,Spring,17815,12,13
5/10/2022,Wind,130,Tuesday,May,Spring,787,1,2
10/26/2022,Wind,299,Wednesday,October,Fall,2435,19,20
6/19/2024,Solar,171,Wednesday,June,Summer,10246,12,13
1/16/2021,Wind,16,Saturday,January,Winter,6320,11,12
5/28/2022,Wind,148,Saturday,May,Spring,8846,18,19
10/29/2025,Wind,302,Wednesday,October,Fall,8855,17,18
5/10/2024,Solar,131,Friday,May,Spring,11009,14,15
3/5/2024,Wind,65,Tuesday,March,Spring,5593,3,4
2/8/2021,Wind,39,Monday,February,Winter,2080,20,21
4/5/2021,Wind,95,Monday,April,Spring,7362,9,10
10/25/2024,Wind,299,Friday,October,Fall,3111,17,18
8/9/2025,Solar,221,Saturday,August,Summer,5192,14,15
8/13/2024,Wind,226,Tuesday,August,Summer,1520,22,23
6/17/2024,Solar,169,Monday,June,Summer,6256,10,11
4/16/2023,Wind,106,Sunday,April,Spring,5339,4,5
7/2/2023,Wind,183,Sunday,July,Summer,7678,17,18
6/26/2022,Wind,177,Sunday,June,Summer,1151,23,0
9/17/2024,Wind,261,Tuesday,September,Fall,11852,9,10
12/31/2021,Wind,365,Friday,December,Winter,6180,9,10
12/20/2021,Wind,354,Monday,December,Winter,3926,15,16
9/30/2022,Wind,273,Friday,September,Fall,9086,16,17
11/4/2025,Wind,308,Tuesday,November,Fall,12790,14,15
3/19/2022,Wind,78,Saturday,March,Spring,8847,22,23
5/29/2022,Wind,149,Sunday,May,Spring,5235,19,20
9/24/2024,Wind,268,Tuesday,September,Fall,12247,12,13
12/16/2023,Wind,350,Saturday,December,Winter,2464,18,19
11/3/2024,Wind,308,Sunday,November,Fall,2638,6,7
11/29/2020,Wind,334,Sunday,November,Fall,2915,18,19
9/16/2021,Solar,259,Thursday,September,Fall,1244,9,10
3/29/2025,Wind,88,Saturday,March,Spring,9879,4,5
7/10/2023,Solar,191,Monday,July,Summer,3808,9,10
12/28/2023,Wind,362,Thursday,December,Winter,13143,18,19
12/2/2020,Wind,337,Wednesday,December,Winter,1702,18,19
9/11/2021,Wind,254,Saturday,September,Fall,1693,2,3
10/20/2025,Wind,293,Monday,October,Fall,17289,11,12
10/4/2020,Wind,278,Sunday,October,Fall,9887,19,20
5/22/2022,Wind,142,Sunday,May,Spring,3176,8,9
4/21/2025,Wind,111,Monday,April,Spring,5746,18,19
4/29/2023,Solar,119,Saturday,April,Spring,2584,9,10
11/13/2020,Wind,318,Friday,November,Fall,6261,13,14
4/26/2020,Wind,117,Sunday,April,Spring,1181,6,7
11/18/2021,Wind,322,Thursday,November,Fall,1523,20,21
11/4/2023,Wind,308,Saturday,November,Fall,12917,5,6
1/6/2020,Wind,6,Monday,January,Winter,5508,12,13
2/11/2025,Wind,42,Tuesday,February,Winter,6544,0,1
9/23/2024,Wind,267,Monday,September,Fall,5320,22,23
7/24/2021,Wind,205,Saturday,July,Summer,3849,6,7
5/25/2022,Wind,145,Wednesday,May,Spring,2759,4,5
10/2/2020,Wind,276,Friday,October,Fall,10200,4,5
6/16/2024,Wind,168,Sunday,June,Summer,8312,5,6
3/17/2022,Wind,76,Thursday,March,Spring,4859,7,8
7/25/2021,Wind,206,Sunday,July,Summer,2703,20,21
8/14/2020,Wind,227,Friday,August,Summer,2099,1,2
2/5/2021,Wind,36,Friday,February,Winter,2001,9,10
10/23/2021,Solar,296,Saturday,October,Fall,5243,14,15
10/14/2023,Wind,287,Saturday,October,Fall,6935,13,14
1/9/2024,Wind,9,Tuesday,January,Winter,7316,12,13
6/1/2022,Wind,152,Wednesday,June,Summer,2633,21,22
11/13/2025,Wind,317,Thursday,November,Fall,10177,7,8
12/23/2020,Wind,358,Wednesday,December,Winter,12555,18,19
3/28/2020,Wind,88,Saturday,March,Spring,11009,21,22
3/22/2023,Wind,81,Wednesday,March,Spring,12608,19,20
12/14/2020,Wind,349,Monday,December,Winter,6605,20,21
10/16/2022,Wind,289,Sunday,October,Fall,2775,7,8
12/25/2022,Wind,359,Sunday,December,Winter,5233,7,8
5/28/2022,Wind,148,Saturday,May,Spring,6221,21,22
7/29/2021,Wind,210,Thursday,July,Summer,3787,8,9
6/9/2021,Solar,160,Wednesday,June,Summer,3406,18,19
6/29/2023,Wind,180,Thursday,June,Summer,2982,22,23
11/28/2021,Wind,332,Sunday,November,Fall,5528,21,22
9/6/2025,Solar,249,Saturday,September,Fall,7432,15,16
11/22/2025,Wind,326,Saturday,November,Fall,10661,19,20
8/21/2023,Wind,233,Monday,August,Summer,1897,7,8
10/1/2025,Wind,274,Wednesday,October,Fall,2823,0,1
6/20/2025,Solar,171,Friday,June,Summer,11247,12,13
1/31/2025,Wind,31,Friday,January,Winter,5419,19,20
7/2/2024,Solar,184,Tuesday,July,Summer,6880,11,12
2/3/2021,Wind,34,Wednesday,February,Winter,9043,20,21
1/25/2021,Wind,25,Monday,January,Winter,6084,5,6
3/3/2025,Wind,62,Monday,March,Spring,4216,0,1
5/4/2024,Wind,125,Saturday,May,Spring,5803,17,18
9/9/2024,Wind,253,Monday,September,Fall,9916,18,19
9/16/2024,Wind,260,Monday,September,Fall,2943,3,4
7/12/2024,Wind,194,Friday,July,Summer,2752,21,22
11/28/2022,Wind,332,Monday,November,Fall,4538,14,15
3/22/2020,Wind,82,Sunday,March,Spring,11238,10,11
2/5/2020,Wind,36,Wednesday,February,Winter,1769,18,19
11/5/2024,Wind,310,Tuesday,November,Fall,2186,8,9
8/15/2020,Wind,228,Saturday,August,Summer,457,6,7
9/19/2020,Wind,263,Saturday,September,Fall,4265,5,6
9/30/2022,Solar,273,Friday,September,Fall,4255,10,11
11/23/2020,Wind,328,Monday,November,Fall,620,17,18
7/22/2024,Solar,204,Monday,July,Summer,10243,13,14
5/18/2024,Wind,139,Saturday,May,Spring,761,6,7
8/9/2022,Wind,221,Tuesday,August,Summer,7181,1,2
9/19/2024,Wind,263,Thursday,September,Fall,7802,20,21
5/16/2025,Wind,136,Friday,May,Spring,10928,18,19
8/29/2021,Wind,241,Sunday,August,Summer,4508,1,2
5/26/2025,Wind,146,Monday,May,Spring,5453,6,7
2/27/2021,Wind,58,Saturday,February,Winter,6414,8,9
2/1/2023,Wind,32,Wednesday,February,Winter,11735,14,15
11/19/2021,Wind,323,Friday,November,Fall,1628,8,9
9/3/2022,Wind,246,Saturday,September,Fall,2057,8,9
10/19/2024,Wind,293,Saturday,October,Fall,6338,8,9
6/8/2022,Wind,159,Wednesday,June,Summer,6493,22,23
6/25/2021,Solar,176,Friday,June,Summer,3314,18,19
9/29/2023,Wind,272,Friday,September,Fall,8331,4,5
9/26/2023,Wind,269,Tuesday,September,Fall,1382,0,1
3/23/2024,Wind,83,Saturday,March,Spring,9466,21,22
6/24/2023,Solar,175,Saturday,June,Summer,6886,10,11
8/30/2020,Wind,243,Sunday,August,Summer,4184,9,10
9/25/2021,Solar,268,Saturday,September,Fall,4377,13,14
2/9/2024,Wind,40,Friday,February,Winter,16390,3,4
7/28/2020,Wind,210,Tuesday,July,Summer,5024,19,20
8/12/2020,Wind,225,Wednesday,August,Summer,2071,7,8
5/22/2025,Wind,142,Thursday,May,Spring,5212,5,6
10/19/2024,Wind,293,Saturday,October,Fall,7672,9,10
11/20/2025,Wind,324,Thursday,November,Fall,4026,19,20
7/18/2025,Solar,199,Friday,July,Summer,9011,13,14
1/3/2021,Wind,3,Sunday,January,Winter,2226,22,23
6/26/2021,Solar,177,Saturday,June,Summer,1519,8,9
11/18/2024,Wind,323,Monday,November,Fall,9491,10,11
8/1/2022,Wind,213,Monday,August,Summer,2712,0,1
4/19/2021,Wind,109,Monday,April,Spring,789,21,22
6/29/2020,Wind,181,Monday,June,Summer,8685,12,13
6/7/2024,Solar,159,Friday,June,Summer,6670,13,14
10/1/2023,Solar,274,Sunday,October,Fall,6703,11,12
5/19/2025,Wind,139,Monday,May,Spring,5266,5,6
7/6/2025,Wind,187,Sunday,July,Summer,6434,22,23
6/30/2020,Wind,182,Tuesday,June,Summer,3596,7,8
3/6/2025,Wind,65,Thursday,March,Spring,9579,7,8
4/17/2021,Wind,107,Saturday,April,Spring,6158,19,20
4/19/2023,Wind,109,Wednesday,April,Spring,7649,9,10
2/28/2021,Wind,59,Sunday,February,Winter,5701,18,19
1/15/2020,Wind,15,Wednesday,January,Winter,4745,21,22
10/28/2020,Wind,302,Wednesday,October,Fall,11043,23,0
10/12/2020,Wind,286,Monday,October,Fall,3991,16,17
1/6/2023,Wind,6,Friday,January,Winter,8096,23,0
6/2/2020,Solar,154,Tuesday,June,Summer,2473,18,19
7/16/2025,Solar,197,Wednesday,July,Summer,16316,14,15
4/7/2020,Solar,98,Tuesday,April,Spring,5040,15,16
8/17/2020,Wind,230,Monday,August,Summer,1498,20,21
9/27/2023,Wind,270,Wednesday,September,Fall,480,4,5
4/28/2022,Wind,118,Thursday,April,Spring,7345,0,1
5/15/2023,Wind,135,Monday,May,Spring,2885,4,5
3/30/2022,Wind,89,Wednesday,March,Spring,3581,16,17
5/15/2025,Wind,135,Thursday,May,Spring,6342,0,1
12/31/2021,Wind,365,Friday,December,Winter,5824,6,7
6/2/2025,Solar,153,Monday,June,Summer,6203,13,14
11/30/2021,Wind,334,Tuesday,November,Fall,12500,15,16
5/28/2022,Wind,148,Saturday,May,Spring,8020,19,20
12/19/2024,Wind,354,Thursday,December,Winter,15633,16,17
4/20/2024,Wind,111,Saturday,April,Spring,6858,5,6
7/4/2021,Wind,185,Sunday,July,Summer,2638,23,0
10/24/2021,Wind,297,Sunday,October,Fall,4189,2,3
11/29/2025,Wind,333,Saturday,November,Fall,7062,21,22
3/25/2024,Wind,85,Monday,March,Spring,8777,23,0
6/5/2022,Wind,156,Sunday,June,Summer,3380,23,0
12/21/2020,Wind,356,Monday,December,Winter,12640,12,13
10/18/2021,Wind,291,Monday,October,Fall,2664,4,5
8/17/2022,Solar,229,Wednesday,August,Summer,3428,10,11
5/8/2022,Solar,128,Sunday,May,Spring,7322,11,12
4/30/2025,Wind,120,Wednesday,April,Spring,7318,0,1
1/31/2022,Wind,31,Monday,January,Winter,8147,22,23
5/19/2022,Wind,139,Thursday,May,Spring,4815,2,3
12/15/2020,Wind,350,Tuesday,December,Winter,5470,2,3
5/1/2024,Wind,122,Wednesday,May,Spring,2385,15,16
10/14/2022,Wind,287,Friday,October,Fall,8105,12,13
9/12/2024,Wind,256,Thursday,September,Fall,4725,1,2
7/17/2021,Wind,198,Saturday,July,Summer,2929,1,2
4/23/2023,Wind,113,Sunday,April,Spring,16075,17,18
9/25/2022,Solar,268,Sunday,September,Fall,6161,12,13
12/1/2024,Wind,336,Sunday,December,Winter,10028,12,13
1/21/2024,Wind,21,Sunday,January,Winter,16235,21,22
12/31/2024,Wind,366,Tuesday,December,Winter,10602,23,0
8/2/2025,Wind,214,Saturday,August,Summer,4160,0,1
11/9/2022,Wind,313,Wednesday,November,Fall,7650,12,13
6/16/2024,Wind,168,Sunday,June,Summer,2549,22,23
5/28/2020,Solar,149,Thursday,May,Spring,7591,14,15
11/24/2025,Wind,328,Monday,November,Fall,11121,17,18
6/23/2021,Wind,174,Wednesday,June,Summer,2688,3,4
9/4/2022,Solar,247,Sunday,September,Fall,4056,9,10
11/21/2021,Wind,325,Sunday,November,Fall,569,6,7
5/27/2023,Solar,147,Saturday,May,Spring,6146,17,18
9/16/2025,Wind,259,Tuesday,September,Fall,3074,21,22
3/7/2020,Wind,67,Saturday,March,Spring,3332,3,4
9/16/2022,Wind,259,Friday,September,Fall,4896,20,21
4/1/2025,Wind,91,Tuesday,April,Spring,18978,12,13
3/20/2024,Solar,80,Wednesday,March,Spring,7394,12,13
4/9/2020,Solar,100,Thursday,April,Spring,4576,15,16
5/18/2024,Solar,139,Saturday,May,Spring,3058,13,14
10/28/2021,Wind,301,Thursday,October,Fall,5836,6,7
3/23/2021,Wind,82,Tuesday,March,Spring,1340,23,0
5/22/2023,Wind,142,Monday,May,Spring,5407,22,23
6/25/2022,Wind,176,Saturday,June,Summer,4491,18,19
4/17/2024,Wind,108,Wednesday,April,Spring,13351,14,15
7/18/2021,Wind,199,Sunday,July,Summer,6890,23,0
4/19/2020,Wind,110,Sunday,April,Spring,3193,15,16
10/12/2023,Wind,285,Thursday,October,Fall,4319,6,7
3/15/2022,Wind,74,Tuesday,March,Spring,2580,18,19
1/11/2025,Wind,11,Saturday,January,Winter,2507,19,20
10/13/2023,Wind,286,Friday,October,Fall,17641,15,16
3/12/2021,Wind,71,Friday,March,Spring,10511,8,9
4/20/2022,Wind,110,Wednesday,April,Spring,4689,5,6
11/17/2025,Wind,321,Monday,November,Fall,8101,16,17
4/28/2025,Solar,118,Monday,April,Spring,4939,13,14
5/17/2020,Wind,138,Sunday,May,Spring,2263,22,23
4/2/2024,Wind,93,Tuesday,April,Spring,8880,21,22
5/19/2022,Solar,139,Thursday,May,Spring,7748,16,17
12/14/2023,Wind,348,Thursday,December,Winter,7008,4,5
7/20/2025,Wind,201,Sunday,July,Summer,4069,4,5
7/8/2020,Solar,190,Wednesday,July,Summer,5097,10,11
4/26/2024,Wind,117,Friday,April,Spring,3763,22,23
8/29/2023,Solar,241,Tuesday,August,Summer,5120,17,18
11/17/2022,Wind,321,Thursday,November,Fall,8902,23,0
11/20/2025,Wind,324,Thursday,November,Fall,7695,4,5
7/11/2023,Wind,192,Tuesday,July,Summer,1935,4,5
1/27/2021,Wind,27,Wednesday,January,Winter,4009,18,19
10/9/2020,Wind,283,Friday,October,Fall,4222,11,12
11/25/2021,Wind,329,Thursday,November,Fall,3710,14,15
12/13/2020,Wind,348,Sunday,December,Winter,7343,14,15
6/24/2020,Wind,176,Wednesday,June,Summer,3291,19,20
10/18/2020,Wind,292,Sunday,October,Fall,1059,8,9
4/17/2020,Wind,108,Friday,April,Spring,2220,0,1
10/25/2022,Wind,298,Tuesday,October,Fall,5694,2,3
3/24/2023,Wind,83,Friday,March,Spring,17590,15,16
9/30/2022,Wind,273,Friday,September,Fall,6940,19,20
6/1/2024,Wind,153,Saturday,June,Summer,5758,5,6
11/10/2025,Wind,314,Monday,November,Fall,9768,16,17
2/22/2024,Wind,53,Thursday,February,Winter,17056,9,10
9/24/2021,Solar,267,Friday,September,Fall,3933,16,17
11/8/2023,Wind,312,Wednesday,November,Fall,14862,19,20
7/15/2022,Wind,196,Friday,July,Summer,3844,8,9
4/4/2024,Wind,95,Thursday,April,Spring,18160,16,17
8/3/2025,Wind,215,Sunday,August,Summer,1968,6,7
8/16/2020,Wind,229,Sunday,August,Summer,1831,0,1
10/26/2023,Wind,299,Thursday,October,Fall,5403,6,7
7/2/2023,Wind,183,Sunday,July,Summer,2703,7,8
12/11/2022,Wind,345,Sunday,December,Winter,1499,18,19
12/7/2022,Wind,341,Wednesday,December,Winter,2427,0,1
5/28/2025,Wind,148,Wednesday,May,Spring,14628,9,10
7/4/2024,Wind,186,Thursday,July,Summer,11596,11,12
6/20/2020,Solar,172,Saturday,June,Summer,4334,14,15
10/27/2025,Wind,300,Monday,October,Fall,9625,19,20
2/21/2021,Wind,52,Sunday,February,Winter,9016,12,13
1/3/2025,Wind,3,Friday,January,Winter,5219,14,15
2/13/2025,Wind,44,Thursday,February,Winter,1016,0,1
6/23/2021,Wind,174,Wednesday,June,Summer,4314,17,18
8/17/2020,Wind,230,Monday,August,Summer,2055,0,1
8/12/2023,Solar,224,Saturday,August,Summer,7944,12,13
1/22/2025,Wind,22,Wednesday,January,Winter,6748,11,12
9/14/2025,Wind,257,Sunday,September,Fall,7618,14,15
11/8/2021,Solar,312,Monday,November,Fall,3832,10,11
1/3/2021,Wind,3,Sunday,January,Winter,2060,23,0
6/15/2021,Wind,166,Tuesday,June,Summer,1647,6,7
11/1/2024,Solar,306,Friday,November,Fall,1612,16,17
11/25/2024,Wind,330,Monday,November,Fall,12852,11,12
2/21/2021,Wind,52,Sunday,February,Winter,5918,17,18
5/15/2020,Wind,136,Friday,May,Spring,5825,16,17
11/19/2023,Wind,323,Sunday,November,Fall,11783,5,6
6/10/2021,Wind,161,Thursday,June,Summer,1475,21,22
7/18/2022,Solar,199,Monday,July,Summer,7346,15,16
11/22/2021,Wind,326,Monday,November,Fall,8247,4,5
1/18/2022,Wind,18,Tuesday,January,Winter,4530,15,16
7/16/2025,Wind,197,Wednesday,July,Summer,7222,3,4
1/27/2022,Wind,27,Thursday,January,Winter,3833,20,21
3/29/2024,Wind,89,Friday,March,Spring,10394,3,4
8/23/2025,Solar,235,Saturday,August,Summer,5153,18,19
3/4/2023,Wind,63,Saturday,March,Spring,3414,19,20
4/25/2022,Wind,115,Monday,April,Spring,3390,4,5
5/25/2020,Wind,146,Monday,May,Spring,2713,21,22
6/6/2025,Wind,157,Friday,June,Summer,7272,12,13
1/6/2020,Wind,6,Monday,January,Winter,2280,0,1
6/30/2023,Wind,181,Friday,June,Summer,8277,18,19
9/3/2024,Solar,247,Tuesday,September,Fall,1421,8,9
8/10/2024,Solar,223,Saturday,August,Summer,4442,12,13
2/12/2024,Wind,43,Monday,February,Winter,3368,20,21
7/16/2023,Wind,197,Sunday,July,Summer,2997,23,0
4/5/2025,Wind,95,Saturday,April,Spring,6203,19,20
8/15/2022,Solar,227,Monday,August,Summer,7560,16,17
3/28/2021,Wind,87,Sunday,March,Spring,2629,21,22
7/2/2024,Wind,184,Tuesday,July,Summer,3140,21,22
10/14/2021,Wind,287,Thursday,October,Fall,3533,9,10
3/22/2020,Wind,82,Sunday,March,Spring,9398,22,23
4/12/2021,Solar,102,Monday,April,Spring,6529,13,14
4/3/2020,Wind,94,Friday,April,Spring,2592,1,2
11/28/2022,Wind,332,Monday,November,Fall,4959,12,13
10/22/2020,Wind,296,Thursday,October,Fall,5024,9,10
3/15/2021,Wind,74,Monday,March,Spring,10923,3,4
11/13/2025,Wind,317,Thursday,November,Fall,12001,20,21
4/5/2022,Wind,95,Tuesday,April,Spring,6452,5,6
4/28/2021,Solar,118,Wednesday,April,Spring,4079,14,15
7/24/2022,Wind,205,Sunday,July,Summer,969,6,7
9/14/2020,Wind,258,Monday,September,Fall,2828,7,8
6/15/2020,Wind,167,Monday,June,Summer,2126,4,5
11/1/2020,Wind,306,Sunday,November,Fall,11879,19,20
8/16/2022,Solar,228,Tuesday,August,Summer,2904,9,10
7/26/2021,Wind,207,Monday,July,Summer,1922,4,5
4/4/2022,Wind,94,Monday,April,Spring,11731,18,19
12/13/2024,Solar,348,Friday,December,Winter,2515,14,15
5/28/2020,Wind,149,Thursday,May,Spring,7608,15,16
9/18/2022,Wind,261,Sunday,September,Fall,2221,6,7
8/22/2024,Solar,235,Thursday,August,Summer,7995,12,13
5/26/2022,Solar,146,Thursday,May,Spring,6717,12,13
9/14/2025,Wind,257,Sunday,September,Fall,4181,3,4
9/14/2020,Wind,258,Monday,September,Fall,3313,8,9
3/16/2025,Wind,75,Sunday,March,Spring,5740,19,20
10/1/2021,Wind,274,Friday,October,Fall,4953,20,21
4/21/2023,Wind,111,Friday,April,Spring,3355,1,2
9/6/2022,Solar,249,Tuesday,September,Fall,6967,12,13
3/13/2020,Wind,73,Friday,March,Spring,1697,21,22
4/10/2022,Wind,100,Sunday,April,Spring,1338,2,3
1/30/2022,Solar,30,Sunday,January,Winter,2888,10,11
10/21/2022,Wind,294,Friday,October,Fall,8982,15,16
3/4/2021,Solar,63,Thursday,March,Spring,1941,9,10
1/22/2024,Wind,22,Monday,January,Winter,16804,15,16
1/16/2025,Wind,16,Thursday,January,Winter,3652,0,1
11/13/2021,Wind,317,Saturday,November,Fall,5041,12,13
6/23/2022,Wind,174,Thursday,June,Summer,1923,20,21
12/16/2023,Solar,350,Saturday,December,Winter,4910,14,15
4/11/2022,Wind,101,Monday,April,Spring,9882,3,4
10/29/2021,Wind,302,Friday,October,Fall,11979,14,15
7/9/2020,Wind,191,Thursday,July,Summer,1479,7,8
4/25/2021,Wind,115,Sunday,April,Spring,8987,15,16
10/9/2020,Wind,283,Friday,October,Fall,2696,19,20
11/19/2021,Solar,323,Friday,November,Fall,3762,13,14
12/30/2022,Wind,364,Friday,December,Winter,11436,6,7
6/13/2023,Wind,164,Tuesday,June,Summer,5004,23,0
3/10/2020,Wind,70,Tuesday,March,Spring,12278,2,3
4/14/2025,Solar,104,Monday,April,Spring,6031,10,11
4/30/2024,Solar,121,Tuesday,April,Spring,7683,11,12
9/12/2022,Solar,255,Monday,September,Fall,5140,16,17
10/20/2022,Wind,293,Thursday,October,Fall,8558,14,15
11/30/2023,Wind,334,Thursday,November,Fall,2128,0,1
1/6/2020,Wind,6,Monday,January,Winter,5850,23,0
6/13/2021,Solar,164,Sunday,June,Summer,3933,18,19
12/7/2024,Wind,342,Saturday,December,Winter,19810,15,16
4/10/2025,Wind,100,Thursday,April,Spring,10031,1,2
2/21/2021,Wind,52,Sunday,February,Winter,9217,10,11
9/20/2022,Wind,263,Tuesday,September,Fall,2045,4,5
9/14/2025,Wind,257,Sunday,September,Fall,15838,23,0
6/25/2020,Solar,177,Thursday,June,Summer,5081,13,14
3/10/2022,Wind,69,Thursday,March,Spring,4082,18,19
6/14/2025,Solar,165,Saturday,June,Summer,4291,10,11
10/20/2021,Wind,293,Wednesday,October,Fall,10970,0,1
8/8/2021,Wind,220,Sunday,August,Summer,3163,21,22
2/5/2023,Wind,36,Sunday,February,Winter,4222,5,6
8/9/2021,Wind,221,Monday,August,Summer,2945,2,3
5/12/2025,Solar,132,Monday,May,Spring,3901,8,9
4/19/2024,Wind,110,Friday,April,Spring,5665,1,2
4/18/2025,Wind,108,Friday,April,Spring,9612,23,0
1/6/2023,Wind,6,Friday,January,Winter,6433,16,17
7/17/2020,Wind,199,Friday,July,Summer,2771,19,20
7/26/2023,Wind,207,Wednesday,July,Summer,3577,23,0
1/23/2024,Wind,23,Tuesday,January,Winter,12747,2,3
6/25/2020,Solar,177,Thursday,June,Summer,3414,10,11
6/1/2024,Wind,153,Saturday,June,Summer,6915,16,17
4/23/2024,Wind,114,Tuesday,April,Spring,4892,8,9
7/16/2020,Wind,198,Thursday,July,Summer,1388,6,7
5/28/2020,Wind,149,Thursday,May,Spring,3981,6,7
4/5/2020,Wind,96,Sunday,April,Spring,7671,7,8
1/11/2020,Wind,11,Saturday,January,Winter,2912,6,7
6/25/2021,Solar,176,Friday,June,Summer,5806,13,14
1/27/2020,Wind,27,Monday,January,Winter,9340,14,15
6/12/2022,Solar,163,Sunday,June,Summer,3891,9,10
9/5/2024,Solar,249,Thursday,September,Fall,7606,11,12
10/12/2021,Wind,285,Tuesday,October,Fall,3046,1,2
5/29/2025,Wind,149,Thursday,May,Spring,1207,21,22
5/31/2022,Wind,151,Tuesday,May,Spring,2019,1,2
10/18/2025,Wind,291,Saturday,October,Fall,6350,21,22
2/23/2021,Wind,54,Tuesday,February,Winter,9360,10,11
7/5/2021,Solar,186,Monday,July,Summer,7031,11,12
9/13/2025,Wind,256,Saturday,September,Fall,12059,17,18
3/22/2024,Solar,82,Friday,March,Spring,4072,8,9
12/24/2024,Wind,359,Tuesday,December,Winter,3075,7,8
6/9/2024,Wind,161,Sunday,June,Summer,3734,3,4
1/9/2021,Wind,9,Saturday,January,Winter,6317,13,14
6/5/2020,Wind,157,Friday,June,Summer,13242,12,13
9/4/2025,Wind,247,Thursday,September,Fall,14863,13,14
12/18/2023,Wind,352,Monday,December,Winter,2994,16,17
7/9/2025,Wind,190,Wednesday,July,Summer,1676,6,7
9/14/2024,Solar,258,Saturday,September,Fall,7606,17,18
6/20/2025,Wind,171,Friday,June,Summer,4544,19,20
2/11/2022,Wind,42,Friday,February,Winter,1753,18,19
4/14/2020,Wind,105,Tuesday,April,Spring,8019,16,17
11/23/2023,Solar,327,Thursday,November,Fall,7232,11,12
5/6/2023,Solar,126,Saturday,May,Spring,2948,8,9
6/9/2021,Wind,160,Wednesday,June,Summer,1569,1,2
8/25/2020,Wind,238,Tuesday,August,Summer,3959,6,7
2/28/2022,Solar,59,Monday,February,Winter,5659,15,16
3/12/2024,Wind,72,Tuesday,March,Spring,10459,17,18
7/23/2024,Wind,205,Tuesday,July,Summer,2927,21,22
7/19/2024,Wind,201,Friday,July,Summer,1662,0,1
2/23/2024,Wind,54,Friday,February,Winter,15612,14,15
9/3/2022,Solar,246,Saturday,September,Fall,4020,10,11
3/13/2023,Wind,72,Monday,March,Spring,14233,1,2
4/13/2024,Wind,104,Saturday,April,Spring,2307,7,8
7/30/2021,Wind,211,Friday,July,Summer,8655,20,21
1/22/2025,Wind,22,Wednesday,January,Winter,6315,9,10
11/6/2022,Wind,310,Sunday,November,Fall,11081,23,0
5/15/2022,Solar,135,Sunday,May,Spring,5538,9,10
10/9/2024,Wind,283,Wednesday,October,Fall,11747,10,11
3/24/2020,Wind,84,Tuesday,March,Spring,4898,18,19
12/29/2023,Wind,363,Friday,December,Winter,15847,13,14
7/1/2024,Wind,183,Monday,July,Summer,2760,0,1
11/24/2021,Wind,328,Wednesday,November,Fall,2095,19,20
7/13/2024,Wind,195,Saturday,July,Summer,334,23,0
12/1/2021,Wind,335,Wednesday,December,Winter,11647,14,15
4/26/2020,Wind,117,Sunday,April,Spring,457,22,23
8/16/2024,Wind,229,Friday,August,Summer,1612,23,0
4/14/2025,Solar,104,Monday,April,Spring,9083,14,15
5/17/2021,Wind,137,Monday,May,Spring,13497,17,18
9/19/2021,Solar,262,Sunday,September,Fall,5286,15,16
10/24/2025,Wind,297,Friday,October,Fall,14144,23,0
10/2/2023,Solar,275,Monday,October,Fall,7676,16,17
4/14/2020,Wind,105,Tuesday,April,Spring,6514,6,7
2/5/2020,Solar,36,Wednesday,February,Winter,3963,13,14
10/21/2025,Wind,294,Tuesday,October,Fall,6166,22,23
4/1/2022,Wind,91,Friday,April,Spring,9016,7,8
3/21/2020,Wind,81,Saturday,March,Spring,7299,4,5
1/2/2023,Wind,2,Monday,January,Winter,6422,11,12
2/20/2021,Wind,51,Saturday,February,Winter,12255,21,22
8/24/2025,Solar,236,Sunday,August,Summer,4112,10,11
5/6/2022,Solar,126,Friday,May,Spring,6911,11,12
11/12/2024,Wind,317,Tuesday,November,Fall,10329,7,8
12/8/2022,Wind,342,Thursday,December,Winter,1250,7,8
4/30/2020,Wind,121,Thursday,April,Spring,11566,19,20
5/8/2021,Wind,128,Saturday,May,Spring,5551,22,23
4/20/2020,Wind,111,Monday,April,Spring,5535,1,2
1/18/2022,Wind,18,Tuesday,January,Winter,2430,2,3
2/9/2025,Wind,40,Sunday,February,Winter,3868,0,1
12/28/2023,Wind,362,Thursday,December,Winter,13513,7,8
1/29/2022,Wind,29,Saturday,January,Winter,9867,11,12
11/23/2022,Wind,327,Wednesday,November,Fall,9532,8,9
10/19/2025,Wind,292,Sunday,October,Fall,10350,10,11
5/14/2025,Solar,134,Wednesday,May,Spring,1719,7,8
11/19/2023,Wind,323,Sunday,November,Fall,11829,1,2
10/22/2022,Wind,295,Saturday,October,Fall,5156,10,11
7/28/2025,Wind,209,Monday,July,Summer,4437,3,4
8/19/2023,Wind,231,Saturday,August,Summer,3735,5,6
12/15/2024,Wind,350,Sunday,December,Winter,4485,0,1
1/11/2021,Wind,11,Monday,January,Winter,2139,5,6
5/2/2021,Wind,122,Sunday,May,Spring,1824,19,20
11/12/2022,Solar,316,Saturday,November,Fall,5330,10,11
5/18/2024,Solar,139,Saturday,May,Spring,4830,11,12
1/24/2020,Wind,24,Friday,January,Winter,2178,3,4
8/7/2024,Solar,220,Wednesday,August,Summer,7806,12,13
12/19/2023,Wind,353,Tuesday,December,Winter,7637,7,8
7/29/2022,Solar,210,Friday,July,Summer,1886,9,10
4/10/2024,Wind,101,Wednesday,April,Spring,3567,7,8
1/8/2021,Wind,8,Friday,January,Winter,934,21,22
11/10/2024,Wind,315,Sunday,November,Fall,728,4,5
3/23/2021,Wind,82,Tuesday,March,Spring,2297,3,4
3/18/2024,Wind,78,Monday,March,Spring,2408,7,8
7/18/2023,Wind,199,Tuesday,July,Summer,3248,7,8
5/15/2025,Wind,135,Thursday,May,Spring,11522,19,20
5/6/2022,Solar,126,Friday,May,Spring,6812,14,15
5/17/2025,Solar,137,Saturday,May,Spring,5378,12,13
1/25/2023,Wind,25,Wednesday,January,Winter,1865,19,20
11/6/2023,Wind,310,Monday,November,Fall,9476,20,21
6/4/2023,Solar,155,Sunday,June,Summer,7001,10,11
4/17/2023,Solar,107,Monday,April,Spring,10082,13,14
2/21/2021,Wind,52,Sunday,February,Winter,7525,15,16
2/15/2021,Wind,46,Monday,February,Winter,11289,9,10
8/3/2023,Wind,215,Thursday,August,Summer,12714,5,6
5/27/2025,Wind,147,Tuesday,May,Spring,13251,9,10
5/24/2023,Wind,144,Wednesday,May,Spring,6672,5,6
12/16/2024,Wind,351,Monday,December,Winter,7127,7,8
9/2/2022,Wind,245,Friday,September,Fall,1940,5,6
4/16/2025,Solar,106,Wednesday,April,Spring,7798,13,14
6/6/2020,Wind,158,Saturday,June,Summer,10873,13,14
8/20/2024,Solar,233,Tuesday,August,Summer,6256,9,10
11/13/2024,Wind,318,Wednesday,November,Fall,5201,18,19
3/21/2023,Wind,80,Tuesday,March,Spring,4145,4,5
4/29/2022,Solar,119,Friday,April,Spring,6673,12,13
3/18/2023,Wind,77,Saturday,March,Spring,10327,14,15
5/27/2020,Solar,148,Wednesday,May,Spring,6923,14,15
11/8/2020,Wind,313,Sunday,November,Fall,2718,15,16
9/14/2022,Wind,257,Wednesday,September,Fall,1837,2,3
12/15/2021,Wind,349,Wednesday,December,Winter,1197,1,2
12/8/2020,Wind,343,Tuesday,December,Winter,2543,22,23
7/29/2025,Wind,210,Tuesday,July,Summer,2489,6,7
12/26/2020,Wind,361,Saturday,December,Winter,3607,0,1
11/6/2020,Wind,311,Friday,November,Fall,6681,4,5
3/31/2023,Wind,90,Friday,March,Spring,21624,13,14
4/2/2023,Wind,92,Sunday,April,Spring,7144,21,22
1/11/2022,Wind,11,Tuesday,January,Winter,2621,2,3
3/16/2020,Wind,76,Monday,March,Spring,1348,20,21
8/26/2021,Solar,238,Thursday,August,Summer,8454,13,14
7/5/2023,Wind,186,Wednesday,July,Summer,10340,9,10
5/3/2022,Wind,123,Tuesday,May,Spring,3293,8,9
8/10/2021,Wind,222,Tuesday,August,Summer,1235,4,5
8/22/2020,Wind,235,Saturday,August,Summer,11599,14,15
5/6/2022,Wind,126,Friday,May,Spring,3327,3,4
8/26/2025,Solar,238,Tuesday,August,Summer,10719,13,14
9/24/2021,Solar,267,Friday,September,Fall,2890,17,18
1/3/2023,Wind,3,Tuesday,January,Winter,8994,17,18
10/9/2023,Wind,282,Monday,October,Fall,1140,7,8
3/15/2022,Wind,74,Tuesday,March,Spring,4205,23,0
10/25/2022,Wind,298,Tuesday,October,Fall,4686,18,19
12/30/2024,Solar,365,Monday,December,Winter,2963,11,12
3/10/2023,Wind,69,Friday,March,Spring,11697,17,18
5/6/2023,Solar,126,Saturday,May,Spring,7109,13,14
10/10/2020,Wind,284,Saturday,October,Fall,2717,9,10
2/19/2023,Wind,50,Sunday,February,Winter,2222,18,19
9/13/2022,Solar,256,Tuesday,September,Fall,5433,14,15
10/15/2023,Wind,288,Sunday,October,Fall,2777,3,4
1/1/2022,Wind,1,Saturday,January,Winter,3210,1,2
5/14/2021,Wind,134,Friday,May,Spring,7647,12,13
11/4/2025,Wind,308,Tuesday,November,Fall,12730,23,0
1/29/2024,Wind,29,Monday,January,Winter,7443,3,4
1/13/2025,Wind,13,Monday,January,Winter,7719,10,11
7/6/2023,Wind,187,Thursday,July,Summer,868,21,22
3/14/2020,Wind,74,Saturday,March,Spring,3347,21,22
12/24/2023,Wind,358,Sunday,December,Winter,17075,15,16
4/6/2025,Wind,96,Sunday,April,Spring,9135,1,2
10/3/2024,Wind,277,Thursday,October,Fall,5240,3,4
3/6/2022,Wind,65,Sunday,March,Spring,7705,22,23
9/7/2022,Wind,250,Wednesday,September,Fall,4483,18,19
1/4/2024,Wind,4,Thursday,January,Winter,11934,17,18
3/24/2021,Solar,83,Wednesday,March,Spring,2756,8,9
3/31/2023,Wind,90,Friday,March,Spring,20332,11,12
2/14/2021,Wind,45,Sunday,February,Winter,9781,16,17
11/29/2020,Wind,334,Sunday,November,Fall,2194,22,23
5/23/2025,Wind,143,Friday,May,Spring,3654,3,4
2/28/2024,Wind,59,Wednesday,February,Winter,3872,18,19
8/13/2020,Wind,226,Thursday,August,Summer,1977,8,9
2/10/2022,Wind,41,Thursday,February,Winter,5427,7,8
5/22/2020,Wind,143,Friday,May,Spring,2791,20,21
3/7/2020,Wind,67,Saturday,March,Spring,2626,5,6
2/28/2025,Wind,59,Friday,February,Winter,7187,22,23
6/17/2023,Solar,168,Saturday,June,Summer,5207,10,11
10/8/2022,Wind,281,Saturday,October,Fall,2338,21,22
4/26/2020,Solar,117,Sunday,April,Spring,2886,16,17
1/21/2025,Wind,21,Tuesday,January,Winter,7139,23,0
5/18/2024,Solar,139,Saturday,May,Spring,5382,17,18
10/24/2023,Wind,297,Tuesday,October,Fall,5052,20,21
9/27/2025,Wind,270,Saturday,September,Fall,475,1,2
6/2/2025,Wind,153,Monday,June,Summer,3073,1,2
10/13/2021,Wind,286,Wednesday,October,Fall,2129,23,0
2/25/2022,Wind,56,Friday,February,Winter,8739,15,16
12/24/2023,Wind,358,Sunday,December,Winter,17796,10,11
11/19/2025,Wind,323,Wednesday,November,Fall,11799,7,8
4/29/2023,Wind,119,Saturday,April,Spring,2588,21,22
4/23/2023,Wind,113,Sunday,April,Spring,15150,13,14
9/13/2021,Solar,256,Monday,September,Fall,3635,10,11
8/17/2020,Wind,230,Monday,August,Summer,1804,4,5
3/13/2020,Wind,73,Friday,March,Spring,5262,16,17
7/18/2021,Wind,199,Sunday,July,Summer,9318,18,19
9/1/2025,Wind,244,Monday,September,Fall,10390,17,18
5/25/2020,Solar,146,Monday,May,Spring,5450,16,17
11/10/2024,Wind,315,Sunday,November,Fall,1524,17,18
9/30/2022,Solar,273,Friday,September,Fall,7262,13,14
5/18/2021,Wind,138,Tuesday,May,Spring,3940,19,20
8/10/2024,Wind,223,Saturday,August,Summer,1226,20,21
3/25/2021,Wind,84,Thursday,March,Spring,1928,4,5
10/30/2025,Solar,303,Thursday,October,Fall,9665,11,12
10/26/2022,Wind,299,Wednesday,October,Fall,7207,1,2
8/27/2020,Solar,240,Thursday,August,Summer,6251,13,14
4/27/2021,Solar,117,Tuesday,April,Spring,3324,14,15
5/7/2025,Wind,127,Wednesday,May,Spring,7619,8,9
6/26/2024,Solar,178,Wednesday,June,Summer,6737,11,12
8/9/2023,Wind,221,Wednesday,August,Summer,1969,7,8
1/25/2022,Solar,25,Tuesday,January,Winter,267,17,18
9/3/2020,Wind,247,Thursday,September,Fall,978,2,3
2/11/2020,Wind,42,Tuesday,February,Winter,9400,23,0
7/9/2022,Wind,190,Saturday,July,Summer,3653,1,2
8/4/2024,Solar,217,Sunday,August,Summer,4818,13,14
6/25/2022,Wind,176,Saturday,June,Summer,3209,4,5
12/7/2024,Wind,342,Saturday,December,Winter,18556,4,5
9/4/2020,Wind,248,Friday,September,Fall,1720,8,9
1/1/2022,Wind,1,Saturday,January,Winter,5238,19,20
5/8/2023,Wind,128,Monday,May,Spring,1701,2,3
4/22/2021,Wind,112,Thursday,April,Spring,5590,19,20
2/17/2021,Wind,48,Wednesday,February,Winter,9265,0,1
3/3/2020,Wind,63,Tuesday,March,Spring,4440,6,7
11/8/2023,Wind,312,Wednesday,November,Fall,16223,15,16
8/14/2023,Wind,226,Monday,August,Summer,1693,2,3
1/10/2023,Wind,10,Tuesday,January,Winter,7343,5,6
12/22/2021,Wind,356,Wednesday,December,Winter,5561,20,21
8/10/2024,Wind,223,Saturday,August,Summer,1755,2,3
11/14/2023,Wind,318,Tuesday,November,Fall,16988,14,15
3/17/2024,Solar,77,Sunday,March,Spring,6096,15,16
9/7/2021,Wind,250,Tuesday,September,Fall,6840,16,17
11/16/2025,Wind,320,Sunday,November,Fall,4414,21,22
7/15/2020,Wind,197,Wednesday,July,Summer,1874,22,23
10/8/2025,Wind,281,Wednesday,October,Fall,2608,21,22
6/9/2025,Wind,160,Monday,June,Summer,605,23,0
7/14/2020,Wind,196,Tuesday,July,Summer,2443,3,4
10/9/2022,Wind,282,Sunday,October,Fall,4887,6,7
5/28/2020,Wind,149,Thursday,May,Spring,5340,1,2
12/25/2021,Solar,359,Saturday,December,Winter,1223,15,16
8/2/2023,Wind,214,Wednesday,August,Summer,15855,21,22
1/9/2021,Wind,9,Saturday,January,Winter,5323,23,0
2/7/2022,Wind,38,Monday,February,Winter,4802,22,23
10/24/2022,Wind,297,Monday,October,Fall,7058,23,0
5/24/2025,Wind,144,Saturday,May,Spring,14446,16,17
1/11/2022,Wind,11,Tuesday,January,Winter,2912,8,9
12/21/2022,Wind,355,Wednesday,December,Winter,5032,3,4
12/17/2024,Wind,352,Tuesday,December,Winter,5491,10,11
1/30/2021,Wind,30,Saturday,January,Winter,8786,13,14
10/4/2020,Wind,278,Sunday,October,Fall,11664,16,17
5/29/2025,Solar,149,Thursday,May,Spring,8272,17,18
11/25/2024,Wind,330,Monday,November,Fall,12969,10,11
1/26/2020,Wind,26,Sunday,January,Winter,4437,13,14
3/3/2023,Wind,62,Friday,March,Spring,5574,22,23
6/2/2025,Solar,153,Monday,June,Summer,6266,14,15
6/24/2022,Wind,175,Friday,June,Summer,1971,3,4
3/20/2024,Wind,80,Wednesday,March,Spring,1924,0,1
10/12/2023,Wind,285,Thursday,October,Fall,5820,17,18
9/24/2022,Wind,267,Saturday,September,Fall,1028,1,2
2/6/2020,Wind,37,Thursday,February,Winter,5819,21,22
6/9/2024,Wind,161,Sunday,June,Summer,3682,2,3
4/19/2020,Wind,110,Sunday,April,Spring,2602,10,11
9/28/2022,Wind,271,Wednesday,September,Fall,6080,14,15
11/28/2025,Wind,332,Friday,November,Fall,8799,14,15
10/5/2024,Wind,279,Saturday,October,Fall,8967,23,0
7/24/2020,Wind,206,Friday,July,Summer,1760,21,22
10/16/2022,Wind,289,Sunday,October,Fall,6721,16,17
11/6/2020,Wind,311,Friday,November,Fall,7139,22,23
7/2/2021,Wind,183,Friday,July,Summer,1585,23,0
4/13/2022,Solar,103,Wednesday,April,Spring,3628,15,16
8/2/2025,Solar,214,Saturday,August,Summer,12313,14,15
6/25/2023,Wind,176,Sunday,June,Summer,5338,22,23
11/30/2024,Wind,335,Saturday,November,Fall,3505,7,8
10/2/2023,Wind,275,Monday,October,Fall,2764,0,1
4/14/2021,Wind,104,Wednesday,April,Spring,5104,21,22
11/7/2025,Wind,311,Friday,November,Fall,6222,15,16
2/1/2020,Wind,32,Saturday,February,Winter,9608,21,22
4/5/2020,Wind,96,Sunday,April,Spring,8682,14,15
12/27/2022,Wind,361,Tuesday,December,Winter,4483,4,5
12/28/2022,Wind,362,Wednesday,December,Winter,11901,3,4
1/6/2024,Wind,6,Saturday,January,Winter,6893,10,11
3/22/2021,Solar,81,Monday,March,Spring,6284,11,12
11/26/2022,Wind,330,Saturday,November,Fall,6123,19,20
6/9/2025,Solar,160,Monday,June,Summer,4475,15,16
11/1/2021,Wind,305,Monday,November,Fall,8845,2,3
7/18/2023,Solar,199,Tuesday,July,Summer,6978,12,13
1/22/2022,Wind,22,Saturday,January,Winter,3284,16,17
6/2/2021,Wind,153,Wednesday,June,Summer,4114,3,4
9/30/2025,Wind,273,Tuesday,September,Fall,2032,19,20
12/5/2022,Solar,339,Monday,December,Winter,2037,15,16
2/25/2022,Wind,56,Friday,February,Winter,7621,1,2
11/5/2021,Wind,309,Friday,November,Fall,2977,6,7
2/20/2025,Wind,51,Thursday,February,Winter,12416,12,13
4/30/2024,Wind,121,Tuesday,April,Spring,3046,23,0
10/4/2024,Wind,278,Friday,October,Fall,5064,9,10
4/30/2022,Solar,120,Saturday,April,Spring,8450,13,14
2/9/2020,Wind,40,Sunday,February,Winter,7722,0,1
3/9/2024,Wind,69,Saturday,March,Spring,10327,3,4
6/24/2025,Solar,175,Tuesday,June,Summer,6338,13,14
6/21/2020,Wind,173,Sunday,June,Summer,2762,7,8
4/22/2022,Wind,112,Friday,April,Spring,5531,2,3
10/26/2025,Wind,299,Sunday,October,Fall,10764,9,10
12/9/2024,Wind,344,Monday,December,Winter,13556,2,3
1/2/2024,Wind,2,Tuesday,January,Winter,18685,12,13
5/1/2023,Wind,121,Monday,May,Spring,1652,0,1
5/10/2020,Wind,131,Sunday,May,Spring,2008,8,9
11/1/2025,Wind,305,Saturday,November,Fall,9691,22,23
7/4/2023,Wind,185,Tuesday,July,Summer,10440,23,0
5/13/2023,Wind,133,Saturday,May,Spring,10482,14,15
6/25/2020,Solar,177,Thursday,June,Summer,2861,9,10
1/9/2020,Wind,9,Thursday,January,Winter,12336,12,13
8/28/2024,Wind,241,Wednesday,August,Summer,2229,6,7
2/28/2022,Wind,59,Monday,February,Winter,3898,7,8
7/13/2021,Wind,194,Tuesday,July,Summer,5260,10,11
12/5/2020,Wind,340,Saturday,December,Winter,6409,17,18
3/12/2020,Wind,72,Thursday,March,Spring,8370,7,8
4/30/2021,Wind,120,Friday,April,Spring,1412,3,4
9/18/2022,Solar,261,Sunday,September,Fall,4392,9,10
10/29/2025,Wind,302,Wednesday,October,Fall,7423,9,10
4/16/2023,Wind,106,Sunday,April,Spring,3665,23,0
5/9/2024,Wind,130,Thursday,May,Spring,5021,23,0
9/30/2020,Wind,274,Wednesday,September,Fall,3257,18,19
4/29/2022,Solar,119,Friday,April,Spring,5493,17,18
11/10/2023,Wind,314,Friday,November,Fall,15079,9,10
8/18/2025,Wind,230,Monday,August,Summer,7156,0,1
5/12/2020,Wind,133,Tuesday,May,Spring,4993,7,8
9/3/2022,Wind,246,Saturday,September,Fall,1685,1,2
8/9/2021,Wind,221,Monday,August,Summer,5509,18,19
3/13/2020,Wind,73,Friday,March,Spring,7874,13,14
5/12/2022,Wind,132,Thursday,May,Spring,3488,18,19
8/8/2024,Solar,221,Thursday,August,Summer,9623,14,15
10/30/2025,Wind,303,Thursday,October,Fall,8417,15,16
9/15/2021,Wind,258,Wednesday,September,Fall,1024,23,0
4/12/2024,Solar,103,Friday,April,Spring,4676,14,15
6/9/2020,Wind,161,Tuesday,June,Summer,3222,8,9
11/12/2021,Wind,316,Friday,November,Fall,4225,18,19
3/1/2025,Wind,60,Saturday,March,Spring,6922,4,5
5/21/2022,Solar,141,Saturday,May,Spring,2628,18,19
8/28/2025,Wind,240,Thursday,August,Summer,2454,1,2
7/27/2025,Wind,208,Sunday,July,Summer,1786,5,6
7/20/2021,Solar,201,Tuesday,July,Summer,5834,16,17
6/28/2022,Wind,179,Tuesday,June,Summer,1388,6,7
9/21/2025,Wind,264,Sunday,September,Fall,5062,4,5
11/3/2024,Wind,308,Sunday,November,Fall,3552,2,3
11/19/2024,Wind,324,Tuesday,November,Fall,18956,9,10
10/22/2024,Wind,296,Tuesday,October,Fall,3568,1,2
4/22/2020,Wind,113,Wednesday,April,Spring,2865,18,19
10/13/2023,Wind,286,Friday,October,Fall,15112,10,11
10/12/2023,Solar,285,Thursday,October,Fall,8411,12,13
5/5/2022,Solar,125,Thursday,May,Spring,6026,14,15
12/22/2020,Wind,357,Tuesday,December,Winter,6752,16,17
7/7/2024,Solar,189,Sunday,July,Summer,5126,10,11
4/28/2022,Wind,118,Thursday,April,Spring,5002,22,23
3/19/2022,Wind,78,Saturday,March,Spring,9680,21,22
2/5/2025,Wind,36,Wednesday,February,Winter,3259,19,20
3/30/2020,Wind,90,Monday,March,Spring,12305,16,17
10/6/2024,Wind,280,Sunday,October,Fall,8224,20,21
7/18/2025,Wind,199,Friday,July,Summer,3802,23,0
6/22/2021,Wind,173,Tuesday,June,Summer,7084,13,14
3/9/2025,Wind,68,Sunday,March,Spring,2682,20,21
7/6/2020,Wind,188,Monday,July,Summer,5654,3,4
1/21/2023,Wind,21,Saturday,January,Winter,5918,0,1
10/20/2025,Wind,293,Monday,October,Fall,11753,3,4
5/9/2021,Wind,129,Sunday,May,Spring,11238,14,15
9/10/2023,Wind,253,Sunday,September,Fall,2358,21,22
8/4/2024,Wind,217,Sunday,August,Summer,1962,6,7
2/20/2023,Wind,51,Monday,February,Winter,3465,8,9
10/6/2025,Solar,279,Monday,October,Fall,4871,9,10
10/31/2020,Wind,305,Saturday,October,Fall,1716,0,1
6/2/2022,Wind,153,Thursday,June,Summer,4245,3,4
7/1/2021,Wind,182,Thursday,July,Summer,1001,20,21
10/5/2024,Solar,279,Saturday,October,Fall,8795,11,12
8/21/2023,Solar,233,Monday,August,Summer,6981,12,13
10/31/2023,Wind,304,Tuesday,October,Fall,10888,15,16
12/24/2020,Wind,359,Thursday,December,Winter,9299,17,18
10/29/2024,Wind,303,Tuesday,October,Fall,2034,0,1
1/20/2020,Wind,20,Monday,January,Winter,5969,6,7
7/27/2022,Wind,208,Wednesday,July,Summer,2863,2,3
9/23/2023,Wind,266,Saturday,September,Fall,1134,22,23
5/17/2023,Wind,137,Wednesday,May,Spring,7154,21,22
5/15/2021,Wind,135,Saturday,May,Spring,10329,13,14
10/24/2021,Wind,297,Sunday,October,Fall,3903,0,1
5/23/2025,Wind,143,Friday,May,Spring,3940,7,8
7/31/2023,Wind,212,Monday,July,Summer,16164,17,18
10/11/2023,Wind,284,Wednesday,October,Fall,2966,7,8
5/1/2022,Solar,121,Sunday,May,Spring,3553,18,19
7/10/2025,Wind,191,Thursday,July,Summer,2663,7,8
1/5/2024,Wind,5,Friday,January,Winter,10179,5,6
9/8/2020,Wind,252,Tuesday,September,Fall,1596,0,1
3/23/2023,Wind,82,Thursday,March,Spring,13963,20,21
4/1/2023,Wind,91,Saturday,April,Spring,16591,2,3
2/18/2025,Wind,49,Tuesday,February,Winter,9155,15,16
10/14/2020,Wind,288,Wednesday,October,Fall,5761,12,13
8/21/2024,Wind,234,Wednesday,August,Summer,7150,0,1
11/13/2025,Wind,317,Thursday,November,Fall,11401,4,5
9/19/2022,Solar,262,Monday,September,Fall,7972,15,16
7/26/2023,Wind,207,Wednesday,July,Summer,2678,22,23
1/14/2021,Wind,14,Thursday,January,Winter,7248,7,8
12/1/2020,Wind,336,Tuesday,December,Winter,7535,2,3
2/27/2024,Wind,58,Tuesday,February,Winter,11867,6,7
1/13/2020,Wind,13,Monday,January,Winter,2719,5,6
1/7/2022,Wind,7,Friday,January,Winter,9092,0,1
10/3/2022,Solar,276,Monday,October,Fall,5116,15,16
11/15/2022,Wind,319,Tuesday,November,Fall,6758,0,1
9/1/2022,Wind,244,Thursday,September,Fall,2865,5,6
7/27/2021,Wind,208,Tuesday,July,Summer,1685,2,3
7/11/2021,Solar,192,Sunday,July,Summer,5042,13,14
3/29/2022,Solar,88,Tuesday,March,Spring,3254,10,11
4/3/2024,Wind,94,Wednesday,April,Spring,18128,13,14
4/19/2023,Wind,109,Wednesday,April,Spring,6823,7,8
10/25/2021,Wind,298,Monday,October,Fall,2690,3,4
6/18/2023,Wind,169,Sunday,June,Summer,4451,20,21
2/14/2023,Wind,45,Tuesday,February,Winter,4662,21,22
3/23/2025,Wind,82,Sunday,March,Spring,1259,22,23
6/27/2025,Solar,178,Friday,June,Summer,9125,17,18
8/28/2022,Solar,240,Sunday,August,Summer,8898,12,13
7/11/2023,Wind,192,Tuesday,July,Summer,1999,5,6
9/9/2020,Wind,253,Wednesday,September,Fall,1078,8,9
6/28/2024,Solar,180,Friday,June,Summer,4290,18,19
7/29/2020,Solar,211,Wednesday,July,Summer,2120,9,10
7/9/2023,Solar,190,Sunday,July,Summer,6674,16,17
3/16/2024,Wind,76,Saturday,March,Spring,1211,18,19
5/14/2023,Solar,134,Sunday,May,Spring,6013,10,11
6/13/2025,Wind,164,Friday,June,Summer,1801,2,3
11/9/2022,Wind,313,Wednesday,November,Fall,8441,5,6
4/6/2022,Wind,96,Wednesday,April,Spring,5141,6,7
8/8/2025,Solar,220,Friday,August,Summer,4706,15,16
10/4/2025,Wind,277,Saturday,October,Fall,17338,7,8
10/25/2020,Wind,299,Sunday,October,Fall,10696,2,3
7/18/2021,Wind,199,Sunday,July,Summer,4398,8,9
8/13/2021,Solar,225,Friday,August,Summer,2862,18,19
11/4/2023,Wind,308,Saturday,November,Fall,14865,22,23
10/27/2020,Wind,301,Tuesday,October,Fall,10606,20,21
3/5/2023,Wind,64,Sunday,March,Spring,1000,21,22
11/14/2022,Wind,318,Monday,November,Fall,3434,0,1
9/10/2020,Wind,254,Thursday,September,Fall,2229,22,23
4/20/2024,Wind,111,Saturday,April,Spring,8412,15,16
2/15/2021,Wind,46,Monday,February,Winter,12188,11,12
4/24/2024,Wind,115,Wednesday,April,Spring,9813,11,12
3/14/2023,Wind,73,Tuesday,March,Spring,17911,9,10
2/8/2022,Wind,39,Tuesday,February,Winter,4263,16,17
1/8/2025,Wind,8,Wednesday,January,Winter,12406,15,16
12/4/2023,Wind,338,Monday,December,Winter,13067,2,3
6/29/2025,Wind,180,Sunday,June,Summer,2788,21,22
11/21/2025,Wind,325,Friday,November,Fall,4327,0,1
7/18/2021,Solar,199,Sunday,July,Summer,7976,11,12
12/18/2024,Wind,353,Wednesday,December,Winter,13902,5,6
12/28/2024,Solar,363,Saturday,December,Winter,4030,11,12
8/4/2020,Solar,217,Tuesday,August,Summer,5530,13,14
9/21/2024,Solar,265,Saturday,September,Fall,7327,11,12
3/25/2020,Wind,85,Wednesday,March,Spring,6439,2,3
5/9/2021,Wind,129,Sunday,May,Spring,11507,17,18
7/30/2023,Wind,211,Sunday,July,Summer,12058,17,18
7/4/2022,Solar,185,Monday,July,Summer,5745,13,14
7/5/2021,Wind,186,Monday,July,Summer,4747,9,10
2/13/2023,Solar,44,Monday,February,Winter,6722,13,14
9/27/2020,Wind,271,Sunday,September,Fall,11489,5,6
8/26/2025,Wind,238,Tuesday,August,Summer,2770,22,23
1/28/2025,Wind,28,Tuesday,January,Winter,19186,19,20
9/5/2023,Wind,248,Tuesday,September,Fall,1711,20,21
6/6/2020,Wind,158,Saturday,June,Summer,7194,19,20
9/21/2023,Wind,264,Thursday,September,Fall,11271,0,1
1/6/2021,Wind,6,Wednesday,January,Winter,1309,4,5
6/21/2021,Solar,172,Monday,June,Summer,4642,17,18
4/30/2020,Wind,121,Thursday,April,Spring,6717,1,2
12/5/2024,Wind,340,Thursday,December,Winter,11663,6,7
8/11/2022,Wind,223,Thursday,August,Summer,4434,6,7
4/3/2023,Wind,93,Monday,April,Spring,10376,17,18
10/9/2024,Wind,283,Wednesday,October,Fall,11147,2,3
11/5/2021,Solar,309,Friday,November,Fall,3837,14,15
2/19/2020,Wind,50,Wednesday,February,Winter,7030,15,16
3/21/2024,Solar,81,Thursday,March,Spring,6064,15,16
5/4/2021,Wind,124,Tuesday,May,Spring,13060,3,4
7/20/2020,Wind,202,Monday,July,Summer,2745,2,3
4/21/2020,Wind,112,Tuesday,April,Spring,5274,12,13
9/28/2021,Wind,271,Tuesday,September,Fall,5083,22,23
11/16/2023,Wind,320,Thursday,November,Fall,8890,8,9
11/16/2023,Wind,320,Thursday,November,Fall,10601,10,11
9/5/2021,Solar,248,Sunday,September,Fall,4826,12,13
10/30/2024,Solar,304,Wednesday,October,Fall,4815,10,11
10/14/2021,Wind,287,Thursday,October,Fall,1998,7,8
11/27/2024,Wind,332,Wednesday,November,Fall,18995,11,12
7/19/2022,Solar,200,Tuesday,July,Summer,11456,14,15
3/18/2020,Wind,78,Wednesday,March,Spring,920,7,8
8/2/2020,Wind,215,Sunday,August,Summer,3476,20,21
10/8/2023,Wind,281,Sunday,October,Fall,914,22,23
1/18/2021,Wind,18,Monday,January,Winter,2046,0,1
5/1/2023,Wind,121,Monday,May,Spring,2281,5,6
3/27/2023,Solar,86,Monday,March,Spring,7984,13,14
9/12/2024,Wind,256,Thursday,September,Fall,9890,17,18
6/27/2021,Solar,178,Sunday,June,Summer,2797,11,12
4/29/2023,Solar,119,Saturday,April,Spring,3294,10,11
2/14/2020,Wind,45,Friday,February,Winter,5101,20,21
5/28/2020,Wind,149,Thursday,May,Spring,4584,20,21
10/23/2020,Wind,297,Friday,October,Fall,5272,21,22
2/9/2021,Wind,40,Tuesday,February,Winter,3261,11,12
5/18/2020,Solar,139,Monday,May,Spring,4683,17,18
2/16/2020,Wind,47,Sunday,February,Winter,11933,5,6
1/17/2021,Wind,17,Sunday,January,Winter,5132,5,6
8/22/2020,Wind,235,Saturday,August,Summer,11377,15,16
12/2/2023,Wind,336,Saturday,December,Winter,3287,15,16
11/19/2024,Wind,324,Tuesday,November,Fall,17507,6,7
1/20/2022,Wind,20,Thursday,January,Winter,5476,23,0
8/12/2021,Wind,224,Thursday,August,Summer,537,4,5
4/12/2022,Wind,102,Tuesday,April,Spring,2391,23,0
9/20/2024,Wind,264,Friday,September,Fall,6934,1,2
7/24/2020,Wind,206,Friday,July,Summer,1623,6,7
7/31/2023,Wind,212,Monday,July,Summer,10483,8,9
5/7/2021,Solar,127,Friday,May,Spring,5300,15,16
6/19/2022,Wind,170,Sunday,June,Summer,12780,15,16
4/26/2020,Wind,117,Sunday,April,Spring,507,21,22
5/2/2023,Solar,122,Tuesday,May,Spring,5328,9,10
11/6/2021,Solar,310,Saturday,November,Fall,4862,10,11
1/11/2022,Wind,11,Tuesday,January,Winter,3441,9,10
5/26/2023,Solar,146,Friday,May,Spring,12036,12,13
9/22/2024,Wind,266,Sunday,September,Fall,3944,9,10
9/4/2023,Wind,247,Monday,September,Fall,7654,9,10
5/3/2022,Wind,123,Tuesday,May,Spring,5334,0,1
6/15/2025,Solar,166,Sunday,June,Summer,3841,12,13
12/18/2021,Wind,352,Saturday,December,Winter,6087,6,7
8/2/2021,Solar,214,Monday,August,Summer,4320,11,12
8/16/2025,Wind,228,Saturday,August,Summer,7143,6,7
6/29/2025,Solar,180,Sunday,June,Summer,4565,14,15
2/21/2022,Wind,52,Monday,February,Winter,14866,7,8
6/7/2025,Wind,158,Saturday,June,Summer,11062,21,22
4/20/2025,Wind,110,Sunday,April,Spring,4558,15,16
7/23/2023,Wind,204,Sunday,July,Summer,9075,2,3
2/21/2025,Wind,52,Friday,February,Winter,15714,15,16
10/19/2022,Wind,292,Wednesday,October,Fall,7944,19,20
1/27/2024,Wind,27,Saturday,January,Winter,1873,0,1
2/11/2021,Wind,42,Thursday,February,Winter,6113,8,9
2/13/2023,Wind,44,Monday,February,Winter,2677,21,22
12/6/2024,Wind,341,Friday,December,Winter,13192,8,9
1/29/2023,Wind,29,Sunday,January,Winter,1135,5,6
4/22/2023,Wind,112,Saturday,April,Spring,4828,5,6
2/14/2025,Wind,45,Friday,February,Winter,7129,16,17
10/24/2021,Wind,297,Sunday,October,Fall,3283,23,0
9/29/2025,Wind,272,Monday,September,Fall,2578,8,9
1/20/2020,Wind,20,Monday,January,Winter,6095,10,11
1/26/2022,Solar,26,Wednesday,January,Winter,3768,13,14
4/6/2020,Wind,97,Monday,April,Spring,7724,0,1
1/31/2020,Wind,31,Friday,January,Winter,7998,3,4
8/31/2022,Wind,243,Wednesday,August,Summer,2234,5,6
4/1/2023,Wind,91,Saturday,April,Spring,16915,1,2
11/1/2022,Wind,305,Tuesday,November,Fall,13662,15,16
7/30/2024,Wind,212,Tuesday,July,Summer,2503,22,23
4/8/2025,Wind,98,Tuesday,April,Spring,2749,19,20
9/10/2024,Wind,254,Tuesday,September,Fall,11651,20,21
10/31/2020,Wind,305,Saturday,October,Fall,8194,9,10
5/7/2024,Solar,128,Tuesday,May,Spring,5090,9,10
4/19/2021,Wind,109,Monday,April,Spring,1780,0,1
3/12/2023,Wind,71,Sunday,March,Spring,9795,18,19
11/19/2023,Wind,323,Sunday,November,Fall,13588,9,10
2/14/2023,Solar,45,Tuesday,February,Winter,6281,14,15
10/8/2020,Wind,282,Thursday,October,Fall,3679,23,0
12/4/2024,Wind,339,Wednesday,December,Winter,3938,18,19
8/2/2022,Wind,214,Tuesday,August,Summer,1216,5,6
9/5/2021,Wind,248,Sunday,September,Fall,570,2,3
1/3/2024,Wind,3,Wednesday,January,Winter,17729,20,21
6/2/2023,Solar,153,Friday,June,Summer,10821,11,12
12/5/2024,Wind,340,Thursday,December,Winter,16998,14,15
5/29/2022,Wind,149,Sunday,May,Spring,6015,2,3
8/3/2023,Wind,215,Thursday,August,Summer,9503,17,18
8/31/2020,Solar,244,Monday,August,Summer,4591,11,12
1/27/2021,Wind,27,Wednesday,January,Winter,5439,13,14
8/1/2020,Wind,214,Saturday,August,Summer,2389,8,9
7/13/2021,Wind,194,Tuesday,July,Summer,2739,5,6
12/5/2021,Wind,339,Sunday,December,Winter,7154,4,5
11/4/2022,Wind,308,Friday,November,Fall,6038,20,21
10/10/2022,Solar,283,Monday,October,Fall,4346,11,12
12/8/2023,Wind,342,Friday,December,Winter,4441,6,7
11/19/2023,Wind,323,Sunday,November,Fall,12031,23,0
2/19/2024,Wind,50,Monday,February,Winter,4808,22,23
3/11/2024,Wind,71,Monday,March,Spring,6774,18,19
12/2/2022,Wind,336,Friday,December,Winter,6439,21,22
9/15/2024,Solar,259,Sunday,September,Fall,6509,13,14
5/13/2025,Solar,133,Tuesday,May,Spring,4040,12,13
8/16/2024,Wind,229,Friday,August,Summer,3495,3,4
7/4/2022,Solar,185,Monday,July,Summer,4726,18,19
12/17/2021,Wind,351,Friday,December,Winter,7175,22,23
5/3/2022,Wind,123,Tuesday,May,Spring,4686,17,18
11/1/2022,Wind,305,Tuesday,November,Fall,11571,19,20
10/23/2025,Wind,296,Thursday,October,Fall,18781,1,2
6/2/2020,Wind,154,Tuesday,June,Summer,1582,7,8
7/30/2023,Wind,211,Sunday,July,Summer,5034,6,7
10/18/2024,Wind,292,Friday,October,Fall,3726,10,11
1/24/2021,Wind,24,Sunday,January,Winter,7785,17,18
6/7/2024,Solar,159,Friday,June,Summer,3850,18,19
9/17/2022,Wind,260,Saturday,September,Fall,5298,6,7
8/1/2023,Wind,213,Tuesday,August,Summer,16261,14,15
8/9/2024,Wind,222,Friday,August,Summer,4379,2,3
4/1/2025,Wind,91,Tuesday,April,Spring,10918,0,1
10/12/2020,Wind,286,Monday,October,Fall,1885,8,9
12/29/2021,Wind,363,Wednesday,December,Winter,13972,17,18
9/20/2025,Wind,263,Saturday,September,Fall,14676,13,14
1/20/2023,Wind,20,Friday,January,Winter,5568,11,12
10/16/2025,Wind,289,Thursday,October,Fall,4675,3,4
10/24/2024,Wind,298,Thursday,October,Fall,6471,9,10
11/19/2021,Wind,323,Friday,November,Fall,1780,20,21
12/16/2021,Wind,350,Thursday,December,Winter,5603,12,13
5/8/2022,Wind,128,Sunday,May,Spring,3729,7,8
11/18/2024,Wind,323,Monday,November,Fall,8868,8,9
7/22/2024,Wind,204,Monday,July,Summer,3600,3,4
11/10/2021,Solar,314,Wednesday,November,Fall,1404,9,10
4/30/2021,Wind,120,Friday,April,Spring,1194,21,22
11/15/2024,Wind,320,Friday,November,Fall,1734,23,0
6/4/2021,Wind,155,Friday,June,Summer,1719,5,6
3/16/2020,Wind,76,Monday,March,Spring,1639,22,23
1/20/2022,Wind,20,Thursday,January,Winter,5362,20,21
3/12/2022,Wind,71,Saturday,March,Spring,6226,7,8
10/29/2025,Wind,302,Wednesday,October,Fall,8314,18,19
9/26/2021,Wind,269,Sunday,September,Fall,2237,5,6
7/8/2022,Solar,189,Friday,July,Summer,9095,15,16
12/4/2021,Wind,338,Saturday,December,Winter,9482,0,1
10/13/2023,Wind,286,Friday,October,Fall,14400,23,0
11/18/2023,Wind,322,Saturday,November,Fall,12095,22,23
11/7/2023,Wind,311,Tuesday,November,Fall,6851,6,7
9/2/2022,Wind,245,Friday,September,Fall,1443,19,20
2/23/2024,Wind,54,Friday,February,Winter,15039,9,10
9/5/2020,Wind,249,Saturday,September,Fall,2634,4,5
11/1/2025,Wind,305,Saturday,November,Fall,14454,6,7
11/18/2025,Wind,322,Tuesday,November,Fall,7882,19,20
5/27/2021,Solar,147,Thursday,May,Spring,3912,17,18
2/11/2021,Wind,42,Thursday,February,Winter,8683,15,16
8/31/2022,Wind,243,Wednesday,August,Summer,2951,20,21
6/21/2023,Solar,172,Wednesday,June,Summer,4753,15,16
8/30/2022,Wind,242,Tuesday,August,Summer,3271,22,23
10/11/2021,Wind,284,Monday,October,Fall,3153,20,21
10/7/2023,Wind,280,Saturday,October,Fall,3526,23,0
8/27/2020,Wind,240,Thursday,August,Summer,7497,23,0
7/22/2021,Solar,203,Thursday,July,Summer,2992,9,10
8/1/2024,Wind,214,Thursday,August,Summer,1611,1,2
6/1/2021,Wind,152,Tuesday,June,Summer,3763,21,22
9/21/2021,Solar,264,Tuesday,September,Fall,5163,14,15
9/9/2024,Wind,253,Monday,September,Fall,8521,5,6
1/31/2025,Wind,31,Friday,January,Winter,8937,12,13
6/3/2025,Wind,154,Tuesday,June,Summer,2426,6,7
6/25/2021,Solar,176,Friday,June,Summer,5768,12,13
6/18/2022,Wind,169,Saturday,June,Summer,2323,7,8
2/26/2023,Wind,57,Sunday,February,Winter,15728,18,19
3/11/2022,Wind,70,Friday,March,Spring,10519,21,22
6/1/2022,Solar,152,Wednesday,June,Summer,5214,17,18
6/19/2022,Wind,170,Sunday,June,Summer,6948,7,8
9/8/2022,Wind,251,Thursday,September,Fall,8695,10,11
8/2/2022,Wind,214,Tuesday,August,Summer,1310,1,2
11/26/2024,Wind,331,Tuesday,November,Fall,6445,1,2
12/13/2023,Wind,347,Wednesday,December,Winter,7828,6,7
7/12/2025,Wind,193,Saturday,July,Summer,3909,20,21
10/16/2022,Wind,289,Sunday,October,Fall,4704,18,19
4/12/2020,Wind,103,Sunday,April,Spring,2322,21,22
12/25/2023,Wind,359,Monday,December,Winter,12230,16,17
6/18/2021,Wind,169,Friday,June,Summer,9367,17,18
10/18/2023,Wind,291,Wednesday,October,Fall,10499,1,2
1/12/2022,Solar,12,Wednesday,January,Winter,4584,11,12
4/29/2023,Wind,119,Saturday,April,Spring,2714,22,23
9/21/2021,Wind,264,Tuesday,September,Fall,3306,23,0
8/8/2023,Solar,220,Tuesday,August,Summer,9733,12,13
8/1/2021,Wind,213,Sunday,August,Summer,2348,4,5
2/10/2020,Wind,41,Monday,February,Winter,12959,21,22
10/31/2020,Wind,305,Saturday,October,Fall,3069,4,5
12/31/2024,Wind,366,Tuesday,December,Winter,9036,17,18
10/28/2023,Wind,301,Saturday,October,Fall,11930,4,5
7/19/2025,Wind,200,Saturday,July,Summer,4635,1,2
9/15/2023,Wind,258,Friday,September,Fall,2659,19,20
7/12/2021,Wind,193,Monday,July,Summer,2324,7,8
11/28/2020,Wind,333,Saturday,November,Fall,3710,13,14
1/10/2023,Wind,10,Tuesday,January,Winter,15777,14,15
12/13/2021,Wind,347,Monday,December,Winter,1678,1,2
12/23/2021,Wind,357,Thursday,December,Winter,8130,13,14
12/13/2024,Wind,348,Friday,December,Winter,2960,9,10
4/19/2022,Wind,109,Tuesday,April,Spring,2818,3,4
8/30/2023,Wind,242,Wednesday,August,Summer,3483,23,0
3/14/2023,Wind,73,Tuesday,March,Spring,5023,22,23
5/6/2022,Wind,126,Friday,May,Spring,4837,18,19
3/23/2025,Wind,82,Sunday,March,Spring,5996,8,9
1/16/2022,Wind,16,Sunday,January,Winter,1801,3,4
8/26/2023,Wind,238,Saturday,August,Summer,2861,0,1
4/17/2025,Wind,107,Thursday,April,Spring,2565,3,4
4/10/2025,Solar,100,Thursday,April,Spring,10273,10,11
8/23/2021,Wind,235,Monday,August,Summer,5030,21,22
11/21/2023,Wind,325,Tuesday,November,Fall,7176,15,16
8/18/2024,Wind,231,Sunday,August,Summer,5352,19,20
11/4/2024,Wind,309,Monday,November,Fall,2776,3,4
8/7/2021,Wind,219,Saturday,August,Summer,3294,2,3
11/27/2022,Wind,331,Sunday,November,Fall,6839,15,16
3/27/2021,Wind,86,Saturday,March,Spring,9516,2,3
3/12/2022,Wind,71,Saturday,March,Spring,9748,22,23
10/17/2025,Wind,290,Friday,October,Fall,5096,5,6
4/10/2025,Solar,100,Thursday,April,Spring,10743,17,18
8/21/2022,Wind,233,Sunday,August,Summer,791,0,1
2/11/2021,Wind,42,Thursday,February,Winter,5196,6,7
3/31/2021,Wind,90,Wednesday,March,Spring,1435,23,0
6/19/2020,Wind,171,Friday,June,Summer,1906,6,7
2/26/2020,Wind,57,Wednesday,February,Winter,13169,13,14
10/21/2023,Wind,294,Saturday,October,Fall,20374,11,12
11/7/2023,Wind,311,Tuesday,November,Fall,8207,8,9
7/29/2025,Wind,210,Tuesday,July,Summer,3104,0,1
2/19/2020,Wind,50,Wednesday,February,Winter,7379,10,11
4/3/2023,Wind,93,Monday,April,Spring,11458,13,14
2/25/2021,Wind,56,Thursday,February,Winter,1854,19,20
2/25/2021,Wind,56,Thursday,February,Winter,5371,2,3
9/28/2024,Solar,272,Saturday,September,Fall,8533,11,12
2/22/2023,Wind,53,Wednesday,February,Winter,3581,14,15
3/5/2025,Solar,64,Wednesday,March,Spring,9526,11,12
9/11/2023,Wind,254,Monday,September,Fall,2249,1,2
12/6/2020,Wind,341,Sunday,December,Winter,1761,20,21
10/3/2025,Wind,276,Friday,October,Fall,11497,14,15
11/28/2022,Wind,332,Monday,November,Fall,4489,4,5
5/3/2020,Wind,124,Sunday,May,Spring,705,22,23
2/19/2021,Wind,50,Friday,February,Winter,8744,13,14
1/16/2020,Wind,16,Thursday,January,Winter,9123,16,17
11/18/2021,Solar,322,Thursday,November,Fall,3746,13,14
12/13/2022,Wind,347,Tuesday,December,Winter,6219,6,7
5/26/2021,Wind,146,Wednesday,May,Spring,10892,12,13
5/28/2020,Wind,149,Thursday,May,Spring,6074,22,23
5/16/2022,Wind,136,Monday,May,Spring,599,22,23
2/8/2021,Wind,39,Monday,February,Winter,2084,10,11
8/25/2022,Solar,237,Thursday,August,Summer,6443,12,13
3/12/2024,Wind,72,Tuesday,March,Spring,5402,0,1
3/8/2022,Wind,67,Tuesday,March,Spring,5703,21,22
4/6/2025,Wind,96,Sunday,April,Spring,10147,22,23
12/1/2023,Wind,335,Friday,December,Winter,5091,21,22
2/1/2024,Wind,32,Thursday,February,Winter,3991,13,14
3/19/2021,Wind,78,Friday,March,Spring,5515,5,6
11/22/2020,Wind,327,Sunday,November,Fall,2036,2,3
1/29/2023,Wind,29,Sunday,January,Winter,1089,6,7
2/3/2020,Wind,34,Monday,February,Winter,10296,23,0
8/22/2025,Wind,234,Friday,August,Summer,3100,22,23
12/30/2023,Wind,364,Saturday,December,Winter,14946,21,22
6/14/2020,Wind,166,Sunday,June,Summer,2981,6,7
5/20/2025,Solar,140,Tuesday,May,Spring,7909,11,12
5/27/2021,Solar,147,Thursday,May,Spring,1951,19,20
11/28/2024,Solar,333,Thursday,November,Fall,5112,12,13
6/12/2025,Wind,163,Thursday,June,Summer,2592,20,21
12/2/2021,Wind,336,Thursday,December,Winter,6595,4,5
4/6/2023,Wind,96,Thursday,April,Spring,1240,1,2
8/29/2022,Wind,241,Monday,August,Summer,5149,21,22
4/22/2024,Wind,113,Monday,April,Spring,7693,2,3
4/7/2022,Wind,97,Thursday,April,Spring,13300,21,22
8/17/2020,Wind,230,Monday,August,Summer,2329,8,9
4/8/2020,Wind,99,Wednesday,April,Spring,3294,0,1
6/27/2022,Wind,178,Monday,June,Summer,1132,2,3
11/8/2022,Wind,312,Tuesday,November,Fall,13921,13,14
7/27/2024,Wind,209,Saturday,July,Summer,418,1,2
8/5/2025,Wind,217,Tuesday,August,Summer,7613,16,17
5/1/2020,Wind,122,Friday,May,Spring,8012,10,11
6/22/2022,Wind,173,Wednesday,June,Summer,3322,5,6
1/10/2020,Wind,10,Friday,January,Winter,9719,0,1
2/26/2024,Wind,57,Monday,February,Winter,9462,3,4
8/3/2023,Wind,215,Thursday,August,Summer,7651,18,19
11/6/2020,Wind,311,Friday,November,Fall,7462,0,1
5/12/2025,Solar,132,Monday,May,Spring,4886,18,19
2/4/2023,Wind,35,Saturday,February,Winter,2724,6,7
9/8/2021,Wind,251,Wednesday,September,Fall,5846,16,17
2/16/2023,Wind,47,Thursday,February,Winter,7525,19,20
5/12/2022,Solar,132,Thursday,May,Spring,1922,8,9
11/12/2025,Wind,316,Wednesday,November,Fall,13071,0,1
7/7/2020,Solar,189,Tuesday,July,Summer,4694,11,12
3/18/2021,Wind,77,Thursday,March,Spring,6015,13,14
8/2/2020,Wind,215,Sunday,August,Summer,2829,7,8
1/28/2020,Wind,28,Tuesday,January,Winter,12847,8,9
10/6/2023,Wind,279,Friday,October,Fall,1366,0,1
6/27/2024,Solar,179,Thursday,June,Summer,5860,10,11
8/30/2024,Solar,243,Friday,August,Summer,8694,12,13
11/22/2025,Wind,326,Saturday,November,Fall,4673,5,6
1/8/2024,Wind,8,Monday,January,Winter,11588,13,14
8/10/2025,Solar,222,Sunday,August,Summer,4763,12,13
4/30/2024,Wind,121,Tuesday,April,Spring,6800,10,11
9/5/2024,Solar,249,Thursday,September,Fall,7713,12,13
6/18/2024,Wind,170,Tuesday,June,Summer,2850,5,6
8/11/2020,Wind,224,Tuesday,August,Summer,1326,22,23
11/18/2024,Wind,323,Monday,November,Fall,9025,4,5
3/3/2025,Wind,62,Monday,March,Spring,4149,21,22
6/16/2020,Solar,168,Tuesday,June,Summer,2228,9,10
11/5/2023,Wind,309,Sunday,November,Fall,19077,11,12
7/10/2020,Wind,192,Friday,July,Summer,4371,9,10
10/29/2023,Wind,302,Sunday,October,Fall,12320,18,19
6/25/2020,Wind,177,Thursday,June,Summer,3877,1,2
11/27/2023,Wind,331,Monday,November,Fall,7464,2,3
9/10/2023,Wind,253,Sunday,September,Fall,2837,22,23
3/25/2024,Wind,85,Monday,March,Spring,8875,22,23
11/11/2021,Wind,315,Thursday,November,Fall,1151,2,3
9/21/2020,Solar,265,Monday,September,Fall,1691,10,11
1/17/2021,Wind,17,Sunday,January,Winter,2503,21,22
6/16/2024,Wind,168,Sunday,June,Summer,3886,20,21
5/25/2020,Wind,146,Monday,May,Spring,2382,5,6
9/30/2025,Wind,273,Tuesday,September,Fall,1558,6,7
2/19/2025,Wind,50,Wednesday,February,Winter,8798,6,7
11/18/2022,Wind,322,Friday,November,Fall,3150,22,23
1/4/2021,Wind,4,Monday,January,Winter,2038,10,11
6/4/2022,Solar,155,Saturday,June,Summer,5744,13,14
12/14/2021,Solar,348,Tuesday,December,Winter,2182,10,11
6/14/2025,Wind,165,Saturday,June,Summer,5142,2,3
7/11/2024,Solar,193,Thursday,July,Summer,2417,8,9
3/31/2025,Solar,90,Monday,March,Spring,12362,13,14
1/6/2025,Wind,6,Monday,January,Winter,18722,6,7
12/16/2021,Wind,350,Thursday,December,Winter,2732,8,9
6/12/2021,Wind,163,Saturday,June,Summer,2432,22,23
7/9/2020,Wind,191,Thursday,July,Summer,6646,17,18
2/18/2022,Wind,49,Friday,February,Winter,13238,18,19
2/13/2021,Wind,44,Saturday,February,Winter,9991,14,15
12/16/2021,Wind,350,Thursday,December,Winter,2497,7,8
12/15/2024,Wind,350,Sunday,December,Winter,6048,8,9
7/10/2021,Solar,191,Saturday,July,Summer,3276,10,11
11/29/2025,Wind,333,Saturday,November,Fall,10196,18,19
2/10/2021,Wind,41,Wednesday,February,Winter,4420,21,22
7/29/2024,Solar,211,Monday,July,Summer,10129,12,13
1/20/2023,Wind,20,Friday,January,Winter,3401,9,10
9/10/2022,Solar,253,Saturday,September,Fall,7701,16,17
12/23/2022,Wind,357,Friday,December,Winter,15011,16,17
12/9/2023,Wind,343,Saturday,December,Winter,9880,4,5
3/19/2023,Wind,78,Sunday,March,Spring,6813,16,17
11/30/2020,Wind,335,Monday,November,Fall,1329,4,5
5/24/2021,Wind,144,Monday,May,Spring,8666,4,5
1/27/2022,Wind,27,Thursday,January,Winter,5055,9,10
10/19/2022,Wind,292,Wednesday,October,Fall,5532,0,1
1/17/2023,Wind,17,Tuesday,January,Winter,4973,19,20
10/13/2025,Wind,286,Monday,October,Fall,7387,18,19
5/1/2025,Solar,121,Thursday,May,Spring,5191,12,13
7/2/2020,Wind,184,Thursday,July,Summer,3656,21,22
5/14/2022,Solar,134,Saturday,May,Spring,5901,11,12
9/4/2024,Wind,248,Wednesday,September,Fall,1022,1,2
5/16/2021,Wind,136,Sunday,May,Spring,4872,3,4
2/24/2022,Wind,55,Thursday,February,Winter,9070,9,10
11/6/2025,Wind,310,Thursday,November,Fall,8939,3,4
1/28/2023,Wind,28,Saturday,January,Winter,3752,17,18
4/5/2023,Wind,95,Wednesday,April,Spring,2623,1,2
3/8/2024,Wind,68,Friday,March,Spring,9798,18,19
9/9/2022,Wind,252,Friday,September,Fall,8652,5,6
6/23/2025,Wind,174,Monday,June,Summer,7643,11,12
3/4/2024,Wind,64,Monday,March,Spring,3900,2,3
2/21/2025,Wind,52,Friday,February,Winter,13537,8,9
10/31/2023,Wind,304,Tuesday,October,Fall,9320,10,11
8/11/2024,Wind,224,Sunday,August,Summer,3520,2,3
12/12/2023,Wind,346,Tuesday,December,Winter,11858,14,15
1/18/2021,Wind,18,Monday,January,Winter,2493,6,7
8/3/2024,Wind,216,Saturday,August,Summer,3502,4,5
5/17/2025,Solar,137,Saturday,May,Spring,6696,9,10
11/14/2021,Wind,318,Sunday,November,Fall,4424,18,19
6/20/2023,Wind,171,Tuesday,June,Summer,3307,4,5
3/21/2022,Wind,80,Monday,March,Spring,4387,7,8
4/19/2020,Wind,110,Sunday,April,Spring,3115,13,14
7/6/2024,Wind,188,Saturday,July,Summer,8305,4,5
5/14/2023,Wind,134,Sunday,May,Spring,4043,23,0
12/19/2022,Wind,353,Monday,December,Winter,12288,2,3
9/23/2020,Wind,267,Wednesday,September,Fall,8545,14,15
4/20/2024,Wind,111,Saturday,April,Spring,6904,4,5
7/21/2020,Wind,203,Tuesday,July,Summer,4406,21,22
4/25/2020,Wind,116,Saturday,April,Spring,1779,3,4
6/10/2023,Wind,161,Saturday,June,Summer,2713,4,5
2/11/2024,Wind,42,Sunday,February,Winter,12006,17,18
7/6/2022,Solar,187,Wednesday,July,Summer,7683,12,13
2/5/2022,Wind,36,Saturday,February,Winter,9947,19,20
5/28/2020,Wind,149,Thursday,May,Spring,6736,23,0
9/17/2025,Wind,260,Wednesday,September,Fall,2575,2,3
8/8/2025,Solar,220,Friday,August,Summer,3228,8,9
3/9/2020,Wind,69,Monday,March,Spring,8872,22,23
3/11/2024,Wind,71,Monday,March,Spring,6066,21,22
5/14/2025,Solar,134,Wednesday,May,Spring,7679,17,18
2/4/2020,Wind,35,Tuesday,February,Winter,10533,1,2
8/11/2020,Solar,224,Tuesday,August,Summer,2040,18,19
10/13/2023,Wind,286,Friday,October,Fall,15965,17,18
6/16/2022,Solar,167,Thursday,June,Summer,1895,19,20
12/8/2020,Wind,343,Tuesday,December,Winter,2188,8,9
3/29/2021,Solar,88,Monday,March,Spring,5986,14,15
6/15/2025,Solar,166,Sunday,June,Summer,3778,9,10
1/20/2024,Solar,20,Saturday,January,Winter,6835,12,13
2/17/2025,Wind,48,Monday,February,Winter,3993,23,0
12/3/2021,Wind,337,Friday,December,Winter,6171,7,8
5/30/2023,Wind,150,Tuesday,May,Spring,9640,8,9
2/3/2020,Wind,34,Monday,February,Winter,8538,15,16
1/22/2025,Wind,22,Wednesday,January,Winter,6417,12,13
12/27/2021,Wind,361,Monday,December,Winter,12569,21,22
11/8/2020,Wind,313,Sunday,November,Fall,3996,11,12
9/20/2023,Wind,263,Wednesday,September,Fall,10365,21,22
3/11/2024,Wind,71,Monday,March,Spring,8030,17,18
7/16/2024,Wind,198,Tuesday,July,Summer,11662,9,10
3/26/2025,Wind,85,Wednesday,March,Spring,3745,19,20
2/18/2023,Wind,49,Saturday,February,Winter,5595,1,2
7/18/2024,Solar,200,Thursday,July,Summer,7212,16,17
5/8/2020,Wind,129,Friday,May,Spring,2082,4,5
9/18/2023,Wind,261,Monday,September,Fall,14252,16,17
8/10/2023,Solar,222,Thursday,August,Summer,7330,12,13
9/7/2020,Wind,251,Monday,September,Fall,2004,19,20
10/3/2020,Wind,277,Saturday,October,Fall,6727,16,17
5/26/2021,Wind,146,Wednesday,May,Spring,5529,2,3
1/23/2022,Wind,23,Sunday,January,Winter,1749,4,5
6/14/2022,Solar,165,Tuesday,June,Summer,4214,9,10
1/20/2021,Wind,20,Wednesday,January,Winter,12999,9,10
4/1/2025,Wind,91,Tuesday,April,Spring,10967,6,7
2/15/2020,Wind,46,Saturday,February,Winter,11448,12,13
3/24/2022,Solar,83,Thursday,March,Spring,5742,10,11
9/5/2025,Wind,248,Friday,September,Fall,4105,1,2
1/12/2023,Wind,12,Thursday,January,Winter,18306,12,13
11/6/2022,Wind,310,Sunday,November,Fall,11005,19,20
3/8/2022,Wind,67,Tuesday,March,Spring,3785,17,18
12/24/2020,Wind,359,Thursday,December,Winter,7846,22,23
9/10/2020,Solar,254,Thursday,September,Fall,2992,15,16
4/28/2024,Wind,119,Sunday,April,Spring,10254,1,2
5/9/2020,Wind,130,Saturday,May,Spring,2676,0,1
12/3/2020,Wind,338,Thursday,December,Winter,9711,12,13
7/20/2024,Wind,202,Saturday,July,Summer,1818,0,1
8/10/2021,Wind,222,Tuesday,August,Summer,1225,0,1
4/25/2024,Solar,116,Thursday,April,Spring,7534,14,15
10/12/2021,Wind,285,Tuesday,October,Fall,3353,19,20
6/13/2020,Wind,165,Saturday,June,Summer,4955,11,12
7/31/2023,Wind,212,Monday,July,Summer,9176,7,8
2/7/2020,Wind,38,Friday,February,Winter,5046,15,16
4/8/2025,Wind,98,Tuesday,April,Spring,2900,3,4
10/29/2022,Wind,302,Saturday,October,Fall,6799,16,17
3/17/2020,Solar,77,Tuesday,March,Spring,2613,13,14
7/16/2025,Wind,197,Wednesday,July,Summer,7811,19,20
11/9/2025,Wind,313,Sunday,November,Fall,5570,21,22
8/15/2021,Wind,227,Sunday,August,Summer,8013,18,19
8/31/2020,Wind,244,Monday,August,Summer,2550,8,9
2/10/2020,Wind,41,Monday,February,Winter,11091,7,8
3/20/2022,Wind,79,Sunday,March,Spring,5262,3,4
2/16/2022,Wind,47,Wednesday,February,Winter,14791,6,7
10/17/2022,Wind,290,Monday,October,Fall,1822,22,23
3/28/2025,Wind,87,Friday,March,Spring,2114,2,3
6/7/2020,Wind,159,Sunday,June,Summer,3654,1,2
8/17/2020,Wind,230,Monday,August,Summer,1922,5,6
4/22/2025,Solar,112,Tuesday,April,Spring,2305,8,9
9/6/2021,Wind,249,Monday,September,Fall,1319,3,4
9/4/2024,Wind,248,Wednesday,September,Fall,1181,0,1
1/20/2025,Wind,20,Monday,January,Winter,1179,20,21
7/13/2020,Solar,195,Monday,July,Summer,4705,13,14
6/3/2021,Solar,154,Thursday,June,Summer,3805,15,16
4/9/2025,Wind,99,Wednesday,April,Spring,5564,8,9
7/25/2024,Solar,207,Thursday,July,Summer,9796,15,16
9/13/2020,Wind,257,Sunday,September,Fall,1634,21,22
7/18/2024,Wind,200,Thursday,July,Summer,2282,3,4
6/16/2024,Wind,168,Sunday,June,Summer,7228,11,12
1/15/2025,Wind,15,Wednesday,January,Winter,2998,7,8
4/12/2023,Wind,102,Wednesday,April,Spring,11551,10,11
9/30/2023,Solar,273,Saturday,September,Fall,6238,15,16
10/31/2025,Wind,304,Friday,October,Fall,13978,12,13
2/20/2025,Wind,51,Thursday,February,Winter,10442,15,16
12/7/2021,Wind,341,Tuesday,December,Winter,5875,4,5
12/19/2021,Wind,353,Sunday,December,Winter,3858,2,3
9/11/2021,Wind,254,Saturday,September,Fall,1304,6,7
7/13/2022,Wind,194,Wednesday,July,Summer,1284,3,4
7/26/2025,Wind,207,Saturday,July,Summer,2898,1,2
5/6/2025,Wind,126,Tuesday,May,Spring,15086,13,14
12/20/2022,Wind,354,Tuesday,December,Winter,13290,7,8
8/28/2020,Wind,241,Friday,August,Summer,2992,23,0
1/20/2023,Wind,20,Friday,January,Winter,2459,7,8
2/19/2024,Wind,50,Monday,February,Winter,5970,20,21
6/26/2021,Solar,177,Saturday,June,Summer,4853,13,14
5/29/2024,Wind,150,Wednesday,May,Spring,11061,15,16
6/13/2021,Wind,164,Sunday,June,Summer,3335,2,3
8/26/2024,Wind,239,Monday,August,Summer,2474,2,3
6/10/2021,Wind,161,Thursday,June,Summer,1433,20,21
9/12/2020,Wind,256,Saturday,September,Fall,1498,21,22
2/14/2022,Wind,45,Monday,February,Winter,13708,2,3
7/14/2022,Solar,195,Thursday,July,Summer,9365,15,16
9/1/2022,Wind,244,Thursday,September,Fall,3710,2,3
7/25/2023,Wind,206,Tuesday,July,Summer,6136,8,9
6/27/2025,Solar,178,Friday,June,Summer,11359,15,16
5/26/2024,Wind,147,Sunday,May,Spring,4941,3,4
4/4/2022,Wind,94,Monday,April,Spring,1493,0,1
10/24/2021,Wind,297,Sunday,October,Fall,4122,3,4
11/11/2021,Wind,315,Thursday,November,Fall,870,21,22
12/15/2020,Wind,350,Tuesday,December,Winter,4872,3,4
1/8/2022,Wind,8,Saturday,January,Winter,15073,17,18
7/23/2020,Wind,205,Thursday,July,Summer,1571,22,23
7/18/2020,Wind,200,Saturday,July,Summer,1461,22,23
12/12/2021,Wind,346,Sunday,December,Winter,2570,16,17
4/5/2022,Wind,95,Tuesday,April,Spring,6905,9,10
7/17/2023,Wind,198,Monday,July,Summer,2324,5,6
4/20/2020,Wind,111,Monday,April,Spring,5618,7,8
1/18/2021,Wind,18,Monday,January,Winter,2566,7,8
8/24/2021,Wind,236,Tuesday,August,Summer,11067,18,19
1/28/2021,Wind,28,Thursday,January,Winter,13948,8,9
2/27/2020,Wind,58,Thursday,February,Winter,7033,21,22
5/4/2025,Wind,124,Sunday,May,Spring,7299,15,16
9/1/2020,Solar,245,Tuesday,September,Fall,2103,9,10
11/11/2024,Wind,316,Monday,November,Fall,3528,7,8
10/24/2021,Solar,297,Sunday,October,Fall,6109,11,12
11/11/2022,Wind,315,Friday,November,Fall,3169,5,6
1/8/2020,Wind,8,Wednesday,January,Winter,5852,1,2
1/13/2021,Wind,13,Wednesday,January,Winter,3236,4,5
8/10/2021,Solar,222,Tuesday,August,Summer,5787,14,15
4/2/2025,Wind,92,Wednesday,April,Spring,15114,2,3
3/1/2021,Wind,60,Monday,March,Spring,3239,17,18
11/30/2022,Wind,334,Wednesday,November,Fall,2060,9,10
1/14/2020,Wind,14,Tuesday,January,Winter,12733,18,19
10/12/2020,Solar,286,Monday,October,Fall,3235,10,11
3/29/2024,Wind,89,Friday,March,Spring,5982,20,21
10/12/2025,Solar,285,Sunday,October,Fall,11438,15,16
12/21/2020,Wind,356,Monday,December,Winter,6804,3,4
9/16/2024,Solar,260,Monday,September,Fall,10670,15,16
4/7/2023,Solar,97,Friday,April,Spring,7303,12,13
7/21/2024,Wind,203,Sunday,July,Summer,8390,16,17
10/31/2024,Solar,305,Thursday,October,Fall,4724,13,14
2/21/2020,Wind,52,Friday,February,Winter,8359,13,14
9/1/2021,Wind,244,Wednesday,September,Fall,6601,19,20
3/10/2024,Wind,70,Sunday,March,Spring,1487,20,21
8/12/2020,Wind,225,Wednesday,August,Summer,3514,16,17
8/26/2023,Wind,238,Saturday,August,Summer,3719,4,5
3/2/2022,Wind,61,Wednesday,March,Spring,3208,9,10
1/3/2022,Wind,3,Monday,January,Winter,9363,8,9
2/13/2025,Solar,44,Thursday,February,Winter,4235,11,12
4/10/2024,Wind,101,Wednesday,April,Spring,3966,8,9
3/22/2021,Wind,81,Monday,March,Spring,2676,19,20
1/10/2025,Wind,10,Friday,January,Winter,5399,10,11
10/6/2023,Solar,279,Friday,October,Fall,6868,15,16
4/29/2024,Solar,120,Monday,April,Spring,7027,15,16
7/13/2024,Wind,195,Saturday,July,Summer,896,5,6
11/14/2021,Wind,318,Sunday,November,Fall,4245,15,16
12/10/2023,Wind,344,Sunday,December,Winter,14883,10,11
6/13/2022,Wind,164,Monday,June,Summer,2895,19,20
9/21/2024,Wind,265,Saturday,September,Fall,3743,7,8
7/9/2025,Wind,190,Wednesday,July,Summer,1777,2,3
8/18/2024,Solar,231,Sunday,August,Summer,10781,13,14
2/3/2023,Wind,34,Friday,February,Winter,6517,7,8
12/12/2021,Wind,346,Sunday,December,Winter,2137,17,18
5/10/2021,Wind,130,Monday,May,Spring,7851,1,2
6/24/2022,Wind,175,Friday,June,Summer,6156,20,21
3/17/2020,Wind,77,Tuesday,March,Spring,1308,3,4
7/24/2024,Solar,206,Wednesday,July,Summer,2606,8,9
10/27/2023,Wind,300,Friday,October,Fall,8707,3,4
8/17/2025,Solar,229,Sunday,August,Summer,9267,10,11
9/17/2020,Wind,261,Thursday,September,Fall,8119,16,17
9/30/2025,Wind,273,Tuesday,September,Fall,1392,5,6
10/3/2024,Wind,277,Thursday,October,Fall,7039,7,8
3/28/2021,Wind,87,Sunday,March,Spring,3564,7,8
7/17/2025,Wind,198,Thursday,July,Summer,1610,23,0
2/26/2022,Solar,57,Saturday,February,Winter,7670,10,11
7/3/2025,Solar,184,Thursday,July,Summer,9564,15,16
3/7/2025,Wind,66,Friday,March,Spring,5888,18,19
8/8/2024,Wind,221,Thursday,August,Summer,1215,4,5
9/23/2023,Wind,266,Saturday,September,Fall,3488,8,9
4/28/2021,Solar,118,Wednesday,April,Spring,2519,11,12
9/10/2022,Solar,253,Saturday,September,Fall,8766,14,15
3/31/2025,Wind,90,Monday,March,Spring,5433,8,9
7/16/2024,Wind,198,Tuesday,July,Summer,8021,4,5
8/20/2025,Wind,232,Wednesday,August,Summer,7286,11,12
1/6/2023,Wind,6,Friday,January,Winter,8675,13,14
8/17/2023,Wind,229,Thursday,August,Summer,1803,20,21
3/15/2024,Wind,75,Friday,March,Spring,9919,5,6
12/4/2020,Wind,339,Friday,December,Winter,12195,0,1
12/21/2021,Wind,355,Tuesday,December,Winter,2850,4,5
6/9/2024,Wind,161,Sunday,June,Summer,5084,22,23
6/14/2022,Solar,165,Tuesday,June,Summer,3413,8,9
8/27/2023,Wind,239,Sunday,August,Summer,2812,6,7
1/6/2025,Wind,6,Monday,January,Winter,18898,12,13
3/6/2020,Wind,66,Friday,March,Spring,4508,20,21
12/30/2021,Wind,364,Thursday,December,Winter,9277,12,13
12/6/2022,Wind,340,Tuesday,December,Winter,1632,6,7
6/21/2024,Wind,173,Friday,June,Summer,1325,1,2
2/1/2025,Wind,32,Saturday,February,Winter,4191,21,22
7/14/2020,Wind,196,Tuesday,July,Summer,4409,18,19
7/1/2020,Wind,183,Wednesday,July,Summer,5201,19,20
3/21/2023,Wind,80,Tuesday,March,Spring,8110,22,23
4/14/2025,Solar,104,Monday,April,Spring,2139,8,9
2/27/2022,Wind,58,Sunday,February,Winter,10044,12,13
11/5/2020,Wind,310,Thursday,November,Fall,6887,13,14
3/10/2020,Wind,70,Tuesday,March,Spring,12041,5,6
6/1/2025,Solar,152,Sunday,June,Summer,3175,17,18
1/26/2025,Wind,26,Sunday,January,Winter,9972,2,3
4/30/2020,Wind,121,Thursday,April,Spring,11987,13,14
12/14/2024,Wind,349,Saturday,December,Winter,1157,2,3
4/15/2025,Wind,105,Tuesday,April,Spring,7968,15,16
10/30/2020,Wind,304,Friday,October,Fall,7489,2,3
2/8/2021,Wind,39,Monday,February,Winter,1406,0,1
3/9/2022,Wind,68,Wednesday,March,Spring,3581,4,5
2/22/2022,Wind,53,Tuesday,February,Winter,14388,15,16
1/16/2024,Wind,16,Tuesday,January,Winter,3128,19,20
11/30/2023,Wind,334,Thursday,November,Fall,2419,11,12
1/21/2022,Wind,21,Friday,January,Winter,6986,14,15
10/13/2022,Wind,286,Thursday,October,Fall,1361,2,3
6/17/2022,Wind,168,Friday,June,Summer,1592,23,0
11/17/2024,Wind,322,Sunday,November,Fall,3941,6,7
7/18/2020,Wind,200,Saturday,July,Summer,1339,2,3
9/25/2024,Wind,269,Wednesday,September,Fall,5967,8,9
3/29/2022,Wind,88,Tuesday,March,Spring,2891,5,6
6/17/2020,Wind,169,Wednesday,June,Summer,2095,19,20
6/29/2024,Wind,181,Saturday,June,Summer,6554,18,19
10/30/2020,Wind,304,Friday,October,Fall,7419,10,11
2/19/2021,Wind,50,Friday,February,Winter,7404,19,20
1/1/2024,Wind,1,Monday,January,Winter,8838,4,5
12/27/2022,Wind,361,Tuesday,December,Winter,4019,6,7
11/1/2021,Wind,305,Monday,November,Fall,10079,10,11
8/28/2020,Wind,241,Friday,August,Summer,3247,21,22
8/27/2020,Wind,240,Thursday,August,Summer,6475,19,20
10/5/2022,Wind,278,Wednesday,October,Fall,7845,20,21
2/6/2020,Wind,37,Thursday,February,Winter,2972,4,5
2/9/2024,Wind,40,Friday,February,Winter,13564,11,12
5/17/2024,Wind,138,Friday,May,Spring,679,23,0
4/8/2021,Solar,98,Thursday,April,Spring,3570,10,11
11/4/2025,Wind,308,Tuesday,November,Fall,8203,1,2
11/18/2022,Wind,322,Friday,November,Fall,7697,6,7
3/24/2020,Wind,84,Tuesday,March,Spring,5924,6,7
2/24/2020,Wind,55,Monday,February,Winter,3562,3,4
9/9/2020,Wind,253,Wednesday,September,Fall,935,0,1
8/3/2025,Solar,215,Sunday,August,Summer,6177,12,13
1/24/2023,Wind,24,Tuesday,January,Winter,2989,18,19
10/31/2020,Wind,305,Saturday,October,Fall,2492,3,4
8/14/2024,Solar,227,Wednesday,August,Summer,6071,14,15
4/27/2024,Wind,118,Saturday,April,Spring,11873,15,16
4/26/2024,Wind,117,Friday,April,Spring,4435,23,0
5/11/2020,Wind,132,Monday,May,Spring,9243,1,2
7/2/2022,Wind,183,Saturday,July,Summer,1275,6,7
11/2/2023,Wind,306,Thursday,November,Fall,15875,15,16
8/15/2021,Wind,227,Sunday,August,Summer,8032,16,17
7/10/2020,Wind,192,Friday,July,Summer,5447,16,17
2/18/2020,Wind,49,Tuesday,February,Winter,8247,9,10
1/17/2025,Wind,17,Friday,January,Winter,2010,2,3
9/29/2025,Solar,272,Monday,September,Fall,9018,14,15
2/10/2025,Wind,41,Monday,February,Winter,3590,3,4
11/2/2024,Wind,307,Saturday,November,Fall,1203,0,1
1/7/2023,Wind,7,Saturday,January,Winter,14522,20,21
12/30/2022,Wind,364,Friday,December,Winter,13456,7,8
2/29/2020,Wind,60,Saturday,February,Winter,11760,23,0
3/17/2021,Wind,76,Wednesday,March,Spring,5952,20,21
4/15/2025,Wind,105,Tuesday,April,Spring,9714,20,21
6/20/2023,Wind,171,Tuesday,June,Summer,1917,20,21
2/20/2021,Wind,51,Saturday,February,Winter,12274,17,18
5/25/2022,Wind,145,Wednesday,May,Spring,8041,19,20
12/27/2021,Wind,361,Monday,December,Winter,7212,8,9
10/20/2024,Wind,294,Sunday,October,Fall,3018,1,2
5/14/2025,Wind,134,Wednesday,May,Spring,6080,21,22
2/20/2022,Wind,51,Sunday,February,Winter,17314,12,13
4/18/2021,Wind,108,Sunday,April,Spring,4779,1,2
1/30/2024,Wind,30,Tuesday,January,Winter,8113,0,1
2/7/2021,Wind,38,Sunday,February,Winter,5123,1,2
10/31/2025,Wind,304,Friday,October,Fall,9628,6,7
7/3/2025,Wind,184,Thursday,July,Summer,4571,7,8
5/26/2022,Wind,146,Thursday,May,Spring,4299,21,22
4/9/2024,Wind,100,Tuesday,April,Spring,9097,5,6
8/13/2020,Wind,226,Thursday,August,Summer,4931,14,15
10/31/2024,Wind,305,Thursday,October,Fall,1060,19,20
4/25/2025,Solar,115,Friday,April,Spring,10245,14,15
12/11/2024,Wind,346,Wednesday,December,Winter,7435,13,14
5/20/2022,Wind,140,Friday,May,Spring,3605,7,8
5/31/2020,Wind,152,Sunday,May,Spring,8533,11,12
12/21/2024,Wind,356,Saturday,December,Winter,7750,7,8
11/1/2022,Wind,305,Tuesday,November,Fall,11756,9,10
6/12/2022,Wind,163,Sunday,June,Summer,3211,3,4
1/3/2022,Wind,3,Monday,January,Winter,7791,18,19
8/13/2025,Wind,225,Wednesday,August,Summer,3943,18,19
7/6/2021,Wind,187,Tuesday,July,Summer,9578,5,6
10/12/2025,Solar,285,Sunday,October,Fall,12629,13,14
6/7/2024,Wind,159,Friday,June,Summer,1472,21,22
12/9/2022,Wind,343,Friday,December,Winter,3667,12,13
3/15/2021,Wind,74,Monday,March,Spring,5856,20,21
2/8/2023,Solar,39,Wednesday,February,Winter,6888,13,14
7/9/2022,Solar,190,Saturday,July,Summer,5963,10,11
3/2/2025,Solar,61,Sunday,March,Spring,9877,15,16
7/16/2023,Wind,197,Sunday,July,Summer,5414,6,7
1/6/2022,Wind,6,Thursday,January,Winter,2549,9,10
8/29/2022,Wind,241,Monday,August,Summer,4856,9,10
4/21/2025,Wind,111,Monday,April,Spring,4052,2,3
8/14/2025,Wind,226,Thursday,August,Summer,2821,2,3
11/2/2023,Wind,306,Thursday,November,Fall,15676,17,18
5/2/2024,Wind,123,Thursday,May,Spring,9667,10,11
8/3/2023,Wind,215,Thursday,August,Summer,12494,10,11
3/5/2020,Wind,65,Thursday,March,Spring,5038,0,1
1/6/2024,Wind,6,Saturday,January,Winter,8024,19,20
5/19/2022,Wind,139,Thursday,May,Spring,3839,6,7
1/28/2024,Wind,28,Sunday,January,Winter,9911,8,9
1/23/2021,Wind,23,Saturday,January,Winter,6788,9,10
1/5/2024,Wind,5,Friday,January,Winter,11144,3,4
3/29/2020,Wind,89,Sunday,March,Spring,13938,17,18
11/13/2020,Wind,318,Friday,November,Fall,5605,14,15
8/30/2025,Wind,242,Saturday,August,Summer,4869,4,5
8/17/2022,Wind,229,Wednesday,August,Summer,2033,19,20
5/31/2022,Solar,151,Tuesday,May,Spring,1676,8,9
10/18/2022,Wind,291,Tuesday,October,Fall,3002,9,10
12/3/2020,Wind,338,Thursday,December,Winter,5211,8,9
1/11/2022,Solar,11,Tuesday,January,Winter,5143,13,14
2/24/2022,Wind,55,Thursday,February,Winter,4329,3,4
9/2/2021,Wind,245,Thursday,September,Fall,5745,9,10
9/10/2020,Wind,254,Thursday,September,Fall,1794,0,1
5/2/2022,Solar,122,Monday,May,Spring,6127,11,12
3/8/2025,Wind,67,Saturday,March,Spring,10697,5,6
10/16/2024,Wind,290,Wednesday,October,Fall,11010,1,2
7/17/2025,Wind,198,Thursday,July,Summer,1801,20,21
12/1/2023,Wind,335,Friday,December,Winter,3234,10,11
11/12/2023,Wind,316,Sunday,November,Fall,9888,14,15
9/3/2023,Wind,246,Sunday,September,Fall,6935,18,19
1/17/2022,Solar,17,Monday,January,Winter,2716,15,16
4/26/2023,Wind,116,Wednesday,April,Spring,2693,8,9
4/1/2021,Wind,91,Thursday,April,Spring,6463,17,18
5/28/2023,Solar,148,Sunday,May,Spring,5108,9,10
3/27/2022,Solar,86,Sunday,March,Spring,6871,14,15
4/13/2025,Wind,103,Sunday,April,Spring,9132,2,3
10/18/2021,Wind,291,Monday,October,Fall,4845,21,22
9/9/2022,Wind,252,Friday,September,Fall,5803,22,23
11/14/2025,Wind,318,Friday,November,Fall,12793,6,7
2/27/2020,Wind,58,Thursday,February,Winter,5876,3,4
7/7/2020,Solar,189,Tuesday,July,Summer,5278,13,14
12/18/2023,Wind,352,Monday,December,Winter,3980,15,16
9/28/2023,Wind,271,Thursday,September,Fall,4548,1,2
6/28/2024,Wind,180,Friday,June,Summer,2990,7,8
10/20/2020,Wind,294,Tuesday,October,Fall,9659,5,6
4/27/2021,Wind,117,Tuesday,April,Spring,4738,3,4
4/6/2024,Wind,97,Saturday,April,Spring,8363,15,16
4/28/2021,Wind,118,Wednesday,April,Spring,4670,16,17
10/2/2025,Solar,275,Thursday,October,Fall,4982,17,18
9/14/2020,Solar,258,Monday,September,Fall,5167,14,15
6/24/2023,Wind,175,Saturday,June,Summer,2771,6,7
10/21/2020,Wind,295,Wednesday,October,Fall,15183,11,12
8/1/2025,Wind,213,Friday,August,Summer,11333,17,18
2/23/2022,Wind,54,Wednesday,February,Winter,3212,23,0
7/24/2021,Solar,205,Saturday,July,Summer,5662,12,13
12/10/2023,Wind,344,Sunday,December,Winter,14688,4,5
4/19/2020,Wind,110,Sunday,April,Spring,2422,5,6
4/24/2021,Wind,114,Saturday,April,Spring,7172,3,4
4/21/2020,Wind,112,Tuesday,April,Spring,5012,9,10
10/12/2023,Wind,285,Thursday,October,Fall,8100,16,17
11/16/2025,Wind,320,Sunday,November,Fall,2155,2,3
1/7/2022,Wind,7,Friday,January,Winter,12803,13,14
11/16/2023,Wind,320,Thursday,November,Fall,4723,5,6
6/18/2020,Wind,170,Thursday,June,Summer,1643,1,2
8/3/2024,Wind,216,Saturday,August,Summer,2972,6,7
6/24/2024,Solar,176,Monday,June,Summer,4072,8,9
5/18/2023,Wind,138,Thursday,May,Spring,9570,16,17
4/24/2020,Solar,115,Friday,April,Spring,3015,17,18
9/19/2024,Wind,263,Thursday,September,Fall,8303,23,0
12/18/2021,Wind,352,Saturday,December,Winter,6095,18,19
8/9/2024,Wind,222,Friday,August,Summer,6545,8,9
1/31/2025,Wind,31,Friday,January,Winter,9041,14,15
3/28/2021,Solar,87,Sunday,March,Spring,6562,15,16
6/8/2024,Wind,160,Saturday,June,Summer,3640,20,21
10/16/2024,Wind,290,Wednesday,October,Fall,10396,19,20
3/3/2020,Wind,63,Tuesday,March,Spring,2627,13,14
11/21/2024,Wind,326,Thursday,November,Fall,6234,22,23
12/6/2020,Wind,341,Sunday,December,Winter,2388,7,8
4/21/2022,Solar,111,Thursday,April,Spring,7316,13,14
9/1/2023,Solar,244,Friday,September,Fall,9763,13,14
1/29/2023,Solar,29,Sunday,January,Winter,4709,13,14
4/27/2022,Solar,117,Wednesday,April,Spring,9899,13,14
12/6/2023,Solar,340,Wednesday,December,Winter,4011,12,13
2/11/2023,Wind,42,Saturday,February,Winter,1810,4,5
5/23/2021,Wind,143,Sunday,May,Spring,7087,19,20
1/13/2023,Wind,13,Friday,January,Winter,17620,13,14
10/21/2020,Wind,295,Wednesday,October,Fall,12602,8,9
11/11/2021,Solar,315,Thursday,November,Fall,2291,9,10
2/28/2023,Wind,59,Tuesday,February,Winter,6877,21,22
3/10/2023,Wind,69,Friday,March,Spring,20267,12,13
11/15/2021,Wind,319,Monday,November,Fall,3350,1,2
8/27/2022,Solar,239,Saturday,August,Summer,7247,13,14
9/26/2025,Wind,269,Friday,September,Fall,408,19,20
10/18/2025,Solar,291,Saturday,October,Fall,10166,11,12
9/4/2022,Wind,247,Sunday,September,Fall,2242,6,7
5/14/2020,Wind,135,Thursday,May,Spring,8480,22,23
11/20/2021,Wind,324,Saturday,November,Fall,256,21,22
3/19/2022,Wind,78,Saturday,March,Spring,11653,2,3
7/27/2023,Wind,208,Thursday,July,Summer,7081,19,20
9/29/2022,Solar,272,Thursday,September,Fall,3391,16,17
10/30/2020,Wind,304,Friday,October,Fall,2316,20,21
1/18/2020,Wind,18,Saturday,January,Winter,1821,17,18
11/18/2023,Wind,322,Saturday,November,Fall,10478,8,9
4/28/2025,Wind,118,Monday,April,Spring,4874,19,20
8/25/2022,Wind,237,Thursday,August,Summer,2568,1,2
1/29/2020,Wind,29,Wednesday,January,Winter,8131,10,11
2/28/2024,Wind,59,Wednesday,February,Winter,2938,4,5
8/14/2021,Wind,226,Saturday,August,Summer,1499,7,8
2/1/2025,Wind,32,Saturday,February,Winter,3300,4,5
1/8/2025,Wind,8,Wednesday,January,Winter,15551,17,18
7/19/2020,Wind,201,Sunday,July,Summer,717,5,6
4/15/2024,Wind,106,Monday,April,Spring,2526,1,2
10/7/2020,Wind,281,Wednesday,October,Fall,8655,3,4
5/13/2021,Wind,133,Thursday,May,Spring,6445,9,10
8/21/2024,Wind,234,Wednesday,August,Summer,3751,6,7
1/9/2023,Wind,9,Monday,January,Winter,16471,11,12
7/12/2021,Solar,193,Monday,July,Summer,4206,12,13
7/17/2021,Wind,198,Saturday,July,Summer,2660,3,4
2/8/2021,Wind,39,Monday,February,Winter,2189,14,15
12/21/2024,Wind,356,Saturday,December,Winter,17785,17,18
8/11/2023,Solar,223,Friday,August,Summer,4743,18,19
10/26/2025,Wind,299,Sunday,October,Fall,9938,4,5
10/17/2020,Wind,291,Saturday,October,Fall,554,19,20
11/11/2025,Wind,315,Tuesday,November,Fall,7784,6,7
4/25/2021,Wind,115,Sunday,April,Spring,8220,4,5
8/13/2022,Wind,225,Saturday,August,Summer,3130,22,23
10/23/2023,Wind,296,Monday,October,Fall,5937,5,6
6/8/2021,Wind,159,Tuesday,June,Summer,1392,0,1
2/7/2021,Wind,38,Sunday,February,Winter,6165,14,15
5/12/2025,Solar,132,Monday,May,Spring,4127,16,17
1/20/2024,Wind,20,Saturday,January,Winter,3446,1,2
4/5/2022,Wind,95,Tuesday,April,Spring,10520,15,16
6/9/2023,Solar,160,Friday,June,Summer,7100,14,15
4/5/2025,Wind,95,Saturday,April,Spring,9012,23,0
11/22/2025,Wind,326,Saturday,November,Fall,12287,14,15
7/22/2025,Wind,203,Tuesday,July,Summer,11630,17,18
11/5/2022,Wind,309,Saturday,November,Fall,3089,2,3
9/17/2021,Wind,260,Friday,September,Fall,696,3,4
10/13/2020,Wind,287,Tuesday,October,Fall,6661,14,15
4/8/2025,Wind,98,Tuesday,April,Spring,4246,21,22
3/8/2025,Wind,67,Saturday,March,Spring,12302,8,9
10/14/2025,Wind,287,Tuesday,October,Fall,6169,3,4
12/7/2022,Wind,341,Wednesday,December,Winter,2533,3,4
5/29/2020,Wind,150,Friday,May,Spring,4079,8,9
10/4/2021,Wind,277,Monday,October,Fall,6850,11,12
12/15/2024,Wind,350,Sunday,December,Winter,9368,11,12
4/26/2025,Wind,116,Saturday,April,Spring,5053,3,4
8/19/2020,Wind,232,Wednesday,August,Summer,4393,23,0
1/17/2022,Wind,17,Monday,January,Winter,1708,21,22
7/2/2021,Wind,183,Friday,July,Summer,434,6,7
4/9/2024,Wind,100,Tuesday,April,Spring,12447,19,20
11/10/2022,Wind,314,Thursday,November,Fall,3646,23,0
2/12/2023,Wind,43,Sunday,February,Winter,3488,19,20
7/13/2022,Solar,194,Wednesday,July,Summer,4749,18,19
4/24/2025,Solar,114,Thursday,April,Spring,9198,13,14
12/20/2021,Wind,354,Monday,December,Winter,3168,17,18
5/29/2024,Wind,150,Wednesday,May,Spring,6284,7,8
2/3/2024,Wind,34,Saturday,February,Winter,5376,23,0
9/1/2021,Wind,244,Wednesday,September,Fall,7759,18,19
8/19/2023,Wind,231,Saturday,August,Summer,1054,22,23
9/22/2022,Wind,265,Thursday,September,Fall,2751,0,1
1/18/2020,Solar,18,Saturday,January,Winter,2528,14,15
4/8/2021,Wind,98,Thursday,April,Spring,851,0,1
10/5/2023,Solar,278,Thursday,October,Fall,3037,9,10
8/31/2022,Wind,243,Wednesday,August,Summer,2669,3,4
3/12/2022,Wind,71,Saturday,March,Spring,8732,18,19
7/20/2022,Wind,201,Wednesday,July,Summer,1815,23,0
4/29/2023,Wind,119,Saturday,April,Spring,2892,19,20
7/30/2022,Wind,211,Saturday,July,Summer,1439,2,3
5/13/2021,Wind,133,Thursday,May,Spring,2605,22,23
10/16/2021,Wind,289,Saturday,October,Fall,1291,21,22
10/15/2020,Wind,289,Thursday,October,Fall,3910,7,8
6/6/2023,Solar,157,Tuesday,June,Summer,8646,12,13
8/8/2025,Wind,220,Friday,August,Summer,1437,5,6
7/26/2025,Solar,207,Saturday,July,Summer,7998,10,11
2/20/2022,Wind,51,Sunday,February,Winter,11206,2,3
11/28/2025,Wind,332,Friday,November,Fall,8628,2,3
6/28/2021,Solar,179,Monday,June,Summer,3922,13,14
9/19/2021,Wind,262,Sunday,September,Fall,3519,3,4
9/28/2023,Wind,271,Thursday,September,Fall,2552,19,20
5/13/2024,Solar,134,Monday,May,Spring,6831,14,15
5/18/2021,Wind,138,Tuesday,May,Spring,5406,2,3
8/1/2024,Solar,214,Thursday,August,Summer,8661,16,17
9/12/2024,Wind,256,Thursday,September,Fall,4472,2,3
2/5/2022,Wind,36,Saturday,February,Winter,5210,0,1
8/15/2021,Wind,227,Sunday,August,Summer,1301,7,8
7/31/2025,Wind,212,Thursday,July,Summer,2301,6,7
1/27/2021,Wind,27,Wednesday,January,Winter,4041,16,17
11/9/2022,Wind,313,Wednesday,November,Fall,8537,4,5
12/22/2020,Wind,357,Tuesday,December,Winter,12189,2,3
12/8/2023,Wind,342,Friday,December,Winter,7878,0,1
11/10/2021,Solar,314,Wednesday,November,Fall,1760,15,16
5/11/2021,Wind,131,Tuesday,May,Spring,4076,10,11
2/15/2022,Wind,46,Tuesday,February,Winter,13683,14,15
4/8/2020,Wind,99,Wednesday,April,Spring,2012,7,8
4/10/2021,Wind,100,Saturday,April,Spring,4391,0,1
6/7/2021,Wind,158,Monday,June,Summer,1350,2,3
5/13/2021,Wind,133,Thursday,May,Spring,4479,0,1
3/8/2021,Wind,67,Monday,March,Spring,2882,20,21
11/6/2020,Wind,311,Friday,November,Fall,6743,8,9
3/16/2025,Wind,75,Sunday,March,Spring,10187,0,1
9/26/2020,Wind,270,Saturday,September,Fall,12730,13,14
11/23/2025,Wind,327,Sunday,November,Fall,15669,12,13
3/24/2023,Wind,83,Friday,March,Spring,15698,17,18
1/22/2022,Solar,22,Saturday,January,Winter,5027,12,13
2/8/2022,Wind,39,Tuesday,February,Winter,2415,22,23
4/27/2024,Wind,118,Saturday,April,Spring,4743,0,1
1/24/2024,Wind,24,Wednesday,January,Winter,16218,7,8
9/20/2022,Wind,263,Tuesday,September,Fall,2499,19,20
7/19/2024,Solar,201,Friday,July,Summer,7392,16,17
11/13/2025,Wind,317,Thursday,November,Fall,10392,8,9
2/13/2022,Wind,44,Sunday,February,Winter,16782,14,15
1/22/2022,Wind,22,Saturday,January,Winter,3190,0,1
12/19/2024,Wind,354,Thursday,December,Winter,17216,10,11
1/18/2020,Wind,18,Saturday,January,Winter,3050,9,10
2/6/2025,Wind,37,Thursday,February,Winter,13224,13,14
3/8/2021,Solar,67,Monday,March,Spring,4523,13,14
1/20/2020,Wind,20,Monday,January,Winter,4934,22,23
8/29/2020,Wind,242,Saturday,August,Summer,3457,1,2
9/17/2024,Wind,261,Tuesday,September,Fall,17409,15,16
5/15/2023,Wind,135,Monday,May,Spring,9747,19,20
4/26/2023,Solar,116,Wednesday,April,Spring,4918,14,15
8/7/2022,Wind,219,Sunday,August,Summer,7089,2,3
11/18/2021,Wind,322,Thursday,November,Fall,1529,3,4
7/28/2022,Solar,209,Thursday,July,Summer,5339,15,16
9/29/2024,Wind,273,Sunday,September,Fall,3181,4,5
7/27/2025,Wind,208,Sunday,July,Summer,3635,8,9
12/7/2022,Wind,341,Wednesday,December,Winter,1713,17,18
6/4/2022,Wind,155,Saturday,June,Summer,3214,0,1
4/11/2022,Wind,101,Monday,April,Spring,7879,18,19
7/18/2025,Solar,199,Friday,July,Summer,6389,10,11
10/28/2025,Wind,301,Tuesday,October,Fall,11636,4,5
1/15/2024,Wind,15,Monday,January,Winter,6809,12,13
3/7/2021,Solar,66,Sunday,March,Spring,3169,13,14
1/10/2024,Wind,10,Wednesday,January,Winter,3793,19,20
5/8/2024,Wind,129,Wednesday,May,Spring,6559,0,1
9/28/2024,Wind,272,Saturday,September,Fall,6407,4,5
5/25/2021,Wind,145,Tuesday,May,Spring,9546,6,7
8/2/2021,Wind,214,Monday,August,Summer,1153,6,7
6/13/2025,Wind,164,Friday,June,Summer,2021,4,5
6/10/2022,Solar,161,Friday,June,Summer,8508,13,14
1/10/2025,Wind,10,Friday,January,Winter,4286,14,15
7/20/2023,Solar,201,Thursday,July,Summer,6951,12,13
2/28/2020,Wind,59,Friday,February,Winter,11014,13,14
6/18/2024,Solar,170,Tuesday,June,Summer,7785,12,13
1/31/2024,Wind,31,Wednesday,January,Winter,6085,20,21
1/27/2023,Wind,27,Friday,January,Winter,6094,23,0
8/15/2020,Solar,228,Saturday,August,Summer,3086,11,12
10/4/2022,Wind,277,Tuesday,October,Fall,988,4,5
1/29/2024,Wind,29,Monday,January,Winter,8472,23,0
4/12/2022,Wind,102,Tuesday,April,Spring,7935,6,7
1/11/2022,Wind,11,Tuesday,January,Winter,2090,23,0
5/11/2025,Wind,131,Sunday,May,Spring,4808,16,17
10/14/2023,Wind,287,Saturday,October,Fall,10187,4,5
10/1/2021,Wind,274,Friday,October,Fall,3707,23,0
10/4/2024,Wind,278,Friday,October,Fall,2835,22,23
12/31/2024,Wind,366,Tuesday,December,Winter,7306,11,12
3/23/2020,Wind,83,Monday,March,Spring,7482,16,17
2/25/2022,Wind,56,Friday,February,Winter,7548,2,3
2/11/2022,Solar,42,Friday,February,Winter,3615,16,17
7/1/2025,Solar,182,Tuesday,July,Summer,9839,13,14
9/10/2021,Wind,253,Friday,September,Fall,2131,3,4
11/20/2024,Wind,325,Wednesday,November,Fall,6181,9,10
9/13/2021,Wind,256,Monday,September,Fall,2426,3,4
2/14/2025,Solar,45,Friday,February,Winter,9119,11,12
9/30/2023,Wind,273,Saturday,September,Fall,547,2,3
7/3/2020,Wind,185,Friday,July,Summer,6832,13,14
12/16/2022,Wind,350,Friday,December,Winter,5658,4,5
6/29/2025,Solar,180,Sunday,June,Summer,4495,12,13
3/21/2025,Wind,80,Friday,March,Spring,10695,6,7
9/22/2023,Wind,265,Friday,September,Fall,13602,15,16
1/26/2024,Wind,26,Friday,January,Winter,2003,22,23
5/29/2023,Wind,149,Monday,May,Spring,10422,23,0
1/18/2024,Wind,18,Thursday,January,Winter,4652,19,20
8/17/2023,Wind,229,Thursday,August,Summer,2474,21,22
2/18/2021,Wind,49,Thursday,February,Winter,11280,13,14
11/28/2025,Wind,332,Friday,November,Fall,7122,16,17
6/5/2025,Wind,156,Thursday,June,Summer,9135,11,12
7/5/2025,Wind,186,Saturday,July,Summer,7083,19,20
8/30/2023,Wind,242,Wednesday,August,Summer,4070,20,21
1/24/2020,Solar,24,Friday,January,Winter,1733,14,15
1/30/2021,Wind,30,Saturday,January,Winter,8960,11,12
1/26/2021,Wind,26,Tuesday,January,Winter,5086,10,11
7/22/2020,Wind,204,Wednesday,July,Summer,2730,22,23
9/10/2025,Solar,253,Wednesday,September,Fall,8381,10,11
5/20/2021,Solar,140,Thursday,May,Spring,7459,11,12
8/30/2020,Wind,243,Sunday,August,Summer,6972,16,17
4/30/2021,Wind,120,Friday,April,Spring,1497,4,5
7/20/2024,Wind,202,Saturday,July,Summer,1366,2,3
6/25/2024,Wind,177,Tuesday,June,Summer,4860,2,3
6/16/2020,Wind,168,Tuesday,June,Summer,1572,3,4
3/20/2025,Wind,79,Thursday,March,Spring,7815,22,23
10/8/2021,Wind,281,Friday,October,Fall,3732,7,8
3/11/2023,Wind,70,Saturday,March,Spring,4561,20,21
1/9/2022,Wind,9,Sunday,January,Winter,11382,5,6
12/15/2023,Solar,349,Friday,December,Winter,2984,10,11
12/2/2023,Wind,336,Saturday,December,Winter,2993,20,21
4/12/2020,Solar,103,Sunday,April,Spring,4478,14,15
1/16/2021,Wind,16,Saturday,January,Winter,2609,6,7
11/7/2020,Wind,312,Saturday,November,Fall,6495,5,6
1/16/2025,Wind,16,Thursday,January,Winter,5370,7,8
12/11/2023,Wind,345,Monday,December,Winter,13313,5,6
3/26/2025,Wind,85,Wednesday,March,Spring,2924,0,1
3/9/2025,Wind,68,Sunday,March,Spring,6097,14,15
1/31/2021,Wind,31,Sunday,January,Winter,3917,11,12
1/18/2023,Wind,18,Wednesday,January,Winter,5795,12,13
8/11/2022,Wind,223,Thursday,August,Summer,5915,22,23
10/17/2020,Wind,291,Saturday,October,Fall,823,5,6
11/6/2023,Wind,310,Monday,November,Fall,11710,15,16
1/31/2020,Wind,31,Friday,January,Winter,7383,15,16
11/22/2022,Wind,326,Tuesday,November,Fall,12118,2,3
1/14/2020,Wind,14,Tuesday,January,Winter,12686,21,22
6/5/2024,Wind,157,Wednesday,June,Summer,1825,22,23
5/24/2020,Solar,145,Sunday,May,Spring,4591,17,18
10/17/2025,Wind,290,Friday,October,Fall,5063,8,9
12/1/2023,Wind,335,Friday,December,Winter,5670,18,19
11/30/2023,Wind,334,Thursday,November,Fall,2294,9,10
5/28/2023,Wind,148,Sunday,May,Spring,8135,21,22
8/6/2025,Solar,218,Wednesday,August,Summer,4823,18,19
9/3/2022,Wind,246,Saturday,September,Fall,1584,3,4
5/12/2024,Wind,133,Sunday,May,Spring,2710,21,22
8/25/2022,Wind,237,Thursday,August,Summer,2157,2,3
7/9/2024,Wind,191,Tuesday,July,Summer,5041,19,20
10/28/2023,Wind,301,Saturday,October,Fall,17291,13,14
12/26/2021,Wind,360,Sunday,December,Winter,3943,23,0
4/26/2023,Wind,116,Wednesday,April,Spring,1227,19,20
8/12/2020,Wind,225,Wednesday,August,Summer,2887,23,0
6/8/2024,Wind,160,Saturday,June,Summer,2653,7,8
10/30/2020,Wind,304,Friday,October,Fall,7672,1,2
4/10/2024,Solar,101,Wednesday,April,Spring,9317,13,14
1/22/2020,Wind,22,Wednesday,January,Winter,3220,4,5
6/26/2025,Wind,177,Thursday,June,Summer,9162,19,20
9/25/2023,Wind,268,Monday,September,Fall,2754,6,7
10/2/2021,Wind,275,Saturday,October,Fall,4880,8,9
5/21/2021,Wind,141,Friday,May,Spring,11117,21,22
5/21/2021,Wind,141,Friday,May,Spring,9502,4,5
6/7/2020,Wind,159,Sunday,June,Summer,1627,21,22
9/6/2023,Solar,249,Wednesday,September,Fall,2948,18,19
4/27/2023,Wind,117,Thursday,April,Spring,1219,3,4
3/14/2020,Wind,74,Saturday,March,Spring,7209,13,14
2/27/2024,Wind,58,Tuesday,February,Winter,6228,19,20
9/19/2020,Solar,263,Saturday,September,Fall,4468,13,14
4/1/2022,Wind,91,Friday,April,Spring,15285,16,17
3/16/2023,Wind,75,Thursday,March,Spring,6637,2,3
9/22/2025,Wind,265,Monday,September,Fall,8440,16,17
11/24/2020,Wind,329,Tuesday,November,Fall,6160,19,20
11/10/2020,Wind,315,Tuesday,November,Fall,672,8,9
12/5/2023,Wind,339,Tuesday,December,Winter,4052,23,0
4/21/2023,Wind,111,Friday,April,Spring,3321,23,0
2/26/2021,Wind,57,Friday,February,Winter,5705,22,23
1/16/2025,Wind,16,Thursday,January,Winter,7756,11,12
11/29/2022,Wind,333,Tuesday,November,Fall,1649,6,7
12/1/2024,Wind,336,Sunday,December,Winter,10231,13,14
5/1/2022,Wind,121,Sunday,May,Spring,3175,2,3
5/13/2021,Wind,133,Thursday,May,Spring,5102,5,6
7/31/2023,Wind,212,Monday,July,Summer,18635,14,15
10/25/2024,Solar,299,Friday,October,Fall,5922,14,15
9/25/2022,Solar,268,Sunday,September,Fall,6087,14,15
3/25/2025,Solar,84,Tuesday,March,Spring,7289,14,15
1/5/2021,Wind,5,Tuesday,January,Winter,1973,18,19
9/25/2021,Wind,268,Saturday,September,Fall,1010,0,1
6/27/2023,Solar,178,Tuesday,June,Summer,3093,8,9
9/12/2021,Wind,255,Sunday,September,Fall,797,6,7
9/13/2024,Wind,257,Friday,September,Fall,4812,7,8
7/14/2023,Wind,195,Friday,July,Summer,547,3,4
12/22/2024,Wind,357,Sunday,December,Winter,18787,3,4
12/22/2024,Wind,357,Sunday,December,Winter,16227,23,0
10/18/2020,Solar,292,Sunday,October,Fall,3259,11,12
5/4/2021,Wind,124,Tuesday,May,Spring,13750,8,9
7/24/2021,Wind,205,Saturday,July,Summer,4791,4,5
3/18/2021,Wind,77,Thursday,March,Spring,5839,14,15
7/8/2025,Wind,189,Tuesday,July,Summer,6696,8,9
4/30/2025,Solar,120,Wednesday,April,Spring,9156,11,12
7/27/2021,Wind,208,Tuesday,July,Summer,3168,21,22
6/11/2020,Wind,163,Thursday,June,Summer,5028,17,18
7/18/2024,Solar,200,Thursday,July,Summer,8281,12,13
1/1/2025,Wind,1,Wednesday,January,Winter,14963,21,22
5/16/2023,Wind,136,Tuesday,May,Spring,7536,4,5
11/16/2025,Wind,320,Sunday,November,Fall,5090,23,0
5/2/2023,Wind,122,Tuesday,May,Spring,3235,3,4
10/29/2022,Wind,302,Saturday,October,Fall,8339,14,15
5/12/2021,Solar,132,Wednesday,May,Spring,2820,9,10
12/8/2023,Wind,342,Friday,December,Winter,4446,9,10
1/2/2022,Wind,2,Sunday,January,Winter,5445,0,1
1/6/2025,Wind,6,Monday,January,Winter,17822,16,17
5/22/2022,Wind,142,Sunday,May,Spring,2793,0,1
6/15/2022,Wind,166,Wednesday,June,Summer,4126,1,2
4/6/2023,Wind,96,Thursday,April,Spring,11427,14,15
9/15/2024,Wind,259,Sunday,September,Fall,3840,0,1
4/8/2023,Wind,98,Saturday,April,Spring,3512,5,6
3/26/2021,Wind,85,Friday,March,Spring,2924,0,1
1/4/2020,Wind,4,Saturday,January,Winter,3266,4,5
8/25/2025,Wind,237,Monday,August,Summer,2945,7,8
5/18/2020,Solar,139,Monday,May,Spring,4062,10,11
11/18/2024,Wind,323,Monday,November,Fall,8644,1,2
3/15/2025,Wind,74,Saturday,March,Spring,10081,3,4
7/10/2023,Wind,191,Monday,July,Summer,749,6,7
9/7/2024,Wind,251,Saturday,September,Fall,3605,22,23
7/2/2022,Solar,183,Saturday,July,Summer,6897,15,16
3/14/2020,Wind,74,Saturday,March,Spring,3134,19,20
4/23/2020,Solar,114,Thursday,April,Spring,824,19,20
1/29/2025,Wind,29,Wednesday,January,Winter,13112,8,9
1/26/2024,Wind,26,Friday,January,Winter,12588,7,8
8/12/2025,Wind,224,Tuesday,August,Summer,1049,23,0
3/20/2020,Wind,80,Friday,March,Spring,7648,14,15
12/11/2022,Wind,345,Sunday,December,Winter,2254,8,9
10/13/2021,Solar,286,Wednesday,October,Fall,4854,11,12
11/5/2024,Wind,310,Tuesday,November,Fall,1674,5,6
9/18/2024,Wind,262,Wednesday,September,Fall,14521,17,18
1/10/2020,Wind,10,Friday,January,Winter,1558,20,21
6/16/2023,Wind,167,Friday,June,Summer,2330,2,3
6/15/2023,Solar,166,Thursday,June,Summer,7754,15,16
8/8/2022,Wind,220,Monday,August,Summer,6072,3,4
7/30/2022,Wind,211,Saturday,July,Summer,902,5,6
10/8/2020,Wind,282,Thursday,October,Fall,7127,19,20
9/30/2020,Wind,274,Wednesday,September,Fall,2517,9,10
11/9/2022,Wind,313,Wednesday,November,Fall,9942,0,1
5/23/2020,Wind,144,Saturday,May,Spring,4797,9,10
4/19/2023,Wind,109,Wednesday,April,Spring,7997,1,2
9/21/2020,Wind,265,Monday,September,Fall,888,18,19
4/20/2023,Wind,110,Thursday,April,Spring,7921,17,18
7/7/2021,Wind,188,Wednesday,July,Summer,3466,18,19
1/8/2023,Wind,8,Sunday,January,Winter,11145,16,17
3/3/2025,Wind,62,Monday,March,Spring,2963,17,18
6/29/2024,Wind,181,Saturday,June,Summer,4092,1,2
3/10/2021,Wind,69,Wednesday,March,Spring,2969,5,6
12/2/2020,Wind,337,Wednesday,December,Winter,3015,11,12
12/16/2022,Wind,350,Friday,December,Winter,6354,1,2
1/15/2021,Wind,15,Friday,January,Winter,2717,19,20
12/2/2022,Wind,336,Friday,December,Winter,2745,11,12
12/16/2024,Wind,351,Monday,December,Winter,3164,19,20
10/14/2020,Wind,288,Wednesday,October,Fall,2018,0,1
8/29/2021,Wind,241,Sunday,August,Summer,7543,16,17
11/22/2024,Wind,327,Friday,November,Fall,16386,13,14
3/23/2023,Wind,82,Thursday,March,Spring,12237,8,9
5/13/2023,Wind,133,Saturday,May,Spring,5812,23,0
2/25/2022,Wind,56,Friday,February,Winter,3550,18,19
10/17/2020,Wind,291,Saturday,October,Fall,625,20,21
2/4/2024,Wind,35,Sunday,February,Winter,10856,14,15
5/14/2025,Solar,134,Wednesday,May,Spring,4558,13,14
10/4/2022,Solar,277,Tuesday,October,Fall,5982,12,13
10/18/2020,Solar,292,Sunday,October,Fall,3881,14,15
5/31/2020,Wind,152,Sunday,May,Spring,5688,0,1
4/19/2021,Solar,109,Monday,April,Spring,4504,15,16
8/11/2021,Wind,223,Wednesday,August,Summer,647,0,1
2/17/2023,Wind,48,Friday,February,Winter,7540,0,1
10/6/2023,Solar,279,Friday,October,Fall,3802,9,10
4/6/2021,Wind,96,Tuesday,April,Spring,5819,20,21
5/2/2023,Solar,122,Tuesday,May,Spring,3648,8,9
9/8/2025,Wind,251,Monday,September,Fall,2384,3,4
4/4/2020,Wind,95,Saturday,April,Spring,2989,8,9
3/13/2023,Wind,72,Monday,March,Spring,18710,14,15
6/8/2020,Wind,160,Monday,June,Summer,3865,21,22
4/16/2025,Wind,106,Wednesday,April,Spring,5633,1,2
3/19/2025,Wind,78,Wednesday,March,Spring,11296,15,16
12/29/2022,Wind,363,Thursday,December,Winter,13942,12,13
3/16/2024,Solar,76,Saturday,March,Spring,7993,11,12
1/29/2023,Solar,29,Sunday,January,Winter,2890,10,11
6/30/2021,Wind,181,Wednesday,June,Summer,2095,6,7
8/6/2024,Wind,219,Tuesday,August,Summer,1463,7,8
3/8/2020,Wind,68,Sunday,March,Spring,9809,7,8
8/31/2024,Solar,244,Saturday,August,Summer,8353,12,13
4/20/2023,Wind,110,Thursday,April,Spring,7599,8,9
10/29/2020,Wind,303,Thursday,October,Fall,6611,17,18
1/21/2025,Wind,21,Tuesday,January,Winter,6958,22,23
2/17/2023,Wind,48,Friday,February,Winter,7175,20,21
10/21/2024,Wind,295,Monday,October,Fall,3853,6,7
8/24/2020,Wind,237,Monday,August,Summer,1813,4,5
5/25/2024,Solar,146,Saturday,May,Spring,7169,15,16
9/22/2020,Wind,266,Tuesday,September,Fall,1549,20,21
2/5/2023,Wind,36,Sunday,February,Winter,13787,14,15
2/17/2024,Wind,48,Saturday,February,Winter,2438,5,6
1/20/2025,Wind,20,Monday,January,Winter,2887,10,11
6/12/2021,Wind,163,Saturday,June,Summer,2973,19,20
9/9/2025,Wind,252,Tuesday,September,Fall,2454,0,1
3/25/2025,Wind,84,Tuesday,March,Spring,3267,23,0
4/17/2021,Wind,107,Saturday,April,Spring,7013,18,19
8/22/2023,Wind,234,Tuesday,August,Summer,2173,21,22
5/18/2023,Wind,138,Thursday,May,Spring,6054,22,23
4/11/2024,Wind,102,Thursday,April,Spring,1174,21,22
10/9/2023,Wind,282,Monday,October,Fall,1159,1,2
1/10/2020,Wind,10,Friday,January,Winter,7579,6,7
10/18/2022,Solar,291,Tuesday,October,Fall,5088,11,12
1/4/2022,Wind,4,Tuesday,January,Winter,5941,14,15
4/22/2021,Solar,112,Thursday,April,Spring,8368,12,13
8/4/2021,Solar,216,Wednesday,August,Summer,3531,16,17
6/16/2024,Wind,168,Sunday,June,Summer,8152,0,1
2/25/2020,Wind,56,Tuesday,February,Winter,12118,13,14
6/14/2024,Wind,166,Friday,June,Summer,7031,5,6
7/21/2020,Solar,203,Tuesday,July,Summer,5891,14,15
3/13/2025,Wind,72,Thursday,March,Spring,3662,17,18
3/11/2021,Wind,70,Thursday,March,Spring,15750,11,12
10/10/2022,Solar,283,Monday,October,Fall,5312,13,14
10/20/2022,Wind,293,Thursday,October,Fall,5478,5,6
8/5/2024,Solar,218,Monday,August,Summer,8358,12,13
7/12/2021,Wind,193,Monday,July,Summer,2435,0,1
1/12/2024,Wind,12,Friday,January,Winter,6694,14,15
3/18/2023,Wind,77,Saturday,March,Spring,7054,6,7
5/13/2020,Wind,134,Wednesday,May,Spring,7957,14,15
9/30/2023,Solar,273,Saturday,September,Fall,5200,16,17
2/5/2025,Wind,36,Wednesday,February,Winter,2583,17,18
9/19/2023,Wind,262,Tuesday,September,Fall,10341,14,15
2/2/2024,Wind,33,Friday,February,Winter,2260,0,1
11/17/2021,Wind,321,Wednesday,November,Fall,1957,5,6
10/1/2023,Solar,274,Sunday,October,Fall,4581,13,14
6/24/2021,Solar,175,Thursday,June,Summer,3658,18,19
7/27/2022,Solar,208,Wednesday,July,Summer,6815,11,12
4/12/2024,Wind,103,Friday,April,Spring,939,21,22
8/22/2020,Wind,235,Saturday,August,Summer,11094,12,13
11/12/2022,Wind,316,Saturday,November,Fall,3769,5,6
7/21/2022,Wind,202,Thursday,July,Summer,1574,20,21
9/8/2023,Wind,251,Friday,September,Fall,1554,21,22
5/31/2024,Wind,152,Friday,May,Spring,10050,10,11
1/19/2020,Wind,19,Sunday,January,Winter,4998,4,5
6/25/2021,Wind,176,Friday,June,Summer,1787,7,8
2/7/2020,Wind,38,Friday,February,Winter,5494,3,4
3/15/2021,Wind,74,Monday,March,Spring,7372,18,19
5/13/2025,Solar,133,Tuesday,May,Spring,3863,15,16
4/27/2022,Wind,117,Wednesday,April,Spring,5614,9,10
6/18/2021,Wind,169,Friday,June,Summer,6927,11,12
3/15/2024,Wind,75,Friday,March,Spring,11274,18,19
12/29/2024,Wind,364,Sunday,December,Winter,541,19,20
12/24/2023,Wind,358,Sunday,December,Winter,10213,20,21
6/28/2022,Solar,179,Tuesday,June,Summer,4992,18,19
9/5/2023,Wind,248,Tuesday,September,Fall,6596,8,9
9/1/2022,Solar,244,Thursday,September,Fall,3556,9,10
8/16/2022,Wind,228,Tuesday,August,Summer,1494,22,23
4/23/2024,Wind,114,Tuesday,April,Spring,4518,6,7
3/19/2022,Wind,78,Saturday,March,Spring,10970,9,10
4/22/2024,Wind,113,Monday,April,Spring,7378,3,4
9/30/2025,Wind,273,Tuesday,September,Fall,3305,18,19
10/4/2022,Wind,277,Tuesday,October,Fall,1565,0,1
8/28/2024,Wind,241,Wednesday,August,Summer,4269,8,9
3/11/2025,Wind,70,Tuesday,March,Spring,1454,1,2
7/19/2023,Solar,200,Wednesday,July,Summer,8862,11,12
1/28/2023,Wind,28,Saturday,January,Winter,5921,8,9
6/14/2022,Wind,165,Tuesday,June,Summer,4735,2,3
8/16/2020,Wind,229,Sunday,August,Summer,1256,3,4
4/18/2023,Wind,108,Tuesday,April,Spring,6470,5,6
8/30/2020,Wind,243,Sunday,August,Summer,2802,2,3
6/3/2025,Wind,154,Tuesday,June,Summer,4656,21,22
6/13/2024,Wind,165,Thursday,June,Summer,5847,19,20
8/26/2022,Wind,238,Friday,August,Summer,3321,23,0
5/5/2020,Wind,126,Tuesday,May,Spring,2773,23,0
4/27/2020,Solar,118,Monday,April,Spring,3089,13,14
4/28/2020,Wind,119,Tuesday,April,Spring,3698,6,7
9/13/2022,Wind,256,Tuesday,September,Fall,3807,18,19
11/20/2025,Wind,324,Thursday,November,Fall,5905,15,16
3/14/2025,Wind,73,Friday,March,Spring,3380,8,9
10/13/2021,Solar,286,Wednesday,October,Fall,4842,16,17
8/7/2024,Wind,220,Wednesday,August,Summer,1433,4,5
12/24/2021,Wind,358,Friday,December,Winter,3052,23,0
6/21/2020,Wind,173,Sunday,June,Summer,2554,5,6
7/31/2023,Wind,212,Monday,July,Summer,10874,23,0
2/7/2020,Wind,38,Friday,February,Winter,5386,14,15
2/3/2025,Solar,34,Monday,February,Winter,5983,11,12
6/24/2020,Wind,176,Wednesday,June,Summer,4258,18,19
2/2/2023,Wind,33,Thursday,February,Winter,6733,20,21
1/23/2023,Wind,23,Monday,January,Winter,8749,16,17
12/14/2023,Wind,348,Thursday,December,Winter,3583,17,18
9/21/2025,Wind,264,Sunday,September,Fall,4374,5,6
3/15/2021,Wind,74,Monday,March,Spring,10812,11,12
11/22/2020,Wind,327,Sunday,November,Fall,925,20,21
2/22/2020,Wind,53,Saturday,February,Winter,8470,19,20
6/17/2025,Wind,168,Tuesday,June,Summer,3347,23,0
8/5/2022,Wind,217,Friday,August,Summer,2607,5,6
10/14/2020,Wind,288,Wednesday,October,Fall,6263,17,18
2/26/2025,Wind,57,Wednesday,February,Winter,15050,12,13
6/21/2025,Wind,172,Saturday,June,Summer,4743,0,1
6/5/2020,Wind,157,Friday,June,Summer,14060,13,14
10/27/2020,Wind,301,Tuesday,October,Fall,11411,18,19
6/4/2020,Wind,156,Thursday,June,Summer,5749,17,18
9/4/2024,Wind,248,Wednesday,September,Fall,798,3,4
1/19/2021,Wind,19,Tuesday,January,Winter,12386,10,11
10/23/2025,Wind,296,Thursday,October,Fall,11928,4,5
3/30/2025,Wind,89,Sunday,March,Spring,6357,9,10
4/6/2020,Wind,97,Monday,April,Spring,5353,15,16
3/31/2023,Wind,90,Friday,March,Spring,21589,14,15
3/31/2020,Wind,91,Tuesday,March,Spring,6377,5,6
5/23/2020,Wind,144,Saturday,May,Spring,1673,3,4
2/11/2022,Wind,42,Friday,February,Winter,3510,6,7
1/23/2025,Wind,23,Thursday,January,Winter,16773,21,22
11/9/2021,Solar,313,Tuesday,November,Fall,4387,11,12
10/26/2025,Wind,299,Sunday,October,Fall,10464,0,1
12/9/2024,Wind,344,Monday,December,Winter,14088,0,1
6/10/2024,Wind,162,Monday,June,Summer,5131,1,2
4/10/2020,Solar,101,Friday,April,Spring,3344,9,10
10/31/2021,Wind,304,Sunday,October,Fall,4378,1,2
11/20/2020,Solar,325,Friday,November,Fall,4045,12,13
9/25/2025,Solar,268,Thursday,September,Fall,6701,11,12
12/12/2021,Wind,346,Sunday,December,Winter,5288,13,14
1/13/2022,Wind,13,Thursday,January,Winter,3069,19,20
1/12/2025,Wind,12,Sunday,January,Winter,4835,23,0
12/6/2023,Wind,340,Wednesday,December,Winter,2647,22,23
1/16/2021,Wind,16,Saturday,January,Winter,1799,2,3
1/3/2020,Wind,3,Friday,January,Winter,8817,6,7
9/1/2025,Wind,244,Monday,September,Fall,5057,21,22
10/18/2021,Solar,291,Monday,October,Fall,5076,11,12
5/7/2022,Wind,127,Saturday,May,Spring,4532,23,0
6/16/2022,Solar,167,Thursday,June,Summer,6428,14,15
10/23/2022,Wind,296,Sunday,October,Fall,13466,23,0
7/8/2024,Solar,190,Monday,July,Summer,7115,17,18
3/23/2022,Wind,82,Wednesday,March,Spring,3526,7,8
9/23/2024,Solar,267,Monday,September,Fall,9458,14,15
12/26/2020,Wind,361,Saturday,December,Winter,11446,21,22
5/12/2023,Wind,132,Friday,May,Spring,3360,7,8
9/6/2021,Wind,249,Monday,September,Fall,1817,0,1
1/19/2024,Solar,19,Friday,January,Winter,3115,10,11
4/13/2020,Wind,104,Monday,April,Spring,11013,15,16
2/10/2021,Wind,41,Wednesday,February,Winter,3960,23,0
2/4/2020,Wind,35,Tuesday,February,Winter,8718,19,20
12/11/2020,Wind,346,Friday,December,Winter,6300,15,16
12/22/2022,Wind,356,Thursday,December,Winter,12425,8,9
1/4/2020,Wind,4,Saturday,January,Winter,2808,20,21
8/2/2024,Wind,215,Friday,August,Summer,1432,2,3
5/29/2020,Wind,150,Friday,May,Spring,4294,20,21
5/4/2021,Wind,124,Tuesday,May,Spring,10640,19,20
4/14/2021,Wind,104,Wednesday,April,Spring,4370,0,1
3/15/2022,Wind,74,Tuesday,March,Spring,4813,8,9
11/7/2023,Wind,311,Tuesday,November,Fall,7909,0,1
2/28/2020,Wind,59,Friday,February,Winter,2660,5,6
7/15/2023,Wind,196,Saturday,July,Summer,10085,16,17
8/12/2025,Solar,224,Tuesday,August,Summer,6220,9,10
6/16/2022,Wind,167,Thursday,June,Summer,1497,5,6
2/3/2025,Wind,34,Monday,February,Winter,1611,17,18
11/16/2023,Wind,320,Thursday,November,Fall,3875,4,5
3/6/2025,Wind,65,Thursday,March,Spring,7274,3,4
3/26/2021,Wind,85,Friday,March,Spring,9140,23,0
11/21/2025,Wind,325,Friday,November,Fall,8584,11,12
3/27/2020,Solar,87,Friday,March,Spring,4295,10,11
10/13/2023,Wind,286,Friday,October,Fall,12357,7,8
10/14/2022,Wind,287,Friday,October,Fall,6926,23,0
11/13/2022,Solar,317,Sunday,November,Fall,4217,11,12
5/14/2020,Wind,135,Thursday,May,Spring,10073,10,11
6/19/2024,Wind,171,Wednesday,June,Summer,9445,11,12
1/5/2022,Wind,5,Wednesday,January,Winter,7302,11,12
7/28/2021,Wind,209,Wednesday,July,Summer,3851,8,9
7/15/2023,Wind,196,Saturday,July,Summer,14187,17,18
10/26/2024,Wind,300,Saturday,October,Fall,2823,10,11
3/6/2023,Solar,65,Monday,March,Spring,6220,13,14
12/4/2020,Wind,339,Friday,December,Winter,4944,19,20
8/25/2020,Wind,238,Tuesday,August,Summer,8081,10,11
9/2/2024,Wind,246,Monday,September,Fall,641,22,23
8/10/2023,Wind,222,Thursday,August,Summer,2594,4,5
8/7/2025,Wind,219,Thursday,August,Summer,1015,5,6
4/1/2021,Wind,91,Thursday,April,Spring,7740,23,0
2/20/2024,Wind,51,Tuesday,February,Winter,6371,16,17
2/22/2024,Wind,53,Thursday,February,Winter,16997,21,22
2/14/2023,Solar,45,Tuesday,February,Winter,5994,10,11
6/20/2020,Wind,172,Saturday,June,Summer,2174,19,20
5/25/2025,Wind,145,Sunday,May,Spring,9778,20,21
2/11/2024,Wind,42,Sunday,February,Winter,15331,15,16
9/9/2024,Wind,253,Monday,September,Fall,8239,6,7
8/8/2020,Solar,221,Saturday,August,Summer,1256,19,20
4/9/2025,Wind,99,Wednesday,April,Spring,4689,2,3
4/6/2021,Wind,96,Tuesday,April,Spring,4806,21,22
2/14/2025,Wind,45,Friday,February,Winter,4219,2,3
9/12/2021,Solar,255,Sunday,September,Fall,4404,11,12
4/10/2021,Wind,100,Saturday,April,Spring,5953,10,11
8/1/2025,Solar,213,Friday,August,Summer,9032,11,12
4/19/2023,Solar,109,Wednesday,April,Spring,10069,16,17
1/21/2024,Wind,21,Sunday,January,Winter,12404,8,9
4/6/2024,Wind,97,Saturday,April,Spring,16321,9,10
4/29/2021,Wind,119,Thursday,April,Spring,2471,2,3
12/2/2020,Wind,337,Wednesday,December,Winter,3088,7,8
11/28/2021,Wind,332,Sunday,November,Fall,8670,0,1
3/11/2023,Wind,70,Saturday,March,Spring,3908,18,19
6/4/2024,Solar,156,Tuesday,June,Summer,8950,13,14
4/17/2022,Wind,107,Sunday,April,Spring,7886,0,1
5/6/2025,Wind,126,Tuesday,May,Spring,10727,0,1
9/12/2024,Wind,256,Thursday,September,Fall,4188,3,4
12/26/2020,Wind,361,Saturday,December,Winter,12204,23,0
5/6/2022,Solar,126,Friday,May,Spring,6472,15,16
11/24/2023,Wind,328,Friday,November,Fall,10477,19,20
1/17/2025,Wind,17,Friday,January,Winter,861,17,18
7/28/2022,Solar,209,Thursday,July,Summer,2500,8,9
10/15/2023,Wind,288,Sunday,October,Fall,3908,8,9
3/17/2021,Wind,76,Wednesday,March,Spring,11247,12,13
10/3/2025,Wind,276,Friday,October,Fall,7978,10,11
6/4/2020,Wind,156,Thursday,June,Summer,2830,2,3
7/29/2025,Wind,210,Tuesday,July,Summer,2839,3,4
3/28/2024,Wind,88,Thursday,March,Spring,15521,20,21
4/4/2022,Wind,94,Monday,April,Spring,15076,14,15
10/15/2020,Wind,289,Thursday,October,Fall,5196,10,11
5/30/2020,Solar,151,Saturday,May,Spring,6710,15,16
4/1/2020,Wind,92,Wednesday,April,Spring,4222,8,9
10/18/2023,Wind,291,Wednesday,October,Fall,12351,22,23
6/7/2020,Wind,159,Sunday,June,Summer,2766,3,4
10/10/2025,Wind,283,Friday,October,Fall,2536,7,8
12/18/2024,Wind,353,Wednesday,December,Winter,13116,3,4
3/7/2023,Wind,66,Tuesday,March,Spring,7061,8,9
5/20/2021,Wind,140,Thursday,May,Spring,9069,22,23
4/8/2022,Wind,98,Friday,April,Spring,9083,11,12
4/6/2021,Wind,96,Tuesday,April,Spring,4549,0,1
12/6/2020,Wind,341,Sunday,December,Winter,1662,21,22
6/10/2023,Wind,161,Saturday,June,Summer,1747,20,21
5/23/2023,Wind,143,Tuesday,May,Spring,4394,3,4
4/13/2024,Solar,104,Saturday,April,Spring,4281,11,12
10/1/2023,Solar,274,Sunday,October,Fall,5635,16,17
11/29/2021,Wind,333,Monday,November,Fall,4402,14,15
5/22/2022,Solar,142,Sunday,May,Spring,5753,14,15
1/9/2023,Wind,9,Monday,January,Winter,15487,3,4
7/18/2025,Solar,199,Friday,July,Summer,3617,19,20
10/10/2022,Wind,283,Monday,October,Fall,4363,16,17
4/22/2022,Solar,112,Friday,April,Spring,5407,10,11
4/26/2025,Wind,116,Saturday,April,Spring,4323,7,8
11/18/2021,Solar,322,Thursday,November,Fall,2705,15,16
4/23/2022,Wind,113,Saturday,April,Spring,7590,12,13
5/21/2022,Solar,141,Saturday,May,Spring,5160,16,17
10/3/2025,Wind,276,Friday,October,Fall,5560,2,3
8/28/2023,Solar,240,Monday,August,Summer,7961,13,14
1/28/2020,Wind,28,Tuesday,January,Winter,11897,16,17
5/23/2020,Wind,144,Saturday,May,Spring,4079,8,9
7/29/2020,Solar,211,Wednesday,July,Summer,3995,14,15
8/4/2024,Solar,217,Sunday,August,Summer,7542,12,13
9/29/2021,Wind,272,Wednesday,September,Fall,6196,18,19
8/29/2024,Solar,242,Thursday,August,Summer,4187,9,10
7/22/2022,Wind,203,Friday,July,Summer,2407,20,21
5/10/2021,Wind,130,Monday,May,Spring,3236,19,20
5/21/2024,Wind,142,Tuesday,May,Spring,2868,0,1
9/6/2024,Solar,250,Friday,September,Fall,5349,11,12
3/16/2023,Wind,75,Thursday,March,Spring,9438,8,9
7/13/2023,Solar,194,Thursday,July,Summer,6890,10,11
11/15/2024,Wind,320,Friday,November,Fall,2684,8,9
7/12/2020,Wind,194,Sunday,July,Summer,4962,0,1
4/6/2021,Wind,96,Tuesday,April,Spring,5120,2,3
9/24/2025,Wind,267,Wednesday,September,Fall,10716,12,13
11/18/2022,Wind,322,Friday,November,Fall,3230,21,22
4/16/2020,Wind,107,Thursday,April,Spring,1773,22,23
4/5/2022,Wind,95,Tuesday,April,Spring,6029,23,0
8/22/2025,Wind,234,Friday,August,Summer,2688,21,22
2/25/2022,Wind,56,Friday,February,Winter,9622,14,15
5/19/2023,Wind,139,Friday,May,Spring,6972,19,20
9/4/2022,Wind,247,Sunday,September,Fall,2059,4,5
1/14/2025,Solar,14,Tuesday,January,Winter,2442,16,17
3/10/2020,Wind,70,Tuesday,March,Spring,11187,21,22
12/13/2021,Wind,347,Monday,December,Winter,1571,21,22
2/8/2021,Wind,39,Monday,February,Winter,2059,19,20
9/16/2020,Wind,260,Wednesday,September,Fall,4646,18,19
9/7/2020,Solar,251,Monday,September,Fall,3920,10,11
10/12/2024,Wind,286,Saturday,October,Fall,7029,20,21
9/30/2023,Wind,273,Saturday,September,Fall,906,21,22
11/8/2022,Wind,312,Tuesday,November,Fall,13656,7,8
10/16/2024,Wind,290,Wednesday,October,Fall,12056,15,16
3/21/2022,Wind,80,Monday,March,Spring,4620,17,18
9/17/2025,Solar,260,Wednesday,September,Fall,8661,10,11
9/22/2020,Wind,266,Tuesday,September,Fall,585,8,9
12/5/2023,Wind,339,Tuesday,December,Winter,4751,22,23
2/23/2023,Wind,54,Thursday,February,Winter,1074,3,4
9/18/2020,Wind,262,Friday,September,Fall,6154,4,5
8/12/2023,Wind,224,Saturday,August,Summer,1480,6,7
8/28/2024,Wind,241,Wednesday,August,Summer,5763,18,19
6/1/2022,Solar,152,Wednesday,June,Summer,6895,14,15
9/28/2024,Wind,272,Saturday,September,Fall,914,21,22
2/11/2020,Wind,42,Tuesday,February,Winter,12649,1,2
7/29/2021,Wind,210,Thursday,July,Summer,3667,7,8
12/13/2023,Wind,347,Wednesday,December,Winter,7837,18,19
5/24/2023,Wind,144,Wednesday,May,Spring,7497,20,21
2/18/2021,Wind,49,Thursday,February,Winter,9311,17,18
3/5/2025,Solar,64,Wednesday,March,Spring,7212,9,10
2/27/2025,Wind,58,Thursday,February,Winter,4003,18,19
7/28/2023,Wind,209,Friday,July,Summer,5928,9,10
6/18/2022,Solar,169,Saturday,June,Summer,7668,16,17
3/26/2022,Wind,85,Saturday,March,Spring,8557,23,0
8/12/2023,Wind,224,Saturday,August,Summer,1275,0,1
11/9/2023,Wind,313,Thursday,November,Fall,12712,22,23
3/24/2024,Wind,84,Sunday,March,Spring,16599,14,15
12/8/2021,Wind,342,Wednesday,December,Winter,5921,14,15
12/14/2024,Wind,349,Saturday,December,Winter,1442,3,4
9/19/2022,Solar,262,Monday,September,Fall,5655,10,11
8/28/2022,Wind,240,Sunday,August,Summer,3812,2,3
6/28/2024,Wind,180,Friday,June,Summer,3186,5,6
12/22/2022,Wind,356,Thursday,December,Winter,12902,7,8
6/16/2022,Solar,167,Thursday,June,Summer,3081,18,19
9/29/2022,Solar,272,Thursday,September,Fall,4330,14,15
10/19/2023,Wind,292,Thursday,October,Fall,10798,1,2
12/31/2023,Wind,365,Sunday,December,Winter,18515,11,12
9/14/2025,Wind,257,Sunday,September,Fall,9392,11,12
10/30/2021,Wind,303,Saturday,October,Fall,9349,11,12
1/1/2021,Wind,1,Friday,January,Winter,1425,19,20
5/2/2022,Wind,122,Monday,May,Spring,2702,8,9
10/28/2023,Wind,301,Saturday,October,Fall,14258,17,18
8/3/2021,Wind,215,Tuesday,August,Summer,3270,17,18
7/10/2022,Wind,191,Sunday,July,Summer,4839,3,4
4/28/2025,Solar,118,Monday,April,Spring,5404,9,10
1/5/2025,Wind,5,Sunday,January,Winter,15783,6,7
1/31/2020,Wind,31,Friday,January,Winter,7282,18,19
8/9/2023,Solar,221,Wednesday,August,Summer,7734,14,15
12/12/2022,Wind,346,Monday,December,Winter,3435,14,15
6/9/2025,Wind,160,Monday,June,Summer,1873,4,5
4/16/2020,Wind,107,Thursday,April,Spring,2013,23,0
12/7/2021,Wind,341,Tuesday,December,Winter,12158,13,14
3/8/2025,Wind,67,Saturday,March,Spring,13555,16,17
6/8/2023,Solar,159,Thursday,June,Summer,6122,17,18
5/22/2021,Wind,142,Saturday,May,Spring,9312,4,5
6/29/2025,Wind,180,Sunday,June,Summer,3072,3,4
11/29/2022,Wind,333,Tuesday,November,Fall,1071,22,23
7/23/2025,Solar,204,Wednesday,July,Summer,2689,8,9
8/26/2024,Solar,239,Monday,August,Summer,9509,15,16
8/9/2024,Solar,222,Friday,August,Summer,11780,16,17
5/16/2022,Solar,136,Monday,May,Spring,6963,15,16
3/1/2021,Wind,60,Monday,March,Spring,4589,7,8
3/10/2025,Wind,69,Monday,March,Spring,1370,23,0
10/11/2022,Wind,284,Tuesday,October,Fall,2707,5,6
9/27/2024,Wind,271,Friday,September,Fall,15369,8,9
4/2/2022,Wind,92,Saturday,April,Spring,10976,17,18
10/12/2024,Wind,286,Saturday,October,Fall,8290,23,0
11/28/2023,Wind,332,Tuesday,November,Fall,2821,15,16
6/12/2025,Wind,163,Thursday,June,Summer,6947,6,7
7/1/2020,Wind,183,Wednesday,July,Summer,3252,2,3
1/20/2022,Wind,20,Thursday,January,Winter,6533,13,14
10/5/2022,Wind,278,Wednesday,October,Fall,15673,14,15
1/21/2022,Wind,21,Friday,January,Winter,5070,3,4
8/11/2023,Solar,223,Friday,August,Summer,5430,10,11
9/4/2023,Wind,247,Monday,September,Fall,7729,8,9
5/25/2025,Wind,145,Sunday,May,Spring,9310,7,8
12/11/2020,Wind,346,Friday,December,Winter,7890,4,5
7/7/2023,Wind,188,Friday,July,Summer,3866,2,3
6/14/2023,Wind,165,Wednesday,June,Summer,3207,7,8
10/2/2020,Wind,276,Friday,October,Fall,3073,18,19
12/31/2020,Wind,366,Thursday,December,Winter,4838,9,10
8/8/2025,Solar,220,Friday,August,Summer,8376,16,17
1/2/2022,Wind,2,Sunday,January,Winter,12811,13,14
2/28/2023,Wind,59,Tuesday,February,Winter,8930,3,4
9/27/2021,Wind,270,Monday,September,Fall,8562,10,11
9/18/2023,Wind,261,Monday,September,Fall,14776,15,16
1/27/2025,Wind,27,Monday,January,Winter,18951,0,1
12/11/2021,Wind,345,Saturday,December,Winter,8663,2,3
5/3/2021,Wind,123,Monday,May,Spring,781,0,1
1/15/2023,Wind,15,Sunday,January,Winter,14417,22,23
7/20/2022,Wind,201,Wednesday,July,Summer,2309,7,8
5/1/2020,Wind,122,Friday,May,Spring,8815,14,15
9/28/2024,Solar,272,Saturday,September,Fall,8736,13,14
11/9/2025,Wind,313,Sunday,November,Fall,2347,6,7
1/18/2023,Wind,18,Wednesday,January,Winter,5086,20,21
4/16/2021,Wind,106,Friday,April,Spring,5432,3,4
7/10/2020,Wind,192,Friday,July,Summer,3206,5,6
3/7/2024,Solar,67,Thursday,March,Spring,10254,10,11
12/27/2023,Wind,361,Wednesday,December,Winter,16623,19,20
2/28/2021,Wind,59,Sunday,February,Winter,7579,16,17
3/22/2025,Wind,81,Saturday,March,Spring,9746,13,14
5/26/2020,Solar,147,Tuesday,May,Spring,3767,9,10
6/13/2023,Wind,164,Tuesday,June,Summer,3243,7,8
4/7/2020,Wind,98,Tuesday,April,Spring,2169,6,7
9/9/2025,Solar,252,Tuesday,September,Fall,8511,12,13
12/1/2024,Wind,336,Sunday,December,Winter,9481,14,15
11/21/2020,Wind,326,Saturday,November,Fall,2632,16,17
3/9/2025,Wind,68,Sunday,March,Spring,2161,23,0
2/1/2023,Wind,32,Wednesday,February,Winter,11188,12,13
3/16/2025,Wind,75,Sunday,March,Spring,12574,12,13
8/16/2022,Wind,228,Tuesday,August,Summer,1489,23,0
7/24/2024,Solar,206,Wednesday,July,Summer,4907,18,19
10/8/2021,Wind,281,Friday,October,Fall,3528,1,2
9/1/2021,Wind,244,Wednesday,September,Fall,6966,22,23
4/6/2021,Wind,96,Tuesday,April,Spring,7552,19,20
6/24/2021,Solar,175,Thursday,June,Summer,3148,9,10
9/3/2020,Wind,247,Thursday,September,Fall,3529,18,19
6/4/2023,Wind,155,Sunday,June,Summer,7588,18,19
2/6/2025,Wind,37,Thursday,February,Winter,13367,14,15
4/2/2023,Wind,92,Sunday,April,Spring,12201,14,15
1/3/2022,Wind,3,Monday,January,Winter,11791,14,15
9/20/2023,Wind,263,Wednesday,September,Fall,10294,18,19
7/30/2025,Wind,211,Wednesday,July,Summer,1698,7,8
11/3/2025,Wind,307,Monday,November,Fall,7546,0,1
4/6/2024,Wind,97,Saturday,April,Spring,9351,21,22
7/10/2021,Wind,191,Saturday,July,Summer,345,2,3
7/1/2023,Wind,182,Saturday,July,Summer,7413,0,1
8/27/2023,Wind,239,Sunday,August,Summer,8873,12,13
7/18/2022,Wind,199,Monday,July,Summer,3978,7,8
6/7/2021,Solar,158,Monday,June,Summer,4355,11,12
3/11/2020,Wind,71,Wednesday,March,Spring,10029,20,21
5/12/2024,Solar,133,Sunday,May,Spring,3703,16,17
1/10/2020,Wind,10,Friday,January,Winter,6776,9,10
12/21/2021,Solar,355,Tuesday,December,Winter,3572,11,12
4/23/2022,Wind,113,Saturday,April,Spring,6090,5,6
10/3/2020,Wind,277,Saturday,October,Fall,3331,7,8
2/2/2020,Wind,33,Sunday,February,Winter,7968,4,5
4/13/2020,Wind,104,Monday,April,Spring,11443,18,19
2/18/2022,Wind,49,Friday,February,Winter,8034,2,3
7/23/2021,Wind,204,Friday,July,Summer,4087,0,1
11/26/2021,Wind,330,Friday,November,Fall,10635,20,21
10/23/2023,Wind,296,Monday,October,Fall,4301,21,22
8/9/2023,Wind,221,Wednesday,August,Summer,3277,2,3
2/15/2024,Wind,46,Thursday,February,Winter,10820,23,0
6/7/2025,Wind,158,Saturday,June,Summer,7646,7,8
3/4/2024,Wind,64,Monday,March,Spring,7130,15,16
5/15/2025,Solar,135,Thursday,May,Spring,6848,11,12
2/13/2022,Wind,44,Sunday,February,Winter,15083,20,21
6/21/2025,Solar,172,Saturday,June,Summer,9347,11,12
3/9/2022,Wind,68,Wednesday,March,Spring,6074,9,10
12/13/2023,Wind,347,Wednesday,December,Winter,7647,12,13
9/12/2021,Wind,255,Sunday,September,Fall,1451,8,9
8/15/2022,Wind,227,Monday,August,Summer,3458,8,9
11/29/2025,Wind,333,Saturday,November,Fall,6318,3,4
6/24/2022,Wind,175,Friday,June,Summer,5472,10,11
1/10/2020,Wind,10,Friday,January,Winter,1537,23,0
11/23/2021,Wind,327,Tuesday,November,Fall,8484,3,4
4/5/2020,Wind,96,Sunday,April,Spring,8392,12,13
2/3/2021,Wind,34,Wednesday,February,Winter,10639,18,19
10/29/2020,Wind,303,Thursday,October,Fall,7293,7,8
11/11/2020,Wind,316,Wednesday,November,Fall,5774,19,20
2/13/2022,Wind,44,Sunday,February,Winter,9347,6,7
11/15/2023,Wind,319,Wednesday,November,Fall,4867,18,19
1/14/2021,Wind,14,Thursday,January,Winter,10297,12,13
7/20/2021,Solar,201,Tuesday,July,Summer,4128,18,19
5/22/2021,Wind,142,Saturday,May,Spring,11778,8,9
9/9/2023,Solar,252,Saturday,September,Fall,2748,18,19
11/19/2023,Wind,323,Sunday,November,Fall,12597,17,18
8/19/2024,Wind,232,Monday,August,Summer,2712,22,23
4/1/2025,Wind,91,Tuesday,April,Spring,19436,18,19
3/2/2025,Wind,61,Sunday,March,Spring,4887,23,0
1/17/2022,Wind,17,Monday,January,Winter,1452,7,8
10/18/2021,Wind,291,Monday,October,Fall,3701,9,10
8/12/2021,Solar,224,Thursday,August,Summer,4221,13,14
3/27/2022,Wind,86,Sunday,March,Spring,2329,23,0
11/17/2025,Wind,321,Monday,November,Fall,8218,7,8
10/31/2025,Wind,304,Friday,October,Fall,13615,11,12
8/4/2021,Wind,216,Wednesday,August,Summer,2904,18,19
10/30/2022,Wind,303,Sunday,October,Fall,2253,21,22
7/30/2024,Solar,212,Tuesday,July,Summer,2686,8,9
11/26/2023,Wind,330,Sunday,November,Fall,2384,5,6
10/17/2023,Wind,290,Tuesday,October,Fall,8478,0,1
9/15/2025,Wind,258,Monday,September,Fall,9643,4,5
8/18/2024,Wind,231,Sunday,August,Summer,8367,17,18
8/23/2025,Wind,235,Saturday,August,Summer,2481,1,2
9/5/2020,Wind,249,Saturday,September,Fall,4696,17,18
4/17/2023,Wind,107,Monday,April,Spring,3385,3,4
11/5/2022,Wind,309,Saturday,November,Fall,2791,3,4
5/29/2022,Wind,149,Sunday,May,Spring,4128,20,21
1/12/2021,Wind,12,Tuesday,January,Winter,12490,12,13
2/13/2021,Wind,44,Saturday,February,Winter,7990,8,9
6/25/2024,Wind,177,Tuesday,June,Summer,5463,0,1
9/11/2021,Solar,254,Saturday,September,Fall,5588,13,14
8/15/2022,Wind,227,Monday,August,Summer,3225,19,20
2/10/2023,Wind,41,Friday,February,Winter,1541,8,9
3/8/2020,Wind,68,Sunday,March,Spring,8612,3,4
5/10/2025,Wind,130,Saturday,May,Spring,8375,23,0
5/16/2022,Wind,136,Monday,May,Spring,4773,4,5
10/29/2020,Wind,303,Thursday,October,Fall,10215,1,2
11/12/2022,Wind,316,Saturday,November,Fall,4317,1,2
7/2/2024,Wind,184,Tuesday,July,Summer,5455,19,20
3/21/2022,Wind,80,Monday,March,Spring,3992,0,1
9/23/2024,Wind,267,Monday,September,Fall,6406,18,19
9/9/2021,Wind,252,Thursday,September,Fall,1856,7,8
6/13/2021,Wind,164,Sunday,June,Summer,2413,6,7
12/11/2020,Wind,346,Friday,December,Winter,6645,14,15
5/18/2022,Solar,138,Wednesday,May,Spring,4887,10,11
11/28/2021,Wind,332,Sunday,November,Fall,7293,16,17
11/18/2023,Wind,322,Saturday,November,Fall,15251,13,14
8/7/2022,Solar,219,Sunday,August,Summer,10953,13,14
10/31/2025,Wind,304,Friday,October,Fall,13356,10,11
8/20/2022,Wind,232,Saturday,August,Summer,2442,3,4
7/28/2025,Wind,209,Monday,July,Summer,2989,23,0
11/25/2020,Wind,330,Wednesday,November,Fall,6232,8,9
3/2/2020,Wind,62,Monday,March,Spring,9004,16,17
6/19/2025,Solar,170,Thursday,June,Summer,9997,17,18
6/16/2020,Solar,168,Tuesday,June,Summer,2847,10,11
5/5/2022,Wind,125,Thursday,May,Spring,4773,18,19
1/24/2022,Wind,24,Monday,January,Winter,3152,5,6
4/10/2022,Wind,100,Sunday,April,Spring,1159,4,5
6/25/2022,Solar,176,Saturday,June,Summer,3517,9,10
1/4/2024,Wind,4,Thursday,January,Winter,14378,3,4
11/4/2022,Wind,308,Friday,November,Fall,6204,18,19
9/11/2022,Solar,254,Sunday,September,Fall,3065,9,10
2/3/2025,Solar,34,Monday,February,Winter,5030,15,16
12/23/2020,Wind,358,Wednesday,December,Winter,6510,4,5
11/16/2025,Wind,320,Sunday,November,Fall,3904,9,10
1/27/2024,Wind,27,Saturday,January,Winter,3182,7,8
7/25/2022,Wind,206,Monday,July,Summer,8397,20,21
6/20/2020,Wind,172,Saturday,June,Summer,1426,23,0
1/16/2024,Solar,16,Tuesday,January,Winter,2836,14,15
3/18/2020,Wind,78,Wednesday,March,Spring,912,5,6
3/10/2020,Wind,70,Tuesday,March,Spring,11868,6,7
6/10/2020,Wind,162,Wednesday,June,Summer,1641,3,4
2/2/2020,Wind,33,Sunday,February,Winter,7810,22,23
12/16/2022,Wind,350,Friday,December,Winter,3067,20,21
4/29/2024,Wind,120,Monday,April,Spring,1955,2,3
3/31/2020,Wind,91,Tuesday,March,Spring,6413,3,4
2/14/2024,Wind,45,Wednesday,February,Winter,8443,5,6
5/30/2024,Wind,151,Thursday,May,Spring,11121,13,14
10/29/2022,Wind,302,Saturday,October,Fall,4725,2,3
10/1/2025,Wind,274,Wednesday,October,Fall,2697,8,9
9/17/2022,Wind,260,Saturday,September,Fall,3752,22,23
6/20/2022,Wind,171,Monday,June,Summer,5153,19,20
10/17/2020,Wind,291,Saturday,October,Fall,1180,0,1
1/23/2025,Wind,23,Thursday,January,Winter,5575,7,8
5/26/2022,Wind,146,Thursday,May,Spring,4395,22,23
6/7/2020,Wind,159,Sunday,June,Summer,1900,7,8
3/16/2025,Wind,75,Sunday,March,Spring,5953,20,21
9/28/2020,Wind,272,Monday,September,Fall,6422,14,15
5/13/2025,Solar,133,Tuesday,May,Spring,3975,14,15
10/6/2024,Wind,280,Sunday,October,Fall,10529,15,16
5/26/2021,Wind,146,Wednesday,May,Spring,9676,16,17
5/6/2023,Wind,126,Saturday,May,Spring,1401,20,21
10/10/2020,Wind,284,Saturday,October,Fall,4564,18,19
6/18/2022,Solar,169,Saturday,June,Summer,7191,12,13
7/18/2023,Wind,199,Tuesday,July,Summer,1191,0,1
3/15/2021,Wind,74,Monday,March,Spring,5328,21,22
11/15/2024,Wind,320,Friday,November,Fall,1582,18,19
2/23/2020,Wind,54,Sunday,February,Winter,10947,6,7
10/14/2024,Wind,288,Monday,October,Fall,731,21,22
1/19/2024,Solar,19,Friday,January,Winter,4288,14,15
12/3/2021,Wind,337,Friday,December,Winter,2552,1,2
2/20/2020,Wind,51,Thursday,February,Winter,6755,6,7
9/24/2020,Wind,268,Thursday,September,Fall,9152,12,13
1/8/2022,Wind,8,Saturday,January,Winter,15253,16,17
7/19/2021,Wind,200,Monday,July,Summer,4541,5,6
6/1/2021,Solar,152,Tuesday,June,Summer,6304,15,16
4/10/2021,Wind,100,Saturday,April,Spring,3562,5,6
1/12/2021,Wind,12,Tuesday,January,Winter,13078,9,10
6/17/2023,Wind,168,Saturday,June,Summer,893,4,5
3/14/2024,Solar,74,Thursday,March,Spring,9953,12,13
7/30/2020,Solar,212,Thursday,July,Summer,2588,18,19
12/7/2023,Wind,341,Thursday,December,Winter,11616,19,20
12/5/2020,Wind,340,Saturday,December,Winter,6382,14,15
6/16/2022,Solar,167,Thursday,June,Summer,6807,12,13
9/6/2020,Wind,250,Sunday,September,Fall,2002,19,20
1/17/2025,Wind,17,Friday,January,Winter,2337,1,2
7/27/2024,Wind,209,Saturday,July,Summer,484,4,5
4/23/2025,Wind,113,Wednesday,April,Spring,9282,7,8
7/2/2021,Wind,183,Friday,July,Summer,761,21,22
5/30/2022,Wind,150,Monday,May,Spring,4567,0,1
9/19/2020,Wind,263,Saturday,September,Fall,3546,10,11
4/12/2022,Wind,102,Tuesday,April,Spring,7992,5,6
3/10/2025,Wind,69,Monday,March,Spring,749,18,19
10/10/2020,Wind,284,Saturday,October,Fall,7237,14,15
11/13/2024,Wind,318,Wednesday,November,Fall,6598,5,6
2/27/2020,Wind,58,Thursday,February,Winter,6021,22,23
1/21/2025,Wind,21,Tuesday,January,Winter,7036,21,22
3/8/2025,Wind,67,Saturday,March,Spring,14806,15,16
10/15/2023,Wind,288,Sunday,October,Fall,5164,21,22
8/8/2021,Wind,220,Sunday,August,Summer,4708,7,8
4/3/2020,Solar,94,Friday,April,Spring,2778,9,10
4/11/2021,Wind,101,Sunday,April,Spring,7157,10,11
7/5/2020,Wind,187,Sunday,July,Summer,11252,13,14
10/27/2025,Wind,300,Monday,October,Fall,8513,22,23
12/1/2023,Wind,335,Friday,December,Winter,4845,22,23
11/9/2021,Solar,313,Tuesday,November,Fall,4642,13,14
1/25/2020,Wind,25,Saturday,January,Winter,1541,18,19
7/1/2022,Solar,182,Friday,July,Summer,5623,17,18
4/1/2023,Wind,91,Saturday,April,Spring,17592,12,13
2/17/2024,Wind,48,Saturday,February,Winter,2567,8,9
3/18/2021,Wind,77,Thursday,March,Spring,4446,0,1
11/26/2020,Wind,331,Thursday,November,Fall,3078,0,1
3/16/2025,Wind,75,Sunday,March,Spring,9153,2,3
12/29/2020,Wind,364,Tuesday,December,Winter,4715,10,11
2/14/2022,Wind,45,Monday,February,Winter,8457,15,16
10/10/2021,Solar,283,Sunday,October,Fall,3224,10,11
12/28/2022,Wind,362,Wednesday,December,Winter,16048,22,23
2/1/2025,Wind,32,Saturday,February,Winter,2067,17,18
5/15/2024,Wind,136,Wednesday,May,Spring,1891,23,0
4/25/2021,Wind,115,Sunday,April,Spring,10647,12,13
9/11/2021,Solar,254,Saturday,September,Fall,2694,9,10
6/8/2021,Solar,159,Tuesday,June,Summer,4944,13,14
5/10/2024,Solar,131,Friday,May,Spring,11358,13,14
3/17/2023,Wind,76,Friday,March,Spring,6971,3,4
4/30/2020,Wind,121,Thursday,April,Spring,10827,12,13
7/2/2022,Wind,183,Saturday,July,Summer,1821,7,8
7/19/2022,Solar,200,Tuesday,July,Summer,10151,12,13
5/16/2022,Solar,136,Monday,May,Spring,7588,10,11
1/31/2023,Wind,31,Tuesday,January,Winter,6119,21,22
4/5/2021,Wind,95,Monday,April,Spring,9721,18,19
6/15/2021,Solar,166,Tuesday,June,Summer,4881,14,15
10/13/2022,Wind,286,Thursday,October,Fall,3752,19,20
8/9/2024,Wind,222,Friday,August,Summer,11115,17,18
12/14/2020,Wind,349,Monday,December,Winter,6175,23,0
7/17/2020,Wind,199,Friday,July,Summer,2074,8,9
5/17/2022,Solar,137,Tuesday,May,Spring,7524,14,15
3/16/2024,Wind,76,Saturday,March,Spring,6169,5,6
9/1/2023,Solar,244,Friday,September,Fall,10057,11,12
5/6/2021,Wind,126,Thursday,May,Spring,4709,9,10
4/3/2020,Solar,94,Friday,April,Spring,4672,15,16
3/22/2025,Wind,81,Saturday,March,Spring,9814,2,3
5/19/2024,Solar,140,Sunday,May,Spring,2111,8,9
4/5/2024,Wind,96,Friday,April,Spring,8341,22,23
6/17/2024,Solar,169,Monday,June,Summer,4536,18,19
1/13/2020,Wind,13,Monday,January,Winter,12067,23,0
4/9/2023,Wind,99,Sunday,April,Spring,3277,4,5
7/13/2025,Solar,194,Sunday,July,Summer,8642,11,12
10/21/2020,Wind,295,Wednesday,October,Fall,8525,1,2
9/2/2021,Wind,245,Thursday,September,Fall,5182,21,22
8/9/2024,Solar,222,Friday,August,Summer,7776,14,15
11/4/2023,Wind,308,Saturday,November,Fall,15364,21,22
12/10/2020,Wind,345,Thursday,December,Winter,7155,23,0
3/26/2021,Wind,85,Friday,March,Spring,3310,4,5
5/5/2023,Wind,125,Friday,May,Spring,3564,8,9
7/29/2022,Wind,210,Friday,July,Summer,2221,22,23
11/7/2022,Wind,311,Monday,November,Fall,13020,9,10
2/24/2024,Wind,55,Saturday,February,Winter,7647,5,6
8/11/2022,Wind,223,Thursday,August,Summer,5645,18,19
7/6/2023,Wind,187,Thursday,July,Summer,1216,2,3
2/10/2021,Wind,41,Wednesday,February,Winter,8028,0,1
12/16/2023,Wind,350,Saturday,December,Winter,2079,0,1
12/25/2024,Wind,360,Wednesday,December,Winter,1456,7,8
9/14/2024,Wind,258,Saturday,September,Fall,5204,18,19
4/10/2025,Solar,100,Thursday,April,Spring,7062,15,16
11/4/2021,Wind,308,Thursday,November,Fall,4756,10,11
1/22/2023,Wind,22,Sunday,January,Winter,3778,18,19
3/2/2025,Wind,61,Sunday,March,Spring,9188,4,5
1/25/2023,Solar,25,Wednesday,January,Winter,2569,14,15
9/10/2020,Wind,254,Thursday,September,Fall,1520,20,21
7/27/2025,Solar,208,Sunday,July,Summer,6833,10,11
1/10/2025,Wind,10,Friday,January,Winter,2750,22,23
11/24/2023,Wind,328,Friday,November,Fall,8408,0,1
4/6/2020,Wind,97,Monday,April,Spring,966,22,23
7/22/2024,Solar,204,Monday,July,Summer,6427,9,10
3/12/2021,Wind,71,Friday,March,Spring,13843,10,11
10/7/2020,Wind,281,Wednesday,October,Fall,7758,11,12
1/6/2022,Wind,6,Thursday,January,Winter,8061,22,23
10/8/2024,Wind,282,Tuesday,October,Fall,13480,21,22
3/21/2022,Wind,80,Monday,March,Spring,3843,1,2
11/11/2022,Wind,315,Friday,November,Fall,4636,20,21
9/6/2022,Solar,249,Tuesday,September,Fall,3950,9,10
8/17/2024,Solar,230,Saturday,August,Summer,4697,17,18
9/18/2022,Wind,261,Sunday,September,Fall,2468,4,5
11/7/2024,Wind,312,Thursday,November,Fall,3132,23,0
3/18/2020,Solar,78,Wednesday,March,Spring,2451,9,10
3/22/2021,Wind,81,Monday,March,Spring,4096,17,18
10/11/2020,Wind,285,Sunday,October,Fall,3648,9,10
7/12/2022,Solar,193,Tuesday,July,Summer,2983,8,9
11/20/2021,Wind,324,Saturday,November,Fall,236,19,20
10/21/2024,Wind,295,Monday,October,Fall,5157,17,18
7/20/2025,Wind,201,Sunday,July,Summer,8828,10,11
8/26/2021,Wind,238,Thursday,August,Summer,3657,1,2
8/19/2023,Solar,231,Saturday,August,Summer,8401,14,15
4/6/2020,Wind,97,Monday,April,Spring,1385,19,20
12/16/2021,Wind,350,Thursday,December,Winter,4476,10,11
2/16/2023,Wind,47,Thursday,February,Winter,7058,17,18
8/24/2022,Wind,236,Wednesday,August,Summer,761,1,2
12/24/2022,Wind,358,Saturday,December,Winter,6293,12,13
11/17/2020,Wind,322,Tuesday,November,Fall,4521,3,4
5/7/2025,Solar,127,Wednesday,May,Spring,11797,11,12
5/7/2020,Wind,128,Thursday,May,Spring,2084,5,6
11/14/2023,Wind,318,Tuesday,November,Fall,11741,7,8
11/5/2022,Wind,309,Saturday,November,Fall,7136,14,15
2/22/2023,Wind,53,Wednesday,February,Winter,3325,7,8
7/26/2020,Wind,208,Sunday,July,Summer,3846,8,9
4/1/2025,Wind,91,Tuesday,April,Spring,10679,4,5
9/2/2020,Solar,246,Wednesday,September,Fall,4398,12,13
5/6/2021,Wind,126,Thursday,May,Spring,8681,16,17
12/29/2023,Wind,363,Friday,December,Winter,15215,14,15
4/15/2024,Wind,106,Monday,April,Spring,17967,18,19
2/18/2023,Wind,49,Saturday,February,Winter,7421,20,21
11/13/2020,Wind,318,Friday,November,Fall,7388,11,12
1/19/2021,Wind,19,Tuesday,January,Winter,11476,20,21
8/11/2023,Solar,223,Friday,August,Summer,4059,9,10
9/13/2020,Solar,257,Sunday,September,Fall,3213,16,17
11/27/2024,Wind,332,Wednesday,November,Fall,12902,17,18
10/23/2020,Wind,297,Friday,October,Fall,4235,13,14
6/15/2023,Wind,166,Thursday,June,Summer,2308,4,5
8/27/2025,Wind,239,Wednesday,August,Summer,1556,21,22
6/24/2025,Wind,175,Tuesday,June,Summer,2498,3,4
12/25/2021,Wind,359,Saturday,December,Winter,1551,23,0
11/30/2024,Solar,335,Saturday,November,Fall,4004,14,15
2/20/2025,Wind,51,Thursday,February,Winter,8106,18,19
7/18/2024,Solar,200,Thursday,July,Summer,4225,18,19
8/25/2024,Wind,238,Sunday,August,Summer,3859,6,7
7/9/2023,Solar,190,Sunday,July,Summer,5804,17,18
1/20/2023,Wind,20,Friday,January,Winter,1856,0,1
4/21/2022,Wind,111,Thursday,April,Spring,3414,8,9
7/10/2025,Wind,191,Thursday,July,Summer,2497,2,3
8/1/2020,Wind,214,Saturday,August,Summer,1790,4,5
7/25/2025,Solar,206,Friday,July,Summer,9149,16,17
10/15/2025,Solar,288,Wednesday,October,Fall,10830,14,15
1/27/2023,Wind,27,Friday,January,Winter,8128,16,17
4/6/2021,Wind,96,Tuesday,April,Spring,11811,16,17
12/18/2021,Wind,352,Saturday,December,Winter,6176,19,20
12/30/2024,Wind,365,Monday,December,Winter,737,7,8
4/11/2025,Wind,101,Friday,April,Spring,3498,5,6
10/27/2024,Wind,301,Sunday,October,Fall,354,21,22
9/7/2020,Wind,251,Monday,September,Fall,1634,5,6
3/18/2025,Wind,77,Tuesday,March,Spring,15078,9,10
1/30/2024,Wind,30,Tuesday,January,Winter,872,23,0
9/2/2025,Wind,245,Tuesday,September,Fall,6994,6,7
5/25/2021,Wind,145,Tuesday,May,Spring,14361,16,17
6/9/2021,Solar,160,Wednesday,June,Summer,5010,12,13
9/2/2022,Solar,245,Friday,September,Fall,4587,15,16
3/11/2022,Wind,70,Friday,March,Spring,13916,15,16
11/11/2021,Wind,315,Thursday,November,Fall,959,6,7
5/19/2020,Wind,140,Tuesday,May,Spring,4172,2,3
8/16/2021,Wind,228,Monday,August,Summer,3477,3,4
9/5/2022,Wind,248,Monday,September,Fall,6757,17,18
6/27/2022,Solar,178,Monday,June,Summer,7149,14,15
12/27/2022,Wind,361,Tuesday,December,Winter,5819,16,17
9/9/2023,Wind,252,Saturday,September,Fall,2366,7,8
12/9/2021,Wind,343,Thursday,December,Winter,5973,2,3
6/20/2020,Wind,172,Saturday,June,Summer,878,7,8
4/6/2020,Wind,97,Monday,April,Spring,7748,4,5
10/18/2024,Wind,292,Friday,October,Fall,5599,2,3
8/11/2022,Wind,223,Thursday,August,Summer,4509,7,8
3/23/2025,Wind,82,Sunday,March,Spring,5083,7,8
9/1/2020,Wind,245,Tuesday,September,Fall,2409,23,0
3/8/2023,Wind,67,Wednesday,March,Spring,15283,23,0
2/6/2021,Wind,37,Saturday,February,Winter,2397,1,2
3/22/2021,Wind,81,Monday,March,Spring,2801,21,22
10/19/2020,Wind,293,Monday,October,Fall,2726,7,8
7/9/2020,Solar,191,Thursday,July,Summer,7338,14,15
4/1/2024,Wind,92,Monday,April,Spring,13534,11,12
4/19/2024,Wind,110,Friday,April,Spring,8252,22,23
12/7/2023,Wind,341,Thursday,December,Winter,11086,20,21
4/29/2025,Solar,119,Tuesday,April,Spring,10040,11,12
1/15/2021,Wind,15,Friday,January,Winter,6251,7,8
9/22/2025,Wind,265,Monday,September,Fall,7693,1,2
8/17/2023,Wind,229,Thursday,August,Summer,2308,2,3
6/11/2025,Wind,162,Wednesday,June,Summer,2243,3,4
7/12/2023,Wind,193,Wednesday,July,Summer,3524,1,2
1/28/2025,Wind,28,Tuesday,January,Winter,18923,18,19
8/14/2020,Wind,227,Friday,August,Summer,2012,7,8
5/18/2025,Wind,138,Sunday,May,Spring,2653,4,5
8/15/2025,Wind,227,Friday,August,Summer,5806,19,20
2/19/2025,Solar,50,Wednesday,February,Winter,6522,15,16
11/22/2023,Wind,326,Wednesday,November,Fall,7927,11,12
1/19/2025,Wind,19,Sunday,January,Winter,769,7,8
12/8/2024,Wind,343,Sunday,December,Winter,17862,10,11
2/7/2022,Wind,38,Monday,February,Winter,5299,7,8
3/31/2020,Wind,91,Tuesday,March,Spring,7584,20,21
2/20/2023,Solar,51,Monday,February,Winter,7440,12,13
5/9/2024,Solar,130,Thursday,May,Spring,5656,12,13
8/22/2020,Wind,235,Saturday,August,Summer,3876,22,23
4/5/2023,Solar,95,Wednesday,April,Spring,4064,9,10
8/14/2020,Solar,227,Friday,August,Summer,3767,10,11
8/12/2023,Wind,224,Saturday,August,Summer,4643,19,20
9/20/2020,Wind,264,Sunday,September,Fall,1794,0,1
12/9/2023,Wind,343,Saturday,December,Winter,17844,19,20
8/7/2022,Wind,219,Sunday,August,Summer,7226,23,0
10/5/2020,Wind,279,Monday,October,Fall,10309,17,18
10/18/2022,Wind,291,Tuesday,October,Fall,2808,18,19
6/13/2020,Wind,165,Saturday,June,Summer,5469,12,13
10/3/2024,Wind,277,Thursday,October,Fall,5982,20,21
6/5/2025,Wind,156,Thursday,June,Summer,9695,16,17
11/16/2021,Wind,320,Tuesday,November,Fall,869,1,2
2/16/2025,Wind,47,Sunday,February,Winter,3812,4,5
5/1/2025,Wind,121,Thursday,May,Spring,6010,1,2
3/25/2025,Wind,84,Tuesday,March,Spring,3477,22,23
10/13/2023,Wind,286,Friday,October,Fall,14936,18,19
11/2/2024,Wind,307,Saturday,November,Fall,1474,1,2
8/5/2025,Wind,217,Tuesday,August,Summer,8978,19,20
1/3/2025,Wind,3,Friday,January,Winter,3424,19,20
10/18/2025,Wind,291,Saturday,October,Fall,5680,7,8
11/21/2025,Wind,325,Friday,November,Fall,7895,10,11
3/14/2021,Wind,73,Sunday,March,Spring,13005,11,12
1/18/2021,Wind,18,Monday,January,Winter,5336,11,12
4/27/2022,Wind,117,Wednesday,April,Spring,8140,17,18
2/7/2020,Wind,38,Friday,February,Winter,5641,13,14
8/30/2021,Wind,242,Monday,August,Summer,2958,5,6
6/13/2023,Wind,164,Tuesday,June,Summer,2835,4,5
7/21/2022,Solar,202,Thursday,July,Summer,3527,18,19
11/6/2025,Wind,310,Thursday,November,Fall,6706,9,10
10/7/2025,Wind,280,Tuesday,October,Fall,2045,8,9
7/14/2023,Wind,195,Friday,July,Summer,7604,21,22
8/2/2021,Solar,214,Monday,August,Summer,5176,16,17
5/3/2022,Wind,123,Tuesday,May,Spring,3380,7,8
1/14/2021,Wind,14,Thursday,January,Winter,8733,0,1
10/6/2025,Wind,279,Monday,October,Fall,3869,4,5
4/4/2024,Wind,95,Thursday,April,Spring,15683,7,8
2/17/2022,Wind,48,Thursday,February,Winter,15660,0,1
1/14/2021,Wind,14,Thursday,January,Winter,10513,18,19
1/23/2024,Wind,23,Tuesday,January,Winter,16343,17,18
11/8/2023,Wind,312,Wednesday,November,Fall,13683,23,0
10/30/2025,Wind,303,Thursday,October,Fall,6800,19,20
6/9/2021,Wind,160,Wednesday,June,Summer,828,6,7
3/2/2024,Wind,62,Saturday,March,Spring,3355,23,0
10/14/2020,Wind,288,Wednesday,October,Fall,2812,7,8
8/22/2024,Solar,235,Thursday,August,Summer,7785,9,10
11/4/2025,Wind,308,Tuesday,November,Fall,12970,17,18
8/28/2023,Wind,240,Monday,August,Summer,7680,17,18
2/21/2023,Wind,52,Tuesday,February,Winter,2757,22,23
5/4/2025,Wind,124,Sunday,May,Spring,11154,21,22
9/19/2023,Wind,262,Tuesday,September,Fall,8549,18,19
3/14/2020,Wind,74,Saturday,March,Spring,2707,5,6
1/27/2024,Wind,27,Saturday,January,Winter,2417,5,6
2/19/2024,Wind,50,Monday,February,Winter,5181,1,2
1/10/2021,Wind,10,Sunday,January,Winter,4067,19,20
12/14/2024,Wind,349,Saturday,December,Winter,4718,14,15
1/18/2024,Wind,18,Thursday,January,Winter,7575,10,11
6/16/2022,Wind,167,Thursday,June,Summer,2343,7,8
1/23/2024,Wind,23,Tuesday,January,Winter,16853,22,23
8/6/2023,Wind,218,Sunday,August,Summer,17628,14,15
3/10/2025,Solar,69,Monday,March,Spring,1879,17,18
9/1/2024,Wind,245,Sunday,September,Fall,3394,6,7
2/26/2022,Wind,57,Saturday,February,Winter,9911,23,0
10/28/2025,Wind,301,Tuesday,October,Fall,6432,20,21
7/9/2020,Wind,191,Thursday,July,Summer,1360,4,5
12/24/2022,Wind,358,Saturday,December,Winter,6036,10,11
1/2/2024,Wind,2,Tuesday,January,Winter,17429,17,18
4/16/2022,Solar,106,Saturday,April,Spring,11298,15,16
2/15/2023,Wind,46,Wednesday,February,Winter,4483,4,5
2/17/2024,Solar,48,Saturday,February,Winter,7320,13,14
2/7/2024,Wind,38,Wednesday,February,Winter,16373,3,4
5/10/2020,Wind,131,Sunday,May,Spring,2043,6,7
2/4/2025,Wind,35,Tuesday,February,Winter,3060,23,0
4/18/2024,Wind,109,Thursday,April,Spring,3812,19,20
6/13/2020,Wind,165,Saturday,June,Summer,5712,14,15
7/15/2022,Wind,196,Friday,July,Summer,3960,23,0
2/8/2022,Wind,39,Tuesday,February,Winter,2555,17,18
10/28/2020,Wind,302,Wednesday,October,Fall,8025,0,1
7/3/2021,Solar,184,Saturday,July,Summer,4146,12,13
7/15/2021,Wind,196,Thursday,July,Summer,9480,13,14
6/3/2022,Solar,154,Friday,June,Summer,3007,9,10
4/19/2023,Wind,109,Wednesday,April,Spring,5832,20,21
4/20/2025,Wind,110,Sunday,April,Spring,4724,14,15
8/13/2025,Solar,225,Wednesday,August,Summer,6254,16,17
11/4/2024,Wind,309,Monday,November,Fall,3123,8,9
7/27/2022,Solar,208,Wednesday,July,Summer,5742,17,18
6/2/2023,Wind,153,Friday,June,Summer,7448,1,2
9/24/2025,Wind,267,Wednesday,September,Fall,4188,21,22
4/7/2025,Wind,97,Monday,April,Spring,5623,5,6
4/30/2020,Wind,121,Thursday,April,Spring,7964,6,7
2/20/2020,Wind,51,Thursday,February,Winter,11692,17,18
4/13/2025,Wind,103,Sunday,April,Spring,8982,0,1
3/9/2022,Wind,68,Wednesday,March,Spring,4907,8,9
10/16/2024,Wind,290,Wednesday,October,Fall,9305,23,0
2/17/2021,Wind,48,Wednesday,February,Winter,8384,23,0
2/12/2025,Wind,43,Wednesday,February,Winter,2424,4,5
6/17/2024,Solar,169,Monday,June,Summer,8345,14,15
3/16/2022,Wind,75,Wednesday,March,Spring,4232,6,7
9/21/2020,Wind,265,Monday,September,Fall,748,5,6
2/2/2023,Wind,33,Thursday,February,Winter,7717,0,1
9/1/2021,Wind,244,Wednesday,September,Fall,6336,0,1
7/3/2022,Solar,184,Sunday,July,Summer,4056,9,10
11/24/2024,Wind,329,Sunday,November,Fall,19997,16,17
2/27/2020,Wind,58,Thursday,February,Winter,10405,7,8
10/14/2023,Wind,287,Saturday,October,Fall,11104,3,4
8/8/2022,Solar,220,Monday,August,Summer,10618,13,14
1/15/2025,Solar,15,Wednesday,January,Winter,5527,10,11
6/8/2025,Wind,159,Sunday,June,Summer,9165,18,19
6/1/2021,Wind,152,Tuesday,June,Summer,5624,16,17
8/7/2024,Solar,220,Wednesday,August,Summer,8258,13,14
4/13/2020,Wind,104,Monday,April,Spring,2806,1,2
5/17/2022,Solar,137,Tuesday,May,Spring,4803,18,19
10/17/2025,Solar,290,Friday,October,Fall,10238,15,16
9/13/2024,Wind,257,Friday,September,Fall,5468,5,6
10/7/2022,Solar,280,Friday,October,Fall,5162,15,16
6/30/2020,Wind,182,Tuesday,June,Summer,3408,5,6
3/2/2021,Wind,61,Tuesday,March,Spring,4406,1,2
6/14/2020,Wind,166,Sunday,June,Summer,3033,5,6
11/25/2022,Wind,329,Friday,November,Fall,5906,13,14
12/12/2024,Solar,347,Thursday,December,Winter,5532,11,12
9/14/2020,Solar,258,Monday,September,Fall,3928,10,11
1/5/2021,Wind,5,Tuesday,January,Winter,2553,14,15
11/10/2022,Wind,314,Thursday,November,Fall,3569,2,3
6/23/2020,Solar,175,Tuesday,June,Summer,5022,17,18
12/14/2021,Wind,348,Tuesday,December,Winter,697,1,2
3/15/2021,Wind,74,Monday,March,Spring,10033,1,2
12/23/2020,Wind,358,Wednesday,December,Winter,12383,21,22
7/21/2024,Wind,203,Sunday,July,Summer,5492,23,0
1/3/2023,Wind,3,Tuesday,January,Winter,12367,20,21
2/7/2023,Wind,38,Tuesday,February,Winter,4857,17,18
6/2/2024,Wind,154,Sunday,June,Summer,6195,2,3
2/3/2023,Wind,34,Friday,February,Winter,6280,6,7
11/22/2025,Wind,326,Saturday,November,Fall,10609,18,19
2/8/2023,Wind,39,Wednesday,February,Winter,6001,9,10
12/28/2023,Wind,362,Thursday,December,Winter,13567,22,23
8/19/2022,Wind,231,Friday,August,Summer,2636,23,0
9/2/2020,Solar,246,Wednesday,September,Fall,3171,17,18
8/6/2023,Wind,218,Sunday,August,Summer,14227,9,10
6/9/2020,Wind,161,Tuesday,June,Summer,3066,19,20
8/25/2021,Solar,237,Wednesday,August,Summer,6184,10,11
12/5/2022,Wind,339,Monday,December,Winter,745,5,6
6/11/2024,Wind,163,Tuesday,June,Summer,2556,21,22
11/2/2020,Wind,307,Monday,November,Fall,7368,18,19
7/28/2025,Wind,209,Monday,July,Summer,4142,4,5
6/12/2025,Wind,163,Thursday,June,Summer,7051,7,8
1/20/2024,Solar,20,Saturday,January,Winter,6955,13,14
12/2/2020,Wind,337,Wednesday,December,Winter,6005,0,1
1/12/2023,Wind,12,Thursday,January,Winter,18143,13,14
12/7/2023,Wind,341,Thursday,December,Winter,3871,2,3
10/24/2020,Wind,298,Saturday,October,Fall,6496,4,5
5/26/2021,Wind,146,Wednesday,May,Spring,10741,14,15
4/16/2020,Wind,107,Thursday,April,Spring,4412,9,10
2/23/2022,Wind,54,Wednesday,February,Winter,4731,0,1
7/4/2021,Wind,185,Sunday,July,Summer,945,1,2
7/11/2020,Wind,193,Saturday,July,Summer,3841,22,23
9/6/2022,Solar,249,Tuesday,September,Fall,5098,10,11
4/8/2021,Solar,98,Thursday,April,Spring,2512,9,10
11/7/2020,Wind,312,Saturday,November,Fall,4651,19,20
9/6/2024,Wind,250,Friday,September,Fall,3317,23,0
5/9/2022,Solar,129,Monday,May,Spring,5817,15,16
10/12/2023,Wind,285,Thursday,October,Fall,3414,21,22
12/21/2023,Wind,355,Thursday,December,Winter,18315,10,11
4/15/2020,Wind,106,Wednesday,April,Spring,7334,11,12
7/3/2021,Wind,184,Saturday,July,Summer,2491,19,20
5/13/2022,Solar,133,Friday,May,Spring,2490,8,9
4/13/2025,Wind,103,Sunday,April,Spring,9216,4,5
7/30/2020,Wind,212,Thursday,July,Summer,2458,7,8
4/3/2020,Wind,94,Friday,April,Spring,2210,3,4
12/22/2021,Solar,356,Wednesday,December,Winter,4599,12,13
1/4/2021,Wind,4,Monday,January,Winter,1576,6,7
11/16/2023,Wind,320,Thursday,November,Fall,10803,19,20
3/14/2024,Solar,74,Thursday,March,Spring,9275,11,12
3/25/2021,Wind,84,Thursday,March,Spring,2018,0,1
5/25/2024,Wind,146,Saturday,May,Spring,559,4,5
12/18/2023,Wind,352,Monday,December,Winter,3919,19,20
6/6/2022,Wind,157,Monday,June,Summer,2342,2,3
7/20/2024,Wind,202,Saturday,July,Summer,3228,22,23
2/12/2024,Solar,43,Monday,February,Winter,4159,14,15
8/19/2023,Solar,231,Saturday,August,Summer,7735,12,13
7/27/2025,Solar,208,Sunday,July,Summer,11229,15,16
7/19/2021,Wind,200,Monday,July,Summer,4238,22,23
12/3/2021,Wind,337,Friday,December,Winter,10812,10,11
3/2/2021,Solar,61,Tuesday,March,Spring,4176,12,13
11/22/2024,Wind,327,Friday,November,Fall,16368,12,13
11/26/2025,Wind,330,Wednesday,November,Fall,6726,3,4
9/9/2024,Wind,253,Monday,September,Fall,9715,1,2
3/8/2020,Wind,68,Sunday,March,Spring,8287,2,3
7/11/2023,Solar,192,Tuesday,July,Summer,3309,8,9
8/19/2022,Wind,231,Friday,August,Summer,2631,22,23
9/5/2020,Solar,249,Saturday,September,Fall,4275,11,12
6/25/2025,Solar,176,Wednesday,June,Summer,6948,17,18
5/21/2025,Wind,141,Wednesday,May,Spring,5000,23,0
12/3/2024,Solar,338,Tuesday,December,Winter,2679,14,15
4/17/2022,Wind,107,Sunday,April,Spring,5772,7,8
9/10/2020,Wind,254,Thursday,September,Fall,1696,18,19
6/9/2024,Solar,161,Sunday,June,Summer,3803,11,12
5/18/2024,Solar,139,Saturday,May,Spring,3094,12,13
11/10/2022,Wind,314,Thursday,November,Fall,4139,22,23
9/27/2022,Wind,270,Tuesday,September,Fall,6708,5,6
5/16/2024,Wind,137,Thursday,May,Spring,847,22,23
10/13/2021,Wind,286,Wednesday,October,Fall,1863,19,20
10/19/2022,Wind,292,Wednesday,October,Fall,8533,16,17
1/15/2020,Wind,15,Wednesday,January,Winter,5712,18,19
3/15/2024,Wind,75,Friday,March,Spring,18195,13,14
10/6/2020,Wind,280,Tuesday,October,Fall,10584,2,3
7/27/2021,Wind,208,Tuesday,July,Summer,3440,20,21
2/19/2025,Wind,50,Wednesday,February,Winter,7729,21,22
10/29/2020,Wind,303,Thursday,October,Fall,8306,14,15
4/13/2025,Wind,103,Sunday,April,Spring,8594,9,10
1/22/2022,Solar,22,Saturday,January,Winter,4368,15,16
10/3/2022,Solar,276,Monday,October,Fall,2282,9,10
10/19/2023,Wind,292,Thursday,October,Fall,9890,3,4
9/2/2020,Wind,246,Wednesday,September,Fall,1441,8,9
2/1/2022,Wind,32,Tuesday,February,Winter,12318,18,19
7/26/2024,Wind,208,Friday,July,Summer,1499,5,6
2/27/2023,Wind,58,Monday,February,Winter,11222,21,22
2/9/2020,Wind,40,Sunday,February,Winter,12401,18,19
7/16/2024,Wind,198,Tuesday,July,Summer,7839,5,6
6/6/2021,Wind,157,Sunday,June,Summer,1717,4,5
5/5/2021,Wind,125,Wednesday,May,Spring,3697,23,0
2/17/2020,Wind,48,Monday,February,Winter,11711,12,13
6/20/2021,Wind,171,Sunday,June,Summer,4138,3,4
12/20/2023,Wind,354,Wednesday,December,Winter,9444,10,11
8/30/2020,Wind,243,Sunday,August,Summer,4156,20,21
7/26/2021,Solar,207,Monday,July,Summer,7000,16,17
9/9/2022,Wind,252,Friday,September,Fall,14314,16,17
7/28/2023,Wind,209,Friday,July,Summer,4052,1,2
11/27/2025,Wind,331,Thursday,November,Fall,11395,14,15
3/10/2021,Wind,69,Wednesday,March,Spring,12784,15,16
8/16/2022,Solar,228,Tuesday,August,Summer,5725,15,16
5/25/2021,Wind,145,Tuesday,May,Spring,9649,0,1
2/9/2023,Solar,40,Thursday,February,Winter,2688,9,10
3/19/2020,Solar,79,Thursday,March,Spring,3544,15,16
10/15/2025,Wind,288,Wednesday,October,Fall,5298,3,4
8/25/2021,Wind,237,Wednesday,August,Summer,9861,12,13
11/8/2024,Solar,313,Friday,November,Fall,5752,11,12
6/3/2021,Wind,154,Thursday,June,Summer,1688,4,5
2/16/2020,Wind,47,Sunday,February,Winter,14158,10,11
3/29/2025,Wind,88,Saturday,March,Spring,9375,7,8
11/24/2021,Wind,328,Wednesday,November,Fall,2394,14,15
11/2/2025,Wind,306,Sunday,November,Fall,8264,3,4
10/5/2023,Wind,278,Thursday,October,Fall,1071,5,6
9/9/2021,Wind,252,Thursday,September,Fall,2632,19,20
12/11/2023,Wind,345,Monday,December,Winter,10839,10,11
8/19/2022,Wind,231,Friday,August,Summer,3436,8,9
8/28/2024,Wind,241,Wednesday,August,Summer,2065,4,5
4/27/2020,Wind,118,Monday,April,Spring,417,2,3
3/25/2022,Wind,84,Friday,March,Spring,4540,7,8
4/24/2024,Wind,115,Wednesday,April,Spring,4826,7,8
8/1/2021,Solar,213,Sunday,August,Summer,3739,9,10
8/28/2021,Wind,240,Saturday,August,Summer,4566,1,2
12/13/2024,Wind,348,Friday,December,Winter,686,20,21
12/7/2020,Wind,342,Monday,December,Winter,3185,19,20
5/26/2024,Wind,147,Sunday,May,Spring,7115,14,15
6/16/2022,Solar,167,Thursday,June,Summer,5985,11,12
3/17/2023,Wind,76,Friday,March,Spring,6670,4,5
3/26/2025,Wind,85,Wednesday,March,Spring,3645,18,19
1/17/2021,Wind,17,Sunday,January,Winter,6245,9,10
3/18/2022,Wind,77,Friday,March,Spring,6619,0,1
11/22/2025,Wind,326,Saturday,November,Fall,3067,0,1
8/6/2020,Solar,219,Thursday,August,Summer,1132,19,20
3/10/2021,Wind,69,Wednesday,March,Spring,2462,4,5
11/28/2022,Wind,332,Monday,November,Fall,4487,2,3
6/23/2024,Wind,175,Sunday,June,Summer,2516,2,3
3/29/2020,Wind,89,Sunday,March,Spring,15545,12,13
8/5/2025,Wind,217,Tuesday,August,Summer,4981,23,0
12/16/2020,Wind,351,Wednesday,December,Winter,7740,13,14
12/31/2023,Wind,365,Sunday,December,Winter,17068,20,21
8/12/2025,Wind,224,Tuesday,August,Summer,4431,3,4
9/13/2023,Wind,256,Wednesday,September,Fall,1285,1,2
2/8/2023,Wind,39,Wednesday,February,Winter,3397,4,5
5/23/2021,Wind,143,Sunday,May,Spring,7273,21,22
7/31/2025,Wind,212,Thursday,July,Summer,3693,21,22
3/19/2023,Wind,78,Sunday,March,Spring,3112,7,8
2/7/2023,Wind,38,Tuesday,February,Winter,8064,8,9
8/8/2021,Wind,220,Sunday,August,Summer,6573,9,10
9/12/2020,Solar,256,Saturday,September,Fall,1746,18,19
12/17/2023,Wind,351,Sunday,December,Winter,2111,5,6
5/9/2021,Wind,129,Sunday,May,Spring,10937,13,14
3/24/2021,Wind,83,Wednesday,March,Spring,2221,22,23
5/28/2024,Wind,149,Tuesday,May,Spring,7603,19,20
1/6/2025,Wind,6,Monday,January,Winter,18790,1,2
11/16/2024,Wind,321,Saturday,November,Fall,1285,4,5
10/21/2021,Wind,294,Thursday,October,Fall,11993,9,10
5/9/2021,Wind,129,Sunday,May,Spring,6320,22,23
5/8/2023,Wind,128,Monday,May,Spring,1709,7,8
5/5/2021,Wind,125,Wednesday,May,Spring,12083,13,14
1/12/2023,Wind,12,Thursday,January,Winter,16900,15,16
8/8/2023,Solar,220,Tuesday,August,Summer,9831,15,16
12/9/2024,Wind,344,Monday,December,Winter,13808,15,16
4/25/2021,Wind,115,Sunday,April,Spring,8232,3,4
3/29/2021,Wind,88,Monday,March,Spring,4546,2,3
2/18/2025,Solar,49,Tuesday,February,Winter,9825,14,15
4/15/2025,Wind,105,Tuesday,April,Spring,7561,23,0
3/26/2022,Wind,85,Saturday,March,Spring,8372,18,19
9/10/2024,Wind,254,Tuesday,September,Fall,16867,13,14
1/6/2022,Wind,6,Thursday,January,Winter,3292,2,3
11/5/2024,Solar,310,Tuesday,November,Fall,3849,12,13
4/17/2022,Solar,107,Sunday,April,Spring,7118,10,11
8/16/2022,Wind,228,Tuesday,August,Summer,788,2,3
2/12/2021,Wind,43,Friday,February,Winter,9076,16,17
3/16/2023,Wind,75,Thursday,March,Spring,12106,14,15
7/13/2021,Wind,194,Tuesday,July,Summer,7587,18,19
6/19/2022,Wind,170,Sunday,June,Summer,8414,9,10
2/8/2022,Wind,39,Tuesday,February,Winter,4617,7,8
1/8/2024,Wind,8,Monday,January,Winter,12237,7,8
1/19/2023,Wind,19,Thursday,January,Winter,1493,21,22
9/24/2025,Wind,267,Wednesday,September,Fall,6194,6,7
7/26/2023,Solar,207,Wednesday,July,Summer,4441,9,10
8/9/2022,Solar,221,Tuesday,August,Summer,7230,10,11
12/9/2023,Wind,343,Saturday,December,Winter,18217,13,14
12/15/2023,Wind,349,Friday,December,Winter,2695,1,2
8/18/2025,Solar,230,Monday,August,Summer,8406,15,16
10/27/2025,Wind,300,Monday,October,Fall,17402,1,2
10/24/2020,Wind,298,Saturday,October,Fall,13049,14,15
5/31/2024,Wind,152,Friday,May,Spring,6019,7,8
1/27/2023,Wind,27,Friday,January,Winter,8809,8,9
4/5/2023,Solar,95,Wednesday,April,Spring,8048,14,15
9/17/2022,Wind,260,Saturday,September,Fall,5089,5,6
9/13/2022,Wind,256,Tuesday,September,Fall,5218,16,17
11/23/2022,Wind,327,Wednesday,November,Fall,8016,1,2
7/19/2023,Wind,200,Wednesday,July,Summer,3665,6,7
2/12/2020,Wind,43,Wednesday,February,Winter,9249,0,1
9/16/2023,Solar,259,Saturday,September,Fall,4287,17,18
7/22/2025,Wind,203,Tuesday,July,Summer,11218,9,10
1/10/2024,Wind,10,Wednesday,January,Winter,2519,5,6
11/30/2021,Wind,334,Tuesday,November,Fall,12595,22,23
4/1/2021,Solar,91,Thursday,April,Spring,6136,14,15
11/14/2023,Wind,318,Tuesday,November,Fall,14411,20,21
5/13/2024,Solar,134,Monday,May,Spring,8299,10,11
4/4/2020,Wind,95,Saturday,April,Spring,1507,5,6
12/13/2023,Wind,347,Wednesday,December,Winter,8250,23,0
2/14/2020,Wind,45,Friday,February,Winter,3877,18,19
4/18/2023,Wind,108,Tuesday,April,Spring,7969,9,10
6/3/2024,Wind,155,Monday,June,Summer,2313,6,7
2/6/2021,Wind,37,Saturday,February,Winter,3721,14,15
12/5/2023,Wind,339,Tuesday,December,Winter,11763,8,9
11/17/2021,Wind,321,Wednesday,November,Fall,1735,1,2
4/1/2025,Wind,91,Tuesday,April,Spring,16314,21,22
11/12/2020,Wind,317,Thursday,November,Fall,3830,23,0
3/29/2023,Wind,88,Wednesday,March,Spring,10029,20,21
8/18/2025,Wind,230,Monday,August,Summer,6436,1,2
1/16/2023,Wind,16,Monday,January,Winter,10560,18,19
6/25/2023,Solar,176,Sunday,June,Summer,7617,12,13
7/10/2020,Wind,192,Friday,July,Summer,6004,14,15
5/3/2020,Solar,124,Sunday,May,Spring,2715,18,19
7/11/2023,Wind,192,Tuesday,July,Summer,1440,2,3
1/19/2025,Wind,19,Sunday,January,Winter,1247,23,0
9/15/2025,Wind,258,Monday,September,Fall,11829,13,14
2/21/2020,Wind,52,Friday,February,Winter,4526,4,5
4/3/2020,Wind,94,Friday,April,Spring,2045,4,5
11/16/2020,Wind,321,Monday,November,Fall,8791,9,10
1/8/2024,Wind,8,Monday,January,Winter,11527,0,1
1/5/2023,Wind,5,Thursday,January,Winter,5141,17,18
2/13/2022,Wind,44,Sunday,February,Winter,7754,3,4
6/24/2022,Wind,175,Friday,June,Summer,10605,17,18
6/6/2022,Solar,157,Monday,June,Summer,8772,14,15
11/25/2025,Wind,329,Tuesday,November,Fall,10545,20,21
12/21/2024,Wind,356,Saturday,December,Winter,11019,10,11
7/4/2025,Solar,185,Friday,July,Summer,10382,14,15
4/3/2025,Wind,93,Thursday,April,Spring,6607,22,23
5/27/2020,Wind,148,Wednesday,May,Spring,3233,7,8
7/20/2025,Wind,201,Sunday,July,Summer,9310,19,20
8/3/2025,Wind,215,Sunday,August,Summer,1880,2,3
1/19/2021,Wind,19,Tuesday,January,Winter,10754,5,6
7/22/2021,Wind,203,Thursday,July,Summer,3126,19,20
11/12/2022,Solar,316,Saturday,November,Fall,5451,11,12
11/16/2023,Wind,320,Thursday,November,Fall,3165,3,4
11/25/2020,Wind,330,Wednesday,November,Fall,2800,17,18
3/23/2020,Wind,83,Monday,March,Spring,6877,19,20
7/21/2025,Wind,202,Monday,July,Summer,9816,3,4
9/19/2025,Wind,262,Friday,September,Fall,2045,1,2
6/5/2022,Wind,156,Sunday,June,Summer,8606,17,18
10/13/2024,Wind,287,Sunday,October,Fall,3303,23,0
4/8/2023,Solar,98,Saturday,April,Spring,6560,10,11
7/27/2020,Wind,209,Monday,July,Summer,10256,12,13
10/13/2020,Wind,287,Tuesday,October,Fall,4407,17,18
8/16/2021,Wind,228,Monday,August,Summer,5226,0,1
2/23/2022,Wind,54,Wednesday,February,Winter,2068,20,21
6/14/2020,Wind,166,Sunday,June,Summer,4021,1,2
2/24/2022,Wind,55,Thursday,February,Winter,5440,6,7
2/18/2022,Wind,49,Friday,February,Winter,6858,1,2
12/2/2022,Wind,336,Friday,December,Winter,3589,13,14
5/22/2020,Wind,143,Friday,May,Spring,7240,16,17
10/9/2021,Wind,282,Saturday,October,Fall,2847,8,9
10/13/2021,Wind,286,Wednesday,October,Fall,3296,0,1
4/9/2022,Wind,99,Saturday,April,Spring,1982,22,23
3/14/2020,Wind,74,Saturday,March,Spring,5211,9,10
9/11/2025,Wind,254,Thursday,September,Fall,14879,17,18
7/12/2020,Wind,194,Sunday,July,Summer,4023,18,19
10/15/2025,Solar,288,Wednesday,October,Fall,6940,10,11
3/17/2025,Wind,76,Monday,March,Spring,14877,16,17
8/7/2020,Wind,220,Friday,August,Summer,1119,21,22
4/13/2020,Wind,104,Monday,April,Spring,4328,5,6
5/31/2020,Wind,152,Sunday,May,Spring,6056,23,0
5/28/2023,Wind,148,Sunday,May,Spring,6428,17,18
8/23/2022,Wind,235,Tuesday,August,Summer,1005,4,5
7/30/2020,Solar,212,Thursday,July,Summer,3388,17,18
12/25/2021,Wind,359,Saturday,December,Winter,1572,7,8
11/16/2024,Wind,321,Saturday,November,Fall,1374,6,7
5/6/2022,Wind,126,Friday,May,Spring,3436,1,2
7/25/2023,Wind,206,Tuesday,July,Summer,5855,7,8
6/30/2023,Wind,181,Friday,June,Summer,2447,0,1
6/21/2020,Wind,173,Sunday,June,Summer,1887,1,2
3/30/2020,Wind,90,Monday,March,Spring,7156,23,0
11/7/2022,Wind,311,Monday,November,Fall,11253,5,6
8/2/2025,Wind,214,Saturday,August,Summer,3930,3,4
12/14/2020,Wind,349,Monday,December,Winter,8267,9,10
5/12/2024,Wind,133,Sunday,May,Spring,4275,7,8
1/12/2020,Wind,12,Sunday,January,Winter,3733,22,23
8/8/2021,Wind,220,Sunday,August,Summer,7331,1,2
5/11/2022,Wind,131,Wednesday,May,Spring,3101,5,6
10/1/2023,Wind,274,Sunday,October,Fall,2395,21,22
2/23/2022,Solar,54,Wednesday,February,Winter,5805,12,13
10/22/2023,Wind,295,Sunday,October,Fall,3732,23,0
6/14/2024,Wind,166,Friday,June,Summer,12826,12,13
3/4/2025,Solar,63,Tuesday,March,Spring,6290,15,16
6/23/2024,Solar,175,Sunday,June,Summer,4302,13,14
10/22/2021,Wind,295,Friday,October,Fall,2834,19,20
7/10/2024,Wind,192,Wednesday,July,Summer,2264,0,1
11/4/2020,Solar,309,Wednesday,November,Fall,4014,13,14
11/15/2022,Wind,319,Tuesday,November,Fall,10782,9,10
1/28/2023,Wind,28,Saturday,January,Winter,2268,23,0
4/19/2024,Wind,110,Friday,April,Spring,16276,11,12
7/23/2024,Wind,205,Tuesday,July,Summer,14087,13,14
10/6/2023,Wind,279,Friday,October,Fall,1085,20,21
7/7/2022,Wind,188,Thursday,July,Summer,10600,15,16
6/30/2024,Wind,182,Sunday,June,Summer,3753,6,7
5/5/2021,Wind,125,Wednesday,May,Spring,11434,12,13
10/9/2022,Solar,282,Sunday,October,Fall,6807,13,14
1/9/2024,Wind,9,Tuesday,January,Winter,4360,16,17
6/19/2023,Wind,170,Monday,June,Summer,4195,18,19
1/24/2025,Wind,24,Friday,January,Winter,11288,22,23
6/21/2022,Wind,172,Tuesday,June,Summer,1796,21,22
9/7/2023,Wind,250,Thursday,September,Fall,2686,7,8
6/24/2023,Solar,175,Saturday,June,Summer,8244,11,12
4/28/2025,Wind,118,Monday,April,Spring,3071,2,3
5/15/2021,Wind,135,Saturday,May,Spring,4264,5,6
5/25/2023,Wind,145,Thursday,May,Spring,6906,2,3
9/14/2020,Solar,258,Monday,September,Fall,5071,13,14
4/7/2024,Wind,98,Sunday,April,Spring,5202,22,23
6/21/2022,Wind,172,Tuesday,June,Summer,3804,4,5
7/4/2025,Wind,185,Friday,July,Summer,5286,3,4
9/21/2021,Wind,264,Tuesday,September,Fall,2280,19,20
3/4/2024,Wind,64,Monday,March,Spring,6988,9,10
7/27/2021,Wind,208,Tuesday,July,Summer,3166,22,23
4/9/2025,Wind,99,Wednesday,April,Spring,5058,1,2
7/4/2021,Wind,185,Sunday,July,Summer,6911,13,14
10/20/2021,Wind,293,Wednesday,October,Fall,13048,20,21
11/27/2022,Wind,331,Sunday,November,Fall,7343,20,21
3/17/2025,Wind,76,Monday,March,Spring,15549,14,15
3/14/2024,Wind,74,Thursday,March,Spring,6363,7,8
5/10/2020,Wind,131,Sunday,May,Spring,4802,18,19
12/27/2020,Wind,362,Sunday,December,Winter,11736,6,7
11/21/2021,Wind,325,Sunday,November,Fall,1770,9,10
11/28/2025,Wind,332,Friday,November,Fall,7931,15,16
12/9/2021,Wind,343,Thursday,December,Winter,7038,11,12
3/16/2024,Wind,76,Saturday,March,Spring,2197,22,23
8/5/2020,Solar,218,Wednesday,August,Summer,4806,16,17
4/6/2025,Wind,96,Sunday,April,Spring,8524,19,20
2/23/2022,Wind,54,Wednesday,February,Winter,888,7,8
12/22/2020,Wind,357,Tuesday,December,Winter,10664,7,8
6/10/2023,Solar,161,Saturday,June,Summer,3002,8,9
11/13/2025,Wind,317,Thursday,November,Fall,10431,6,7
3/16/2022,Wind,75,Wednesday,March,Spring,4258,2,3
9/16/2025,Wind,259,Tuesday,September,Fall,11697,2,3
11/21/2020,Wind,326,Saturday,November,Fall,2372,23,0
12/12/2024,Wind,347,Thursday,December,Winter,3271,5,6
6/15/2023,Solar,166,Thursday,June,Summer,5298,10,11
2/24/2023,Wind,55,Friday,February,Winter,6635,0,1
4/1/2022,Wind,91,Friday,April,Spring,14543,13,14
4/20/2021,Wind,110,Tuesday,April,Spring,577,6,7
6/17/2024,Wind,169,Monday,June,Summer,1375,21,22
6/29/2021,Solar,180,Tuesday,June,Summer,2049,8,9
5/7/2023,Wind,127,Sunday,May,Spring,1473,5,6
8/9/2020,Wind,222,Sunday,August,Summer,1263,4,5
11/9/2024,Wind,314,Saturday,November,Fall,884,6,7
7/3/2024,Wind,185,Wednesday,July,Summer,12305,15,16
2/26/2020,Wind,57,Wednesday,February,Winter,6383,19,20
7/8/2025,Solar,189,Tuesday,July,Summer,10854,10,11
12/27/2023,Wind,361,Wednesday,December,Winter,13272,16,17
2/8/2025,Wind,39,Saturday,February,Winter,4543,22,23
10/25/2024,Wind,299,Friday,October,Fall,6611,10,11
12/2/2021,Wind,336,Thursday,December,Winter,7999,7,8
5/10/2024,Wind,131,Friday,May,Spring,5301,3,4
1/31/2023,Wind,31,Tuesday,January,Winter,6313,10,11
2/28/2024,Wind,59,Wednesday,February,Winter,4006,9,10
10/27/2022,Wind,300,Thursday,October,Fall,5638,17,18
11/9/2024,Wind,314,Saturday,November,Fall,622,21,22
11/26/2020,Wind,331,Thursday,November,Fall,2650,7,8
12/12/2022,Wind,346,Monday,December,Winter,3694,16,17
1/8/2022,Wind,8,Saturday,January,Winter,6540,3,4
7/22/2023,Wind,203,Saturday,July,Summer,1465,5,6
12/21/2020,Wind,356,Monday,December,Winter,12706,13,14
2/16/2021,Wind,47,Tuesday,February,Winter,9859,20,21
8/18/2020,Wind,231,Tuesday,August,Summer,728,22,23
2/2/2020,Wind,33,Sunday,February,Winter,11800,16,17
4/22/2020,Wind,113,Wednesday,April,Spring,2587,20,21
6/5/2020,Wind,157,Friday,June,Summer,5969,7,8
5/23/2024,Solar,144,Thursday,May,Spring,6613,11,12
3/20/2022,Wind,79,Sunday,March,Spring,6580,1,2
5/19/2024,Solar,140,Sunday,May,Spring,2794,11,12
9/6/2023,Solar,249,Wednesday,September,Fall,4611,17,18
4/22/2021,Wind,112,Thursday,April,Spring,8227,16,17
7/21/2025,Wind,202,Monday,July,Summer,13652,19,20
10/26/2020,Wind,300,Monday,October,Fall,7859,9,10
9/26/2025,Solar,269,Friday,September,Fall,4353,15,16
7/28/2020,Wind,210,Tuesday,July,Summer,3610,6,7
1/16/2024,Wind,16,Tuesday,January,Winter,1715,4,5
10/26/2020,Wind,300,Monday,October,Fall,7818,20,21
3/26/2024,Wind,86,Tuesday,March,Spring,8416,0,1
11/28/2023,Wind,332,Tuesday,November,Fall,7464,8,9
11/14/2024,Solar,319,Thursday,November,Fall,5909,14,15
12/17/2024,Wind,352,Tuesday,December,Winter,6713,11,12
3/20/2020,Wind,80,Friday,March,Spring,6937,11,12
3/28/2025,Wind,87,Friday,March,Spring,5489,8,9
1/16/2022,Wind,16,Sunday,January,Winter,1349,1,2
8/17/2021,Wind,229,Tuesday,August,Summer,2250,8,9
10/22/2025,Solar,295,Wednesday,October,Fall,6865,12,13
1/25/2020,Wind,25,Saturday,January,Winter,1579,8,9
2/22/2025,Wind,53,Saturday,February,Winter,11725,0,1
4/10/2023,Wind,100,Monday,April,Spring,7919,10,11
10/20/2021,Wind,293,Wednesday,October,Fall,14657,14,15
1/30/2020,Wind,30,Thursday,January,Winter,8402,9,10
9/29/2024,Wind,273,Sunday,September,Fall,6168,13,14
11/15/2020,Wind,320,Sunday,November,Fall,14508,12,13
6/8/2021,Wind,159,Tuesday,June,Summer,916,3,4
12/12/2020,Wind,347,Saturday,December,Winter,5943,21,22
12/11/2020,Wind,346,Friday,December,Winter,7153,3,4
2/8/2023,Wind,39,Wednesday,February,Winter,3513,3,4
5/21/2020,Wind,142,Thursday,May,Spring,600,20,21
7/9/2025,Solar,190,Wednesday,July,Summer,10461,14,15
2/10/2024,Wind,41,Saturday,February,Winter,4227,7,8
7/7/2023,Solar,188,Friday,July,Summer,8765,16,17
1/3/2020,Wind,3,Friday,January,Winter,9695,13,14
12/6/2020,Wind,341,Sunday,December,Winter,1374,22,23
10/6/2021,Wind,279,Wednesday,October,Fall,8548,8,9
6/9/2023,Solar,160,Friday,June,Summer,5753,16,17
7/4/2021,Wind,185,Sunday,July,Summer,6187,12,13
2/19/2021,Wind,50,Friday,February,Winter,4799,5,6
11/24/2021,Wind,328,Wednesday,November,Fall,4927,5,6
12/15/2021,Wind,349,Wednesday,December,Winter,1396,4,5
1/25/2025,Wind,25,Saturday,January,Winter,5724,16,17
7/14/2020,Solar,196,Tuesday,July,Summer,5718,15,16
10/18/2023,Wind,291,Wednesday,October,Fall,11303,6,7
6/27/2024,Wind,179,Thursday,June,Summer,7928,18,19
4/24/2021,Wind,114,Saturday,April,Spring,6916,18,19
10/16/2023,Wind,289,Monday,October,Fall,9973,21,22
2/18/2024,Wind,49,Sunday,February,Winter,6925,22,23
5/8/2020,Wind,129,Friday,May,Spring,3039,8,9
3/12/2024,Wind,72,Tuesday,March,Spring,5075,7,8
3/14/2020,Wind,74,Saturday,March,Spring,3300,20,21
1/17/2021,Wind,17,Sunday,January,Winter,5676,7,8
1/3/2022,Wind,3,Monday,January,Winter,12240,13,14
8/7/2020,Wind,220,Friday,August,Summer,2101,5,6
9/26/2023,Solar,269,Tuesday,September,Fall,6439,11,12
7/28/2025,Wind,209,Monday,July,Summer,6132,19,20
7/19/2025,Wind,200,Saturday,July,Summer,3954,23,0
3/20/2021,Wind,79,Saturday,March,Spring,4921,18,19
8/25/2021,Wind,237,Wednesday,August,Summer,4981,5,6
5/16/2021,Wind,136,Sunday,May,Spring,4884,9,10
11/24/2025,Wind,328,Monday,November,Fall,7424,6,7
1/6/2023,Wind,6,Friday,January,Winter,7958,14,15
8/25/2023,Wind,237,Friday,August,Summer,5505,9,10
8/21/2020,Wind,234,Friday,August,Summer,7837,10,11
12/10/2020,Wind,345,Thursday,December,Winter,2800,15,16
12/24/2022,Wind,358,Saturday,December,Winter,3971,22,23
2/26/2025,Wind,57,Wednesday,February,Winter,8242,8,9
3/1/2022,Solar,60,Tuesday,March,Spring,4988,11,12
9/25/2022,Wind,268,Sunday,September,Fall,1684,21,22
11/26/2022,Wind,330,Saturday,November,Fall,2624,0,1
3/25/2021,Solar,84,Thursday,March,Spring,3091,9,10
1/18/2025,Wind,18,Saturday,January,Winter,1399,7,8
10/6/2022,Wind,279,Thursday,October,Fall,1712,7,8
5/20/2025,Wind,140,Tuesday,May,Spring,6826,0,1
10/5/2020,Wind,279,Monday,October,Fall,10905,16,17
1/31/2020,Wind,31,Friday,January,Winter,8388,21,22
1/10/2021,Wind,10,Sunday,January,Winter,4559,15,16
6/14/2023,Wind,165,Wednesday,June,Summer,3197,3,4
3/15/2021,Wind,74,Monday,March,Spring,10846,15,16
11/29/2024,Wind,334,Friday,November,Fall,6487,3,4
12/22/2020,Wind,357,Tuesday,December,Winter,10281,4,5
10/5/2020,Wind,279,Monday,October,Fall,11256,3,4
4/20/2021,Wind,110,Tuesday,April,Spring,637,5,6
8/25/2020,Wind,238,Tuesday,August,Summer,9550,21,22
11/24/2023,Wind,328,Friday,November,Fall,10539,18,19
6/20/2025,Wind,171,Friday,June,Summer,5645,5,6
8/31/2024,Solar,244,Saturday,August,Summer,8116,15,16
7/23/2024,Wind,205,Tuesday,July,Summer,9773,9,10
7/16/2025,Solar,197,Wednesday,July,Summer,16069,15,16
5/6/2021,Wind,126,Thursday,May,Spring,8791,15,16
10/10/2020,Wind,284,Saturday,October,Fall,2346,7,8
2/13/2025,Solar,44,Thursday,February,Winter,4494,14,15
9/29/2025,Wind,272,Monday,September,Fall,2697,23,0
10/27/2021,Wind,300,Wednesday,October,Fall,2392,3,4
6/1/2022,Wind,152,Wednesday,June,Summer,1109,5,6
7/24/2020,Wind,206,Friday,July,Summer,1771,4,5
4/29/2020,Wind,120,Wednesday,April,Spring,5811,22,23
3/30/2023,Wind,89,Thursday,March,Spring,15694,17,18
7/24/2023,Wind,205,Monday,July,Summer,3944,6,7
4/23/2023,Wind,113,Sunday,April,Spring,9704,23,0
10/12/2022,Wind,285,Wednesday,October,Fall,1054,1,2
3/12/2021,Wind,71,Friday,March,Spring,10222,3,4
7/12/2022,Wind,193,Tuesday,July,Summer,3789,2,3
12/22/2020,Wind,357,Tuesday,December,Winter,7182,23,0
2/13/2024,Wind,44,Tuesday,February,Winter,5445,8,9
5/3/2024,Wind,124,Friday,May,Spring,2251,20,21
12/5/2022,Solar,339,Monday,December,Winter,3554,11,12
12/18/2023,Solar,352,Monday,December,Winter,5551,12,13
6/10/2021,Wind,161,Thursday,June,Summer,1116,6,7
8/5/2024,Wind,218,Monday,August,Summer,751,21,22
11/24/2021,Wind,328,Wednesday,November,Fall,6358,1,2
8/31/2025,Wind,243,Sunday,August,Summer,5964,4,5
6/24/2020,Solar,176,Wednesday,June,Summer,6958,14,15
8/11/2023,Solar,223,Friday,August,Summer,6263,17,18
4/21/2021,Solar,111,Wednesday,April,Spring,5395,13,14
2/25/2024,Wind,56,Sunday,February,Winter,8187,2,3
7/22/2024,Wind,204,Monday,July,Summer,4013,2,3
8/6/2022,Wind,218,Saturday,August,Summer,7062,9,10
7/7/2023,Wind,188,Friday,July,Summer,4525,6,7
3/22/2021,Wind,81,Monday,March,Spring,4256,3,4
11/19/2025,Wind,323,Wednesday,November,Fall,9964,1,2
7/16/2022,Solar,197,Saturday,July,Summer,6731,10,11
8/3/2022,Wind,215,Wednesday,August,Summer,1474,22,23
5/3/2025,Wind,123,Saturday,May,Spring,7626,18,19
9/29/2023,Wind,272,Friday,September,Fall,2198,19,20
1/15/2022,Wind,15,Saturday,January,Winter,651,19,20
4/9/2022,Wind,99,Saturday,April,Spring,4701,4,5
10/9/2022,Wind,282,Sunday,October,Fall,5394,22,23
8/12/2023,Solar,224,Saturday,August,Summer,9789,15,16
7/2/2025,Wind,183,Wednesday,July,Summer,5548,22,23
5/16/2023,Wind,136,Tuesday,May,Spring,7799,23,0
7/31/2020,Wind,213,Friday,July,Summer,4080,18,19
4/23/2020,Wind,114,Thursday,April,Spring,2669,1,2
12/14/2021,Wind,348,Tuesday,December,Winter,810,0,1
3/11/2020,Wind,71,Wednesday,March,Spring,12163,12,13
7/26/2024,Wind,208,Friday,July,Summer,506,21,22
8/4/2021,Solar,216,Wednesday,August,Summer,3345,17,18
7/18/2023,Wind,199,Tuesday,July,Summer,3434,8,9
8/28/2020,Wind,241,Friday,August,Summer,8079,17,18
8/27/2024,Solar,240,Tuesday,August,Summer,6209,17,18
3/28/2021,Wind,87,Sunday,March,Spring,5097,9,10
12/16/2023,Wind,350,Saturday,December,Winter,2504,21,22
6/3/2021,Solar,154,Thursday,June,Summer,3738,16,17
10/15/2021,Wind,288,Friday,October,Fall,1488,8,9
10/5/2024,Wind,279,Saturday,October,Fall,5905,19,20
4/7/2020,Wind,98,Tuesday,April,Spring,2681,18,19
11/26/2021,Wind,330,Friday,November,Fall,10802,12,13
6/26/2022,Solar,177,Sunday,June,Summer,1719,8,9
3/19/2020,Solar,79,Thursday,March,Spring,3939,14,15
6/15/2025,Solar,166,Sunday,June,Summer,4719,14,15
11/17/2022,Wind,321,Thursday,November,Fall,8379,17,18
12/2/2024,Wind,337,Monday,December,Winter,7331,22,23
9/11/2024,Wind,255,Wednesday,September,Fall,11638,3,4
5/22/2025,Wind,142,Thursday,May,Spring,4939,21,22
10/16/2024,Wind,290,Wednesday,October,Fall,11452,3,4
12/2/2020,Wind,337,Wednesday,December,Winter,2987,12,13
11/6/2025,Wind,310,Thursday,November,Fall,2440,19,20
8/29/2025,Wind,241,Friday,August,Summer,15987,15,16
3/5/2024,Wind,65,Tuesday,March,Spring,3012,22,23
6/26/2025,Wind,177,Thursday,June,Summer,3959,23,0
10/20/2023,Wind,293,Friday,October,Fall,4473,8,9
9/21/2025,Wind,264,Sunday,September,Fall,4316,17,18
8/7/2020,Solar,220,Friday,August,Summer,3640,16,17
12/3/2021,Wind,337,Friday,December,Winter,3110,3,4
10/16/2021,Solar,289,Saturday,October,Fall,3384,10,11
8/30/2025,Wind,242,Saturday,August,Summer,4396,7,8
2/23/2025,Wind,54,Sunday,February,Winter,11952,22,23
10/20/2020,Wind,294,Tuesday,October,Fall,9534,16,17
12/26/2024,Wind,361,Thursday,December,Winter,3449,20,21
12/13/2024,Wind,348,Friday,December,Winter,785,22,23
7/16/2022,Wind,197,Saturday,July,Summer,3960,0,1
10/11/2020,Wind,285,Sunday,October,Fall,3670,3,4
7/26/2024,Solar,208,Friday,July,Summer,7022,15,16
9/29/2023,Wind,272,Friday,September,Fall,8290,6,7
12/20/2023,Wind,354,Wednesday,December,Winter,11237,13,14
7/11/2020,Wind,193,Saturday,July,Summer,4072,19,20
1/31/2025,Wind,31,Friday,January,Winter,2272,1,2
3/10/2020,Wind,70,Tuesday,March,Spring,11993,8,9
3/3/2022,Wind,62,Thursday,March,Spring,1517,4,5
3/7/2024,Wind,67,Thursday,March,Spring,11067,17,18
10/19/2024,Wind,293,Saturday,October,Fall,3297,22,23
5/21/2020,Solar,142,Thursday,May,Spring,4337,13,14
10/11/2023,Solar,284,Wednesday,October,Fall,8576,13,14
7/2/2022,Wind,183,Saturday,July,Summer,754,0,1
1/15/2023,Wind,15,Sunday,January,Winter,14992,21,22
7/19/2022,Wind,200,Tuesday,July,Summer,5671,3,4
10/22/2022,Wind,295,Saturday,October,Fall,6189,3,4
12/31/2023,Wind,365,Sunday,December,Winter,17336,5,6
4/4/2022,Wind,94,Monday,April,Spring,2150,3,4
3/2/2022,Wind,61,Wednesday,March,Spring,2780,1,2
9/24/2021,Wind,267,Friday,September,Fall,475,4,5
5/23/2021,Wind,143,Sunday,May,Spring,9144,23,0
9/29/2020,Wind,273,Tuesday,September,Fall,1805,5,6
3/9/2024,Wind,69,Saturday,March,Spring,12796,7,8
4/16/2024,Wind,107,Tuesday,April,Spring,10158,10,11
6/11/2020,Wind,163,Thursday,June,Summer,4847,12,13
2/1/2022,Wind,32,Tuesday,February,Winter,6934,0,1
8/30/2024,Wind,243,Friday,August,Summer,2706,3,4
6/27/2021,Wind,178,Sunday,June,Summer,3872,3,4
11/17/2020,Wind,322,Tuesday,November,Fall,2225,19,20
7/23/2024,Wind,205,Tuesday,July,Summer,4890,1,2
7/16/2022,Wind,197,Saturday,July,Summer,3533,2,3
7/8/2025,Wind,189,Tuesday,July,Summer,3770,20,21
10/19/2022,Wind,292,Wednesday,October,Fall,7629,17,18
6/16/2020,Wind,168,Tuesday,June,Summer,1666,20,21
1/10/2025,Wind,10,Friday,January,Winter,3319,15,16
9/10/2020,Solar,254,Thursday,September,Fall,3052,11,12
11/13/2021,Wind,317,Saturday,November,Fall,5126,8,9
4/22/2025,Solar,112,Tuesday,April,Spring,7792,13,14
5/15/2020,Wind,136,Friday,May,Spring,6575,5,6
3/25/2024,Wind,85,Monday,March,Spring,10580,15,16
1/26/2023,Wind,26,Thursday,January,Winter,6312,23,0
7/19/2024,Wind,201,Friday,July,Summer,1335,5,6
6/30/2025,Wind,181,Monday,June,Summer,1192,21,22
2/12/2023,Wind,43,Sunday,February,Winter,3402,0,1
9/27/2022,Wind,270,Tuesday,September,Fall,6509,6,7
7/27/2020,Wind,209,Monday,July,Summer,11749,15,16
7/10/2023,Solar,191,Monday,July,Summer,8700,13,14
1/20/2025,Wind,20,Monday,January,Winter,1542,2,3
3/28/2023,Wind,87,Tuesday,March,Spring,9979,16,17
10/4/2021,Wind,277,Monday,October,Fall,5584,8,9
6/9/2024,Wind,161,Sunday,June,Summer,3464,1,2
8/17/2021,Solar,229,Tuesday,August,Summer,6878,12,13
1/27/2023,Wind,27,Friday,January,Winter,8252,7,8
8/5/2021,Wind,217,Thursday,August,Summer,8681,14,15
7/21/2025,Wind,202,Monday,July,Summer,7848,23,0
5/27/2025,Wind,147,Tuesday,May,Spring,15563,17,18
2/22/2024,Wind,53,Thursday,February,Winter,14343,0,1
12/10/2023,Wind,344,Sunday,December,Winter,16050,0,1
6/18/2021,Wind,169,Friday,June,Summer,3603,1,2
4/25/2025,Solar,115,Friday,April,Spring,7896,10,11
7/5/2021,Wind,186,Monday,July,Summer,2602,0,1
7/7/2021,Wind,188,Wednesday,July,Summer,1703,23,0
12/12/2020,Wind,347,Saturday,December,Winter,6348,11,12
11/1/2025,Wind,305,Saturday,November,Fall,9647,16,17
1/22/2024,Wind,22,Monday,January,Winter,14875,20,21
8/28/2025,Wind,240,Thursday,August,Summer,11353,16,17
4/29/2022,Solar,119,Friday,April,Spring,4724,10,11
1/20/2021,Wind,20,Wednesday,January,Winter,15051,18,19
6/19/2024,Wind,171,Wednesday,June,Summer,6935,22,23
4/2/2022,Wind,92,Saturday,April,Spring,12110,16,17
8/8/2024,Wind,221,Thursday,August,Summer,1189,5,6
11/2/2024,Wind,307,Saturday,November,Fall,3994,18,19
9/6/2021,Solar,249,Monday,September,Fall,5313,15,16
3/28/2020,Wind,88,Saturday,March,Spring,9382,19,20
2/14/2022,Wind,45,Monday,February,Winter,6029,21,22
10/13/2022,Wind,286,Thursday,October,Fall,4003,17,18
7/15/2024,Wind,197,Monday,July,Summer,10450,16,17
4/22/2023,Wind,112,Saturday,April,Spring,3755,0,1
10/26/2024,Solar,300,Saturday,October,Fall,2125,16,17
1/25/2025,Wind,25,Saturday,January,Winter,7875,11,12
2/6/2024,Wind,37,Tuesday,February,Winter,15869,14,15
11/24/2024,Wind,329,Sunday,November,Fall,19758,18,19
12/4/2022,Wind,338,Sunday,December,Winter,3252,2,3
2/12/2023,Solar,43,Sunday,February,Winter,6688,14,15
1/31/2020,Wind,31,Friday,January,Winter,7716,4,5
11/29/2020,Wind,334,Sunday,November,Fall,4788,10,11
4/29/2022,Wind,119,Friday,April,Spring,4816,18,19
8/1/2021,Solar,213,Sunday,August,Summer,6683,16,17
3/15/2020,Wind,75,Sunday,March,Spring,3612,0,1
7/1/2023,Wind,182,Saturday,July,Summer,7075,21,22
3/2/2023,Wind,61,Thursday,March,Spring,4877,21,22
8/3/2024,Wind,216,Saturday,August,Summer,3218,7,8
11/19/2024,Wind,324,Tuesday,November,Fall,12210,20,21
1/8/2024,Wind,8,Monday,January,Winter,12121,6,7
12/21/2024,Wind,356,Saturday,December,Winter,18922,21,22
10/25/2022,Wind,298,Tuesday,October,Fall,4158,17,18
4/15/2022,Wind,105,Friday,April,Spring,1942,1,2
12/7/2021,Wind,341,Tuesday,December,Winter,5150,6,7
1/17/2022,Wind,17,Monday,January,Winter,2215,23,0
2/24/2025,Wind,55,Monday,February,Winter,15311,9,10
7/14/2021,Wind,195,Wednesday,July,Summer,6824,20,21
1/11/2023,Wind,11,Wednesday,January,Winter,13408,4,5
10/15/2024,Wind,289,Tuesday,October,Fall,7313,11,12
9/14/2023,Wind,257,Thursday,September,Fall,983,20,21
12/4/2021,Wind,338,Saturday,December,Winter,14167,13,14
5/10/2021,Wind,130,Monday,May,Spring,1928,21,22
7/31/2021,Wind,212,Saturday,July,Summer,6027,13,14
11/26/2025,Wind,330,Wednesday,November,Fall,5852,9,10
6/20/2022,Wind,171,Monday,June,Summer,4764,20,21
8/1/2020,Solar,214,Saturday,August,Summer,4517,13,14
9/30/2022,Wind,273,Friday,September,Fall,8433,17,18
6/10/2024,Wind,162,Monday,June,Summer,16343,13,14
9/8/2024,Wind,252,Sunday,September,Fall,5635,5,6
8/20/2021,Solar,232,Friday,August,Summer,3653,10,11
10/21/2020,Wind,295,Wednesday,October,Fall,11801,17,18
11/8/2023,Wind,312,Wednesday,November,Fall,14010,22,23
10/11/2020,Wind,285,Sunday,October,Fall,3222,7,8
8/4/2023,Solar,216,Friday,August,Summer,7826,11,12
5/15/2021,Wind,135,Saturday,May,Spring,11074,16,17
11/1/2021,Wind,305,Monday,November,Fall,5774,18,19
2/13/2025,Wind,44,Thursday,February,Winter,1341,4,5
2/20/2022,Wind,51,Sunday,February,Winter,16004,20,21
1/2/2025,Wind,2,Thursday,January,Winter,7704,6,7
1/23/2023,Wind,23,Monday,January,Winter,4026,4,5
3/15/2022,Wind,74,Tuesday,March,Spring,5845,0,1
12/1/2022,Wind,335,Thursday,December,Winter,4324,15,16
5/10/2024,Wind,131,Friday,May,Spring,5155,21,22
8/15/2025,Solar,227,Friday,August,Summer,9881,16,17
2/9/2020,Wind,40,Sunday,February,Winter,15238,11,12
5/21/2024,Wind,142,Tuesday,May,Spring,3665,21,22
5/11/2024,Wind,132,Saturday,May,Spring,4326,6,7
9/23/2020,Wind,267,Wednesday,September,Fall,5813,18,19
11/17/2025,Wind,321,Monday,November,Fall,10323,15,16
1/2/2021,Wind,2,Saturday,January,Winter,1169,0,1
8/8/2023,Wind,220,Tuesday,August,Summer,2853,23,0
5/18/2023,Wind,138,Thursday,May,Spring,6720,19,20
10/24/2022,Wind,297,Monday,October,Fall,7627,22,23
9/3/2022,Wind,246,Saturday,September,Fall,1066,20,21
11/29/2024,Solar,334,Friday,November,Fall,7650,14,15
4/4/2020,Solar,95,Saturday,April,Spring,4136,10,11
3/18/2020,Solar,78,Wednesday,March,Spring,3727,11,12
4/29/2020,Wind,120,Wednesday,April,Spring,10092,13,14
10/16/2021,Solar,289,Saturday,October,Fall,3207,16,17
10/6/2021,Wind,279,Wednesday,October,Fall,8756,17,18
2/26/2025,Wind,57,Wednesday,February,Winter,13305,11,12
3/1/2021,Solar,60,Monday,March,Spring,5810,13,14
11/24/2022,Wind,328,Thursday,November,Fall,11415,3,4
9/1/2025,Wind,244,Monday,September,Fall,5387,20,21
11/14/2024,Wind,319,Thursday,November,Fall,3630,21,22
3/20/2021,Wind,79,Saturday,March,Spring,4488,6,7
12/17/2021,Wind,351,Friday,December,Winter,6817,5,6
2/7/2025,Wind,38,Friday,February,Winter,9958,3,4
1/5/2024,Wind,5,Friday,January,Winter,12301,0,1
9/8/2024,Wind,252,Sunday,September,Fall,11440,12,13
7/27/2020,Wind,209,Monday,July,Summer,3719,8,9
2/17/2023,Wind,48,Friday,February,Winter,13006,13,14
7/22/2024,Wind,204,Monday,July,Summer,3267,5,6
9/7/2024,Solar,251,Saturday,September,Fall,6652,12,13
8/2/2021,Solar,214,Monday,August,Summer,1835,8,9
7/24/2021,Wind,205,Saturday,July,Summer,5008,18,19
6/26/2022,Wind,177,Sunday,June,Summer,1353,21,22
5/25/2021,Wind,145,Tuesday,May,Spring,10972,9,10
1/3/2024,Wind,3,Wednesday,January,Winter,16091,5,6
4/28/2024,Wind,119,Sunday,April,Spring,4975,18,19
2/10/2022,Wind,41,Thursday,February,Winter,4390,3,4
9/1/2023,Wind,244,Friday,September,Fall,4835,2,3
1/23/2025,Wind,23,Thursday,January,Winter,6187,8,9
8/12/2022,Solar,224,Friday,August,Summer,4233,9,10
6/6/2022,Wind,157,Monday,June,Summer,3154,0,1
4/26/2021,Wind,116,Monday,April,Spring,6682,23,0
8/21/2022,Wind,233,Sunday,August,Summer,492,4,5
7/29/2025,Solar,210,Tuesday,July,Summer,9703,17,18
1/14/2020,Wind,14,Tuesday,January,Winter,12193,1,2
11/23/2020,Wind,328,Monday,November,Fall,197,6,7
3/3/2020,Wind,63,Tuesday,March,Spring,2913,16,17
4/30/2022,Wind,120,Saturday,April,Spring,4152,23,0
8/28/2025,Wind,240,Thursday,August,Summer,2154,3,4
9/28/2025,Solar,271,Sunday,September,Fall,3101,17,18
4/26/2020,Solar,117,Sunday,April,Spring,826,19,20
4/26/2020,Wind,117,Sunday,April,Spring,1234,7,8
1/13/2020,Wind,13,Monday,January,Winter,3124,0,1
7/4/2021,Wind,185,Sunday,July,Summer,1516,8,9
8/20/2022,Solar,232,Saturday,August,Summer,6307,16,17
10/15/2022,Wind,288,Saturday,October,Fall,4985,21,22
11/4/2024,Wind,309,Monday,November,Fall,2945,20,21
5/27/2024,Wind,148,Monday,May,Spring,2781,1,2
5/3/2021,Wind,123,Monday,May,Spring,1219,7,8
6/25/2023,Wind,176,Sunday,June,Summer,4990,21,22
1/24/2023,Wind,24,Tuesday,January,Winter,3120,17,18
2/11/2022,Wind,42,Friday,February,Winter,2704,8,9
6/17/2023,Wind,168,Saturday,June,Summer,1596,22,23
9/25/2021,Solar,268,Saturday,September,Fall,3100,10,11
9/9/2024,Wind,253,Monday,September,Fall,8509,8,9
4/25/2023,Wind,115,Tuesday,April,Spring,2732,23,0
4/17/2021,Wind,107,Saturday,April,Spring,5570,20,21
8/1/2022,Wind,213,Monday,August,Summer,1415,23,0
7/14/2021,Wind,195,Wednesday,July,Summer,7691,18,19
10/14/2025,Wind,287,Tuesday,October,Fall,8624,10,11
2/21/2020,Wind,52,Friday,February,Winter,8633,14,15
10/24/2024,Solar,298,Thursday,October,Fall,7285,11,12
7/17/2022,Wind,198,Sunday,July,Summer,6218,2,3
8/15/2022,Solar,227,Monday,August,Summer,7754,12,13
8/23/2020,Wind,236,Sunday,August,Summer,4453,7,8
8/1/2020,Wind,214,Saturday,August,Summer,1772,6,7
7/3/2025,Wind,184,Thursday,July,Summer,5681,3,4
5/2/2022,Wind,122,Monday,May,Spring,3281,0,1
10/11/2020,Wind,285,Sunday,October,Fall,4013,0,1
5/15/2021,Wind,135,Saturday,May,Spring,7542,10,11
8/19/2024,Solar,232,Monday,August,Summer,6872,10,11
10/21/2025,Wind,294,Tuesday,October,Fall,12221,5,6
6/25/2023,Solar,176,Sunday,June,Summer,7269,11,12
9/15/2024,Solar,259,Sunday,September,Fall,7756,17,18
7/19/2024,Wind,201,Friday,July,Summer,1367,6,7
6/20/2022,Solar,171,Monday,June,Summer,6635,11,12
11/24/2020,Wind,329,Tuesday,November,Fall,1825,2,3
3/20/2022,Wind,79,Sunday,March,Spring,4944,4,5
5/26/2020,Solar,147,Tuesday,May,Spring,7491,15,16
9/9/2025,Wind,252,Tuesday,September,Fall,2139,20,21
1/23/2020,Wind,23,Thursday,January,Winter,5821,4,5
7/22/2022,Wind,203,Friday,July,Summer,3155,4,5
2/22/2023,Wind,53,Wednesday,February,Winter,2969,6,7
5/4/2023,Wind,124,Thursday,May,Spring,7974,18,19
3/29/2022,Solar,88,Tuesday,March,Spring,3886,15,16
1/24/2025,Wind,24,Friday,January,Winter,19431,13,14
3/17/2025,Wind,76,Monday,March,Spring,11797,21,22
11/4/2024,Wind,309,Monday,November,Fall,2853,4,5
1/11/2023,Wind,11,Wednesday,January,Winter,10073,10,11
6/21/2022,Solar,172,Tuesday,June,Summer,4791,15,16
7/2/2020,Wind,184,Thursday,July,Summer,6452,18,19
5/12/2024,Solar,133,Sunday,May,Spring,4059,14,15
3/11/2021,Wind,70,Thursday,March,Spring,14266,6,7
9/23/2020,Wind,267,Wednesday,September,Fall,8641,13,14
4/30/2024,Wind,121,Tuesday,April,Spring,3124,21,22
9/16/2023,Wind,259,Saturday,September,Fall,2367,22,23
5/4/2025,Wind,124,Sunday,May,Spring,11985,19,20
4/8/2022,Wind,98,Friday,April,Spring,10607,18,19
12/23/2023,Wind,357,Saturday,December,Winter,14470,16,17
8/11/2025,Wind,223,Monday,August,Summer,5924,22,23
7/16/2021,Wind,197,Friday,July,Summer,7525,17,18
2/11/2020,Wind,42,Tuesday,February,Winter,11753,7,8
11/9/2024,Wind,314,Saturday,November,Fall,1782,1,2
9/27/2022,Wind,270,Tuesday,September,Fall,9228,18,19
9/1/2024,Wind,245,Sunday,September,Fall,4830,8,9
11/1/2020,Wind,306,Sunday,November,Fall,9246,7,8
1/9/2025,Wind,9,Thursday,January,Winter,14188,7,8
12/31/2024,Wind,366,Tuesday,December,Winter,2303,1,2
1/6/2025,Wind,6,Monday,January,Winter,18763,0,1
1/30/2024,Solar,30,Tuesday,January,Winter,7283,14,15
4/18/2021,Wind,108,Sunday,April,Spring,2015,20,21
4/24/2021,Solar,114,Saturday,April,Spring,8651,15,16
10/27/2021,Wind,300,Wednesday,October,Fall,2324,19,20
7/2/2020,Wind,184,Thursday,July,Summer,2474,0,1
1/7/2024,Wind,7,Sunday,January,Winter,7340,4,5
1/18/2024,Wind,18,Thursday,January,Winter,6969,14,15
9/9/2023,Wind,252,Saturday,September,Fall,1650,1,2
3/17/2025,Solar,76,Monday,March,Spring,11786,10,11
10/20/2024,Wind,294,Sunday,October,Fall,6846,7,8
9/11/2021,Solar,254,Saturday,September,Fall,4615,16,17
3/12/2024,Wind,72,Tuesday,March,Spring,12222,15,16
8/6/2020,Solar,219,Thursday,August,Summer,3605,16,17
1/15/2022,Wind,15,Saturday,January,Winter,847,1,2
4/18/2022,Solar,108,Monday,April,Spring,4269,17,18
1/13/2020,Wind,13,Monday,January,Winter,2987,6,7
3/16/2021,Solar,75,Tuesday,March,Spring,5314,11,12
6/15/2022,Wind,166,Wednesday,June,Summer,2328,6,7
9/30/2023,Solar,273,Saturday,September,Fall,6508,12,13
10/29/2024,Wind,303,Tuesday,October,Fall,685,21,22
9/4/2025,Wind,247,Thursday,September,Fall,6150,20,21
8/21/2023,Solar,233,Monday,August,Summer,6576,15,16
4/19/2020,Wind,110,Sunday,April,Spring,2914,14,15
7/12/2021,Wind,193,Monday,July,Summer,2663,9,10
1/3/2022,Wind,3,Monday,January,Winter,9393,7,8
11/10/2020,Wind,315,Tuesday,November,Fall,486,6,7
2/3/2025,Wind,34,Monday,February,Winter,1883,23,0
3/31/2025,Wind,90,Monday,March,Spring,4280,0,1
7/12/2024,Wind,194,Friday,July,Summer,8243,17,18
6/14/2024,Wind,166,Friday,June,Summer,12714,17,18
9/21/2025,Solar,264,Sunday,September,Fall,3451,11,12
5/16/2021,Wind,136,Sunday,May,Spring,9508,23,0
3/7/2022,Wind,66,Monday,March,Spring,6815,5,6
8/10/2022,Solar,222,Wednesday,August,Summer,6251,10,11
3/7/2023,Wind,66,Tuesday,March,Spring,5865,5,6
3/14/2025,Wind,73,Friday,March,Spring,7686,15,16
10/4/2024,Wind,278,Friday,October,Fall,4180,7,8
12/15/2022,Wind,349,Thursday,December,Winter,7205,22,23
9/3/2020,Wind,247,Thursday,September,Fall,931,0,1
6/17/2022,Wind,168,Friday,June,Summer,1078,21,22
12/21/2023,Wind,355,Thursday,December,Winter,17520,18,19
3/2/2023,Solar,61,Thursday,March,Spring,6558,14,15
8/4/2024,Wind,217,Sunday,August,Summer,1620,20,21
12/29/2024,Wind,364,Sunday,December,Winter,548,21,22
11/14/2024,Wind,319,Thursday,November,Fall,3831,1,2
8/4/2022,Solar,216,Thursday,August,Summer,3343,9,10
4/26/2022,Wind,116,Tuesday,April,Spring,2101,0,1
5/16/2022,Wind,136,Monday,May,Spring,5648,5,6
1/9/2020,Wind,9,Thursday,January,Winter,10435,16,17
11/24/2022,Wind,328,Thursday,November,Fall,9150,14,15
1/20/2024,Wind,20,Saturday,January,Winter,10670,23,0
3/14/2020,Wind,74,Saturday,March,Spring,3349,22,23
3/10/2020,Wind,70,Tuesday,March,Spring,11030,22,23
5/26/2024,Wind,147,Sunday,May,Spring,4508,2,3
8/13/2023,Wind,225,Sunday,August,Summer,1162,1,2
3/28/2022,Wind,87,Monday,March,Spring,1606,6,7
10/12/2020,Solar,286,Monday,October,Fall,4590,14,15
10/22/2024,Solar,296,Tuesday,October,Fall,3182,10,11
10/19/2020,Solar,293,Monday,October,Fall,5009,11,12
9/12/2021,Wind,255,Sunday,September,Fall,1376,21,22
7/17/2024,Wind,199,Wednesday,July,Summer,2046,3,4
8/17/2024,Wind,230,Saturday,August,Summer,1571,1,2
8/13/2023,Solar,225,Sunday,August,Summer,7801,16,17
6/28/2024,Wind,180,Friday,June,Summer,3695,2,3
2/6/2022,Wind,37,Sunday,February,Winter,13477,4,5
3/31/2021,Solar,90,Wednesday,March,Spring,4010,10,11
10/25/2023,Wind,298,Wednesday,October,Fall,11630,11,12
7/23/2024,Wind,205,Tuesday,July,Summer,2067,23,0
3/18/2023,Wind,77,Saturday,March,Spring,7204,3,4
12/5/2024,Wind,340,Thursday,December,Winter,18205,23,0
1/8/2024,Wind,8,Monday,January,Winter,11508,2,3
6/11/2020,Wind,163,Thursday,June,Summer,2692,8,9
6/6/2025,Wind,157,Friday,June,Summer,4429,22,23
6/2/2021,Wind,153,Wednesday,June,Summer,2032,23,0
9/21/2020,Wind,265,Monday,September,Fall,1334,21,22
9/2/2025,Wind,245,Tuesday,September,Fall,11315,23,0
9/21/2025,Wind,264,Sunday,September,Fall,4453,20,21
8/9/2021,Wind,221,Monday,August,Summer,6015,10,11
3/16/2021,Wind,75,Tuesday,March,Spring,3997,2,3
10/18/2022,Solar,291,Tuesday,October,Fall,5899,13,14
12/26/2021,Wind,360,Sunday,December,Winter,4600,12,13
7/27/2024,Wind,209,Saturday,July,Summer,455,2,3
9/11/2020,Solar,255,Friday,September,Fall,1917,9,10
9/13/2020,Wind,257,Sunday,September,Fall,705,19,20
8/15/2023,Solar,227,Tuesday,August,Summer,4625,17,18
7/29/2021,Wind,210,Thursday,July,Summer,4205,5,6
5/19/2024,Wind,140,Sunday,May,Spring,552,2,3
3/30/2023,Wind,89,Thursday,March,Spring,11130,7,8
7/10/2025,Solar,191,Thursday,July,Summer,11067,16,17
8/9/2025,Wind,221,Saturday,August,Summer,1139,4,5
11/1/2023,Wind,305,Wednesday,November,Fall,12788,18,19
6/12/2024,Wind,164,Wednesday,June,Summer,2252,20,21
9/20/2025,Wind,263,Saturday,September,Fall,6560,5,6
5/1/2020,Wind,122,Friday,May,Spring,7535,0,1
1/21/2020,Wind,21,Tuesday,January,Winter,2976,11,12
6/29/2025,Wind,180,Sunday,June,Summer,2536,6,7
10/12/2020,Wind,286,Monday,October,Fall,2120,6,7
7/25/2024,Solar,207,Thursday,July,Summer,9805,12,13
6/5/2023,Solar,156,Monday,June,Summer,9739,13,14
6/9/2023,Wind,160,Friday,June,Summer,4688,7,8
9/4/2025,Wind,247,Thursday,September,Fall,6077,21,22
5/11/2024,Wind,132,Saturday,May,Spring,4091,23,0
3/24/2025,Solar,83,Monday,March,Spring,5051,10,11
7/26/2023,Wind,207,Wednesday,July,Summer,2889,7,8
8/6/2024,Wind,219,Tuesday,August,Summer,2592,20,21
4/22/2025,Wind,112,Tuesday,April,Spring,1421,5,6
8/27/2024,Solar,240,Tuesday,August,Summer,8753,11,12
7/11/2021,Solar,192,Sunday,July,Summer,4877,15,16
11/11/2021,Wind,315,Thursday,November,Fall,1001,7,8
2/25/2025,Wind,56,Tuesday,February,Winter,4530,0,1
4/2/2025,Wind,92,Wednesday,April,Spring,18987,11,12
7/22/2020,Wind,204,Wednesday,July,Summer,3797,6,7
2/5/2020,Wind,36,Wednesday,February,Winter,2504,16,17
3/30/2020,Wind,90,Monday,March,Spring,8073,20,21
5/11/2020,Wind,132,Monday,May,Spring,9699,4,5
11/5/2021,Wind,309,Friday,November,Fall,3405,2,3
8/30/2020,Wind,243,Sunday,August,Summer,3012,3,4
9/8/2025,Wind,251,Monday,September,Fall,2307,21,22
3/4/2022,Wind,63,Friday,March,Spring,3630,8,9
8/6/2022,Wind,218,Saturday,August,Summer,5462,2,3
12/13/2024,Wind,348,Friday,December,Winter,698,19,20
12/31/2023,Wind,365,Sunday,December,Winter,17198,17,18
9/4/2025,Wind,247,Thursday,September,Fall,9465,9,10
2/25/2025,Wind,56,Tuesday,February,Winter,8542,9,10
3/18/2022,Wind,77,Friday,March,Spring,12613,11,12
3/19/2025,Solar,78,Wednesday,March,Spring,12452,14,15
8/7/2022,Wind,219,Sunday,August,Summer,7995,0,1
3/24/2025,Wind,83,Monday,March,Spring,747,4,5
12/22/2020,Wind,357,Tuesday,December,Winter,9500,11,12
5/5/2020,Wind,126,Tuesday,May,Spring,2517,22,23
12/14/2024,Wind,349,Saturday,December,Winter,2252,7,8
2/3/2023,Wind,34,Friday,February,Winter,4534,21,22
11/12/2022,Wind,316,Saturday,November,Fall,4144,8,9
7/18/2024,Solar,200,Thursday,July,Summer,7522,11,12
3/9/2020,Wind,69,Monday,March,Spring,6476,6,7
6/28/2021,Solar,179,Monday,June,Summer,4142,12,13
3/24/2022,Solar,83,Thursday,March,Spring,6783,11,12
1/3/2020,Wind,3,Friday,January,Winter,9177,8,9
5/2/2025,Wind,122,Friday,May,Spring,3054,20,21
11/23/2022,Wind,327,Wednesday,November,Fall,12239,10,11
11/3/2023,Wind,307,Friday,November,Fall,9640,4,5
4/9/2024,Wind,100,Tuesday,April,Spring,8241,23,0
5/16/2021,Wind,136,Sunday,May,Spring,9726,19,20
2/14/2025,Wind,45,Friday,February,Winter,5166,5,6
10/23/2022,Wind,296,Sunday,October,Fall,13158,14,15
12/14/2022,Wind,348,Wednesday,December,Winter,2357,17,18
7/31/2024,Solar,213,Wednesday,July,Summer,6848,16,17
1/15/2025,Wind,15,Wednesday,January,Winter,2675,0,1
11/21/2021,Wind,325,Sunday,November,Fall,5308,21,22
11/12/2023,Wind,316,Sunday,November,Fall,7747,5,6
11/10/2021,Wind,314,Wednesday,November,Fall,1095,19,20
10/30/2022,Wind,303,Sunday,October,Fall,4128,15,16
1/12/2021,Wind,12,Tuesday,January,Winter,11705,13,14
11/17/2023,Wind,321,Friday,November,Fall,4471,5,6
7/3/2022,Solar,184,Sunday,July,Summer,2588,8,9
3/9/2021,Wind,68,Tuesday,March,Spring,3112,17,18
3/17/2023,Wind,76,Friday,March,Spring,9438,10,11
4/1/2025,Wind,91,Tuesday,April,Spring,10726,5,6
3/28/2020,Wind,88,Saturday,March,Spring,2228,2,3
1/29/2022,Wind,29,Saturday,January,Winter,5616,4,5
2/11/2023,Wind,42,Saturday,February,Winter,2311,1,2
5/19/2020,Wind,140,Tuesday,May,Spring,3873,22,23
5/8/2023,Wind,128,Monday,May,Spring,1613,20,21
4/23/2021,Solar,113,Friday,April,Spring,4703,9,10
10/13/2025,Wind,286,Monday,October,Fall,6779,19,20
1/8/2020,Wind,8,Wednesday,January,Winter,5049,12,13
11/13/2023,Wind,317,Monday,November,Fall,10748,4,5
6/30/2021,Wind,181,Wednesday,June,Summer,2072,5,6
8/28/2023,Wind,240,Monday,August,Summer,3728,3,4
9/2/2021,Wind,245,Thursday,September,Fall,6041,16,17
3/31/2022,Wind,90,Thursday,March,Spring,5596,7,8
1/14/2023,Wind,14,Saturday,January,Winter,18425,14,15
12/10/2020,Wind,345,Thursday,December,Winter,3945,17,18
1/6/2025,Wind,6,Monday,January,Winter,18841,8,9
2/5/2024,Wind,36,Monday,February,Winter,9758,14,15
11/4/2024,Solar,309,Monday,November,Fall,4760,14,15
11/10/2022,Wind,314,Thursday,November,Fall,3540,4,5
7/14/2020,Solar,196,Tuesday,July,Summer,2423,9,10
9/17/2020,Wind,261,Thursday,September,Fall,4803,0,1
7/12/2021,Solar,193,Monday,July,Summer,4724,15,16
5/22/2020,Solar,143,Friday,May,Spring,5050,10,11
1/18/2021,Wind,18,Monday,January,Winter,5818,14,15
9/22/2022,Wind,265,Thursday,September,Fall,613,22,23
2/22/2021,Wind,53,Monday,February,Winter,6262,7,8
3/22/2020,Wind,82,Sunday,March,Spring,8856,8,9
10/12/2020,Wind,286,Monday,October,Fall,2453,9,10
4/19/2025,Wind,109,Saturday,April,Spring,4612,15,16
8/25/2025,Wind,237,Monday,August,Summer,1411,22,23
4/20/2022,Wind,110,Wednesday,April,Spring,4490,4,5
12/9/2020,Wind,344,Wednesday,December,Winter,2985,14,15
7/22/2020,Solar,204,Wednesday,July,Summer,4307,14,15
5/21/2023,Wind,141,Sunday,May,Spring,5032,5,6
1/22/2022,Wind,22,Saturday,January,Winter,2925,6,7
12/1/2021,Wind,335,Wednesday,December,Winter,12759,11,12
1/11/2021,Wind,11,Monday,January,Winter,1886,2,3
3/9/2020,Wind,69,Monday,March,Spring,7030,5,6
2/26/2024,Wind,57,Monday,February,Winter,13709,16,17
3/7/2022,Wind,66,Monday,March,Spring,5870,18,19
10/11/2021,Solar,284,Monday,October,Fall,4324,10,11
9/1/2025,Wind,244,Monday,September,Fall,12704,13,14
10/2/2020,Wind,276,Friday,October,Fall,3285,22,23
12/20/2024,Wind,355,Friday,December,Winter,8847,11,12
8/7/2022,Solar,219,Sunday,August,Summer,10239,15,16
2/7/2024,Wind,38,Wednesday,February,Winter,17700,13,14
6/4/2020,Wind,156,Thursday,June,Summer,6146,16,17
10/13/2021,Wind,286,Wednesday,October,Fall,2432,7,8
2/9/2020,Wind,40,Sunday,February,Winter,8445,1,2
2/21/2022,Wind,52,Monday,February,Winter,10192,22,23
3/3/2024,Wind,63,Sunday,March,Spring,3260,5,6
7/17/2025,Wind,198,Thursday,July,Summer,1257,4,5
2/23/2024,Wind,54,Friday,February,Winter,12084,16,17
3/7/2025,Wind,66,Friday,March,Spring,10966,23,0
12/15/2023,Wind,349,Friday,December,Winter,1834,20,21
9/24/2025,Wind,267,Wednesday,September,Fall,7488,1,2
8/3/2025,Solar,215,Sunday,August,Summer,4235,8,9
11/20/2025,Wind,324,Thursday,November,Fall,3840,17,18
9/11/2020,Wind,255,Friday,September,Fall,1169,8,9
11/2/2025,Wind,306,Sunday,November,Fall,8973,6,7
9/22/2022,Solar,265,Thursday,September,Fall,5500,15,16
5/23/2020,Wind,144,Saturday,May,Spring,8605,15,16
12/20/2022,Wind,354,Tuesday,December,Winter,13706,0,1
11/22/2024,Wind,327,Friday,November,Fall,5864,0,1
11/13/2022,Wind,317,Sunday,November,Fall,2267,3,4
4/19/2021,Solar,109,Monday,April,Spring,3728,10,11
7/4/2024,Wind,186,Thursday,July,Summer,7129,6,7
6/26/2023,Wind,177,Monday,June,Summer,3874,21,22
10/22/2023,Wind,295,Sunday,October,Fall,2996,21,22
1/16/2022,Solar,16,Sunday,January,Winter,5824,13,14
9/7/2020,Wind,251,Monday,September,Fall,1722,23,0
5/23/2022,Wind,143,Monday,May,Spring,3621,7,8
10/4/2025,Wind,277,Saturday,October,Fall,16699,1,2
12/10/2020,Wind,345,Thursday,December,Winter,6025,20,21
5/1/2021,Wind,121,Saturday,May,Spring,1335,6,7
6/11/2021,Wind,162,Friday,June,Summer,2701,19,20
1/1/2024,Wind,1,Monday,January,Winter,12702,10,11
5/9/2023,Wind,129,Tuesday,May,Spring,5818,10,11
1/12/2022,Solar,12,Wednesday,January,Winter,3844,15,16
11/12/2023,Wind,316,Sunday,November,Fall,7217,3,4
11/2/2022,Wind,306,Wednesday,November,Fall,10172,1,2
9/8/2020,Solar,252,Tuesday,September,Fall,4412,13,14
4/16/2021,Wind,106,Friday,April,Spring,6013,0,1
11/15/2022,Wind,319,Tuesday,November,Fall,6725,2,3
12/23/2022,Wind,357,Friday,December,Winter,13142,19,20
4/13/2022,Solar,103,Wednesday,April,Spring,2030,9,10
4/21/2023,Solar,111,Friday,April,Spring,7766,15,16
3/3/2025,Wind,62,Monday,March,Spring,3662,20,21
11/11/2022,Solar,315,Friday,November,Fall,6178,11,12
6/10/2023,Wind,161,Saturday,June,Summer,2892,19,20
8/25/2021,Wind,237,Wednesday,August,Summer,6301,1,2
2/4/2022,Wind,35,Friday,February,Winter,5142,22,23
2/3/2020,Wind,34,Monday,February,Winter,8082,3,4
3/24/2021,Solar,83,Wednesday,March,Spring,3598,9,10
4/25/2021,Wind,115,Sunday,April,Spring,8643,1,2
6/15/2024,Wind,167,Saturday,June,Summer,9554,17,18
1/7/2020,Wind,7,Tuesday,January,Winter,4202,15,16
3/25/2021,Wind,84,Thursday,March,Spring,1803,5,6
4/11/2021,Wind,101,Sunday,April,Spring,4909,4,5
12/25/2022,Wind,359,Sunday,December,Winter,9014,14,15
9/9/2025,Wind,252,Tuesday,September,Fall,2515,19,20
6/28/2020,Wind,180,Sunday,June,Summer,5007,2,3
4/29/2022,Wind,119,Friday,April,Spring,3276,3,4
4/8/2023,Wind,98,Saturday,April,Spring,3945,7,8
3/19/2023,Wind,78,Sunday,March,Spring,2707,6,7
3/23/2020,Wind,83,Monday,March,Spring,8097,8,9
7/4/2023,Wind,185,Tuesday,July,Summer,7479,21,22
9/2/2021,Wind,245,Thursday,September,Fall,5757,6,7
5/1/2024,Wind,122,Wednesday,May,Spring,1919,4,5
8/10/2024,Solar,223,Saturday,August,Summer,2611,8,9
4/6/2024,Wind,97,Saturday,April,Spring,13920,4,5
7/28/2020,Wind,210,Tuesday,July,Summer,7320,15,16
9/12/2023,Solar,255,Tuesday,September,Fall,4847,14,15
6/20/2022,Wind,171,Monday,June,Summer,3854,7,8
4/30/2024,Wind,121,Tuesday,April,Spring,3211,4,5
7/19/2021,Wind,200,Monday,July,Summer,3621,8,9
11/2/2024,Wind,307,Saturday,November,Fall,2593,5,6
10/23/2023,Wind,296,Monday,October,Fall,4629,1,2
11/8/2025,Wind,312,Saturday,November,Fall,2972,22,23
7/17/2022,Wind,198,Sunday,July,Summer,4452,7,8
8/21/2023,Solar,233,Monday,August,Summer,2986,18,19
4/14/2022,Wind,104,Thursday,April,Spring,1781,19,20
11/2/2023,Wind,306,Thursday,November,Fall,16663,14,15
3/11/2024,Wind,71,Monday,March,Spring,3569,1,2
5/19/2025,Wind,139,Monday,May,Spring,5554,4,5
8/18/2023,Wind,230,Friday,August,Summer,2753,8,9
1/24/2021,Wind,24,Sunday,January,Winter,9368,15,16
11/4/2025,Wind,308,Tuesday,November,Fall,14722,19,20
1/2/2025,Wind,2,Thursday,January,Winter,2940,17,18
11/7/2022,Wind,311,Monday,November,Fall,14582,13,14
6/21/2022,Solar,172,Tuesday,June,Summer,4256,17,18
10/23/2025,Wind,296,Thursday,October,Fall,21130,10,11
12/4/2021,Wind,338,Saturday,December,Winter,8479,5,6
6/30/2025,Wind,181,Monday,June,Summer,4201,3,4
11/6/2022,Wind,310,Sunday,November,Fall,11082,20,21
10/22/2021,Wind,295,Friday,October,Fall,7563,15,16
9/26/2024,Wind,270,Thursday,September,Fall,18099,17,18
11/10/2025,Wind,314,Monday,November,Fall,7424,7,8
12/14/2023,Wind,348,Thursday,December,Winter,7386,3,4
1/30/2025,Wind,30,Thursday,January,Winter,7524,15,16
12/26/2020,Wind,361,Saturday,December,Winter,2946,6,7
9/22/2025,Wind,265,Monday,September,Fall,8345,17,18
12/10/2024,Wind,345,Tuesday,December,Winter,10950,1,2
12/1/2020,Wind,336,Tuesday,December,Winter,7384,4,5
9/23/2021,Wind,266,Thursday,September,Fall,1187,2,3
7/17/2022,Solar,198,Sunday,July,Summer,8450,14,15
7/20/2020,Solar,202,Monday,July,Summer,4972,17,18
9/10/2023,Wind,253,Sunday,September,Fall,3618,8,9
7/10/2023,Solar,191,Monday,July,Summer,8155,12,13
2/10/2021,Wind,41,Wednesday,February,Winter,8366,10,11
1/29/2020,Wind,29,Wednesday,January,Winter,5091,16,17
9/16/2025,Wind,259,Tuesday,September,Fall,12139,1,2
11/29/2020,Wind,334,Sunday,November,Fall,1854,23,0
9/20/2022,Solar,263,Tuesday,September,Fall,4950,10,11
8/22/2020,Wind,235,Saturday,August,Summer,5453,8,9
1/9/2022,Wind,9,Sunday,January,Winter,13974,2,3
6/4/2020,Wind,156,Thursday,June,Summer,2997,1,2
11/4/2021,Wind,308,Thursday,November,Fall,3557,18,19
1/14/2023,Wind,14,Saturday,January,Winter,15699,17,18
2/21/2021,Wind,52,Sunday,February,Winter,6413,18,19
5/2/2021,Wind,122,Sunday,May,Spring,919,21,22
5/30/2025,Wind,150,Friday,May,Spring,790,4,5
2/8/2024,Wind,39,Thursday,February,Winter,17063,15,16
3/22/2023,Wind,81,Wednesday,March,Spring,10725,7,8
4/22/2023,Wind,112,Saturday,April,Spring,4253,3,4
3/27/2024,Wind,87,Wednesday,March,Spring,15606,14,15
12/25/2020,Wind,360,Friday,December,Winter,6831,10,11
12/24/2023,Wind,358,Sunday,December,Winter,10062,4,5
5/24/2024,Solar,145,Friday,May,Spring,5499,13,14
4/28/2020,Wind,119,Tuesday,April,Spring,7447,18,19
8/20/2025,Wind,232,Wednesday,August,Summer,3508,22,23
1/24/2022,Wind,24,Monday,January,Winter,3310,1,2
4/20/2023,Wind,110,Thursday,April,Spring,9461,16,17
9/2/2020,Wind,246,Wednesday,September,Fall,1225,22,23
9/2/2023,Wind,245,Saturday,September,Fall,2344,20,21
9/10/2020,Solar,254,Thursday,September,Fall,2771,10,11
8/22/2025,Solar,234,Friday,August,Summer,5766,18,19
5/24/2023,Solar,144,Wednesday,May,Spring,6816,9,10
1/11/2025,Wind,11,Saturday,January,Winter,2854,9,10
2/28/2024,Wind,59,Wednesday,February,Winter,4724,0,1
3/6/2020,Wind,66,Friday,March,Spring,8581,14,15
8/18/2020,Wind,231,Tuesday,August,Summer,3539,18,19
2/18/2022,Wind,49,Friday,February,Winter,9335,3,4
9/3/2021,Solar,246,Friday,September,Fall,3775,14,15
3/24/2020,Wind,84,Tuesday,March,Spring,7447,23,0
8/25/2024,Wind,238,Sunday,August,Summer,2137,20,21
10/22/2021,Wind,295,Friday,October,Fall,2121,0,1
7/17/2021,Wind,198,Saturday,July,Summer,5398,19,20
10/30/2022,Wind,303,Sunday,October,Fall,5100,8,9
3/9/2021,Solar,68,Tuesday,March,Spring,5136,15,16
6/23/2020,Wind,175,Tuesday,June,Summer,2034,1,2
4/22/2023,Wind,112,Saturday,April,Spring,4008,1,2
7/12/2024,Solar,194,Friday,July,Summer,7573,12,13
9/5/2024,Wind,249,Thursday,September,Fall,700,22,23
4/16/2021,Wind,106,Friday,April,Spring,5880,1,2
5/17/2022,Wind,137,Tuesday,May,Spring,2321,2,3
10/1/2024,Wind,275,Tuesday,October,Fall,4747,23,0
9/27/2021,Wind,270,Monday,September,Fall,6867,8,9
4/3/2020,Wind,94,Friday,April,Spring,2170,8,9
1/17/2023,Wind,17,Tuesday,January,Winter,4827,23,0
11/7/2024,Solar,312,Thursday,November,Fall,5149,13,14
3/31/2020,Wind,91,Tuesday,March,Spring,6769,1,2
3/28/2020,Wind,88,Saturday,March,Spring,11081,22,23
9/14/2024,Solar,258,Saturday,September,Fall,10121,12,13
10/18/2025,Solar,291,Saturday,October,Fall,7924,16,17
10/31/2021,Wind,304,Sunday,October,Fall,10469,17,18
4/28/2022,Solar,118,Thursday,April,Spring,7312,15,16
1/24/2024,Wind,24,Wednesday,January,Winter,6892,19,20
6/24/2021,Wind,175,Thursday,June,Summer,1974,22,23
12/11/2023,Wind,345,Monday,December,Winter,6768,16,17
1/27/2024,Solar,27,Saturday,January,Winter,5814,11,12
8/15/2022,Solar,227,Monday,August,Summer,8036,14,15
1/29/2021,Wind,29,Friday,January,Winter,13907,3,4
9/5/2020,Wind,249,Saturday,September,Fall,2121,1,2
8/12/2024,Solar,225,Monday,August,Summer,8871,16,17
1/26/2021,Wind,26,Tuesday,January,Winter,5482,13,14
4/11/2025,Wind,101,Friday,April,Spring,4837,20,21
7/11/2025,Solar,192,Friday,July,Summer,11758,11,12
5/16/2025,Solar,136,Friday,May,Spring,7092,13,14
10/25/2025,Wind,298,Saturday,October,Fall,9821,16,17
1/31/2021,Wind,31,Sunday,January,Winter,5906,22,23
5/25/2025,Wind,145,Sunday,May,Spring,9581,13,14
7/5/2022,Solar,186,Tuesday,July,Summer,4126,9,10
11/19/2020,Wind,324,Thursday,November,Fall,9061,9,10
10/18/2022,Wind,291,Tuesday,October,Fall,5538,22,23
1/15/2023,Wind,15,Sunday,January,Winter,10240,3,4
5/2/2022,Wind,122,Monday,May,Spring,3792,20,21
10/8/2020,Wind,282,Thursday,October,Fall,6421,3,4
11/24/2023,Wind,328,Friday,November,Fall,8505,1,2
5/17/2020,Solar,138,Sunday,May,Spring,4507,10,11
3/18/2022,Wind,77,Friday,March,Spring,6998,3,4
10/28/2023,Wind,301,Saturday,October,Fall,16635,22,23
5/19/2021,Wind,139,Wednesday,May,Spring,3258,2,3
7/17/2022,Wind,198,Sunday,July,Summer,2312,20,21
7/22/2023,Solar,203,Saturday,July,Summer,10194,11,12
11/12/2024,Wind,317,Tuesday,November,Fall,13235,13,14
3/27/2022,Wind,86,Sunday,March,Spring,4841,9,10
4/5/2022,Wind,95,Tuesday,April,Spring,9675,17,18
8/29/2023,Wind,241,Tuesday,August,Summer,1992,20,21
6/23/2025,Wind,174,Monday,June,Summer,3779,22,23
2/9/2020,Wind,40,Sunday,February,Winter,11896,20,21
1/5/2023,Wind,5,Thursday,January,Winter,7965,6,7
9/15/2023,Wind,258,Friday,September,Fall,3195,20,21
9/15/2023,Wind,258,Friday,September,Fall,4953,23,0
11/14/2020,Wind,319,Saturday,November,Fall,8436,15,16
2/11/2022,Wind,42,Friday,February,Winter,2107,17,18
2/20/2025,Wind,51,Thursday,February,Winter,7070,4,5
6/28/2025,Solar,179,Saturday,June,Summer,3941,8,9
8/6/2022,Wind,218,Saturday,August,Summer,5611,4,5
5/24/2020,Wind,145,Sunday,May,Spring,2435,23,0
6/13/2025,Wind,164,Friday,June,Summer,5332,23,0
5/3/2025,Solar,123,Saturday,May,Spring,10481,16,17
11/22/2024,Wind,327,Friday,November,Fall,9522,7,8
8/22/2021,Wind,234,Sunday,August,Summer,4991,9,10
1/10/2023,Wind,10,Tuesday,January,Winter,15075,12,13
6/21/2021,Wind,172,Monday,June,Summer,2933,4,5
9/20/2022,Solar,263,Tuesday,September,Fall,5469,17,18
1/27/2021,Wind,27,Wednesday,January,Winter,3743,17,18
9/23/2020,Wind,267,Wednesday,September,Fall,4073,9,10
4/8/2020,Solar,99,Wednesday,April,Spring,1595,18,19
10/9/2024,Wind,283,Wednesday,October,Fall,8883,7,8
5/7/2025,Wind,127,Wednesday,May,Spring,9348,0,1
9/14/2023,Wind,257,Thursday,September,Fall,1857,21,22
2/11/2020,Wind,42,Tuesday,February,Winter,11769,5,6
1/17/2020,Wind,17,Friday,January,Winter,8804,12,13
3/24/2025,Solar,83,Monday,March,Spring,6048,14,15
8/7/2024,Solar,220,Wednesday,August,Summer,5496,10,11
5/15/2025,Wind,135,Thursday,May,Spring,6358,1,2
3/22/2023,Wind,81,Wednesday,March,Spring,9994,6,7
11/26/2020,Wind,331,Thursday,November,Fall,1476,16,17
5/13/2020,Wind,134,Wednesday,May,Spring,7492,20,21
3/18/2025,Wind,77,Tuesday,March,Spring,12131,1,2
11/6/2025,Wind,310,Thursday,November,Fall,6247,10,11
8/19/2021,Wind,231,Thursday,August,Summer,1695,3,4
2/23/2020,Wind,54,Sunday,February,Winter,9644,4,5
4/23/2025,Wind,113,Wednesday,April,Spring,6268,3,4
5/10/2022,Wind,130,Tuesday,May,Spring,1193,2,3
12/1/2023,Wind,335,Friday,December,Winter,5060,20,21
7/21/2021,Wind,202,Wednesday,July,Summer,2864,2,3
9/23/2022,Wind,266,Friday,September,Fall,546,5,6
1/3/2023,Wind,3,Tuesday,January,Winter,6763,10,11
12/7/2024,Wind,342,Saturday,December,Winter,17557,22,23
3/28/2022,Wind,87,Monday,March,Spring,1693,3,4
10/7/2020,Wind,281,Wednesday,October,Fall,6946,10,11
8/23/2022,Wind,235,Tuesday,August,Summer,736,21,22
5/27/2023,Wind,147,Saturday,May,Spring,3594,20,21
10/10/2023,Wind,283,Tuesday,October,Fall,2170,20,21
5/17/2025,Wind,137,Saturday,May,Spring,4673,4,5
5/21/2020,Wind,142,Thursday,May,Spring,660,21,22
3/15/2023,Wind,74,Wednesday,March,Spring,2413,7,8
12/14/2024,Wind,349,Saturday,December,Winter,3475,10,11
1/19/2025,Solar,19,Sunday,January,Winter,3805,14,15
12/29/2021,Wind,363,Wednesday,December,Winter,9126,1,2
1/29/2025,Wind,29,Wednesday,January,Winter,17602,1,2
1/22/2024,Wind,22,Monday,January,Winter,16724,2,3
8/21/2023,Solar,233,Monday,August,Summer,2472,8,9
9/16/2022,Wind,259,Friday,September,Fall,5135,21,22
4/21/2023,Wind,111,Friday,April,Spring,3141,7,8
4/22/2023,Wind,112,Saturday,April,Spring,9856,15,16
11/5/2021,Wind,309,Friday,November,Fall,2244,22,23
12/23/2024,Wind,358,Monday,December,Winter,16444,6,7
3/9/2022,Wind,68,Wednesday,March,Spring,5318,17,18
8/10/2025,Wind,222,Sunday,August,Summer,7903,23,0
2/17/2023,Wind,48,Friday,February,Winter,7099,1,2
8/29/2020,Wind,242,Saturday,August,Summer,4957,18,19
8/29/2025,Wind,241,Friday,August,Summer,13975,9,10
2/5/2021,Wind,36,Friday,February,Winter,1837,7,8
5/13/2020,Wind,134,Wednesday,May,Spring,5295,10,11
1/27/2024,Wind,27,Saturday,January,Winter,1993,1,2
2/13/2025,Wind,44,Thursday,February,Winter,1808,8,9
3/10/2022,Wind,69,Thursday,March,Spring,6268,20,21
7/2/2022,Wind,183,Saturday,July,Summer,780,4,5
2/11/2022,Wind,42,Friday,February,Winter,2877,21,22
12/18/2022,Wind,352,Sunday,December,Winter,9972,16,17
4/7/2023,Solar,97,Friday,April,Spring,8432,14,15
1/9/2025,Wind,9,Thursday,January,Winter,13546,12,13
12/19/2020,Wind,354,Saturday,December,Winter,5475,23,0
2/18/2022,Wind,49,Friday,February,Winter,18336,12,13
10/16/2025,Wind,289,Thursday,October,Fall,5067,7,8
9/29/2020,Wind,273,Tuesday,September,Fall,648,23,0
8/17/2025,Wind,229,Sunday,August,Summer,5689,3,4
9/29/2022,Solar,272,Thursday,September,Fall,3096,10,11
4/22/2024,Wind,113,Monday,April,Spring,4627,22,23
7/3/2025,Wind,184,Thursday,July,Summer,6293,23,0
10/1/2020,Wind,275,Thursday,October,Fall,6509,10,11
2/24/2024,Wind,55,Saturday,February,Winter,7042,2,3
6/26/2024,Wind,178,Wednesday,June,Summer,1220,23,0
11/17/2022,Wind,321,Thursday,November,Fall,15564,11,12
8/23/2022,Wind,235,Tuesday,August,Summer,1180,1,2
3/8/2025,Wind,67,Saturday,March,Spring,14394,12,13
4/25/2020,Wind,116,Saturday,April,Spring,1918,6,7
3/29/2025,Wind,88,Saturday,March,Spring,14163,13,14
3/20/2021,Wind,79,Saturday,March,Spring,6045,1,2
3/26/2021,Wind,85,Friday,March,Spring,11408,14,15
4/25/2023,Wind,115,Tuesday,April,Spring,2929,0,1
10/16/2020,Wind,290,Friday,October,Fall,2998,7,8
7/15/2022,Solar,196,Friday,July,Summer,7499,15,16
8/28/2023,Wind,240,Monday,August,Summer,3258,4,5
1/9/2024,Wind,9,Tuesday,January,Winter,4857,0,1
11/5/2025,Wind,309,Wednesday,November,Fall,12356,15,16
12/14/2020,Wind,349,Monday,December,Winter,6487,22,23
7/31/2022,Wind,212,Sunday,July,Summer,3161,23,0
1/14/2023,Wind,14,Saturday,January,Winter,13584,20,21
4/13/2020,Wind,104,Monday,April,Spring,11122,16,17
2/26/2024,Wind,57,Monday,February,Winter,14168,13,14
9/3/2020,Wind,247,Thursday,September,Fall,1674,6,7
12/21/2020,Wind,356,Monday,December,Winter,11318,16,17
4/24/2023,Wind,114,Monday,April,Spring,9557,0,1
4/30/2023,Wind,120,Sunday,April,Spring,1754,20,21
8/27/2021,Solar,239,Friday,August,Summer,5627,10,11
9/16/2022,Solar,259,Friday,September,Fall,6902,11,12
11/21/2025,Wind,325,Friday,November,Fall,4563,1,2
9/22/2022,Solar,265,Thursday,September,Fall,6248,13,14
6/26/2021,Solar,177,Saturday,June,Summer,2918,18,19
5/24/2023,Wind,144,Wednesday,May,Spring,6974,21,22
7/21/2020,Wind,203,Tuesday,July,Summer,3934,19,20
8/8/2021,Wind,220,Sunday,August,Summer,9302,12,13
3/5/2021,Wind,64,Friday,March,Spring,9127,12,13
7/28/2022,Wind,209,Thursday,July,Summer,1995,23,0
8/6/2023,Wind,218,Sunday,August,Summer,13743,1,2
12/2/2022,Wind,336,Friday,December,Winter,3878,15,16
10/11/2023,Wind,284,Wednesday,October,Fall,6965,17,18
11/20/2022,Wind,324,Sunday,November,Fall,4543,1,2
7/15/2023,Wind,196,Saturday,July,Summer,11920,10,11
2/9/2023,Solar,40,Thursday,February,Winter,4291,10,11
3/11/2024,Wind,71,Monday,March,Spring,10464,14,15
2/28/2023,Wind,59,Tuesday,February,Winter,7747,17,18
7/19/2022,Wind,200,Tuesday,July,Summer,5843,0,1
3/24/2022,Wind,83,Thursday,March,Spring,5843,23,0
7/31/2021,Wind,212,Saturday,July,Summer,5229,2,3
2/1/2025,Wind,32,Saturday,February,Winter,3211,5,6
8/29/2020,Wind,242,Saturday,August,Summer,3727,10,11
1/21/2021,Wind,21,Thursday,January,Winter,12756,3,4
7/3/2022,Wind,184,Sunday,July,Summer,1428,3,4
9/14/2025,Wind,257,Sunday,September,Fall,5040,0,1
12/22/2021,Wind,356,Wednesday,December,Winter,3172,8,9
2/6/2021,Wind,37,Saturday,February,Winter,4300,18,19
3/9/2020,Wind,69,Monday,March,Spring,8263,16,17
2/5/2022,Wind,36,Saturday,February,Winter,3579,7,8
10/31/2025,Wind,304,Friday,October,Fall,14868,20,21
4/7/2025,Solar,97,Monday,April,Spring,5498,18,19
8/2/2021,Wind,214,Monday,August,Summer,1200,2,3
6/11/2025,Solar,162,Wednesday,June,Summer,8263,17,18
10/25/2022,Solar,298,Tuesday,October,Fall,5679,13,14
10/21/2022,Wind,294,Friday,October,Fall,9051,5,6
10/20/2025,Wind,293,Monday,October,Fall,19753,13,14
8/14/2025,Wind,226,Thursday,August,Summer,3576,19,20
1/30/2024,Wind,30,Tuesday,January,Winter,6919,8,9
7/6/2023,Solar,187,Thursday,July,Summer,3928,9,10
6/8/2020,Solar,160,Monday,June,Summer,5620,14,15
10/7/2021,Wind,280,Thursday,October,Fall,1491,7,8
4/4/2021,Wind,94,Sunday,April,Spring,5664,4,5
11/26/2020,Solar,331,Thursday,November,Fall,2923,14,15
12/30/2024,Solar,365,Monday,December,Winter,2306,10,11
8/30/2022,Solar,242,Tuesday,August,Summer,5938,14,15
7/19/2021,Solar,200,Monday,July,Summer,5500,10,11
7/24/2021,Wind,205,Saturday,July,Summer,4225,8,9
2/21/2021,Wind,52,Sunday,February,Winter,8883,5,6
4/27/2022,Wind,117,Wednesday,April,Spring,5575,2,3
1/4/2023,Wind,4,Wednesday,January,Winter,17318,12,13
7/11/2021,Wind,192,Sunday,July,Summer,1348,0,1
11/4/2025,Wind,308,Tuesday,November,Fall,14429,20,21
9/12/2022,Wind,255,Monday,September,Fall,3604,8,9
9/2/2022,Wind,245,Friday,September,Fall,1890,6,7
5/5/2021,Wind,125,Wednesday,May,Spring,9071,9,10
1/29/2021,Wind,29,Friday,January,Winter,11119,19,20
11/26/2023,Wind,330,Sunday,November,Fall,5154,22,23
11/7/2024,Wind,312,Thursday,November,Fall,3375,20,21
8/3/2021,Wind,215,Tuesday,August,Summer,1828,19,20
4/19/2022,Wind,109,Tuesday,April,Spring,2444,8,9
8/8/2021,Wind,220,Sunday,August,Summer,9714,14,15
1/2/2022,Wind,2,Sunday,January,Winter,8787,6,7
2/5/2024,Wind,36,Monday,February,Winter,8276,21,22
7/11/2021,Wind,192,Sunday,July,Summer,1192,2,3
9/20/2020,Wind,264,Sunday,September,Fall,2433,21,22
11/11/2024,Wind,316,Monday,November,Fall,6891,11,12
7/31/2024,Wind,213,Wednesday,July,Summer,2129,4,5
3/21/2020,Wind,81,Saturday,March,Spring,7735,0,1
10/14/2021,Solar,287,Thursday,October,Fall,5650,14,15
1/19/2025,Wind,19,Sunday,January,Winter,1188,22,23
10/7/2024,Wind,281,Monday,October,Fall,6044,13,14
2/13/2025,Wind,44,Thursday,February,Winter,1090,2,3
6/11/2022,Solar,162,Saturday,June,Summer,2423,8,9
10/25/2023,Wind,298,Wednesday,October,Fall,10380,9,10
3/18/2024,Solar,78,Monday,March,Spring,5581,10,11
9/21/2020,Wind,265,Monday,September,Fall,817,4,5
11/28/2025,Wind,332,Friday,November,Fall,7806,7,8
4/7/2020,Wind,98,Tuesday,April,Spring,1718,4,5
3/2/2020,Wind,62,Monday,March,Spring,5353,10,11
7/23/2020,Solar,205,Thursday,July,Summer,2720,10,11
3/22/2022,Wind,81,Tuesday,March,Spring,4199,23,0
2/22/2023,Wind,53,Wednesday,February,Winter,1437,22,23
10/4/2023,Wind,277,Wednesday,October,Fall,3511,0,1
10/26/2023,Wind,299,Thursday,October,Fall,4734,17,18
2/25/2023,Wind,56,Saturday,February,Winter,8542,19,20
8/28/2024,Wind,241,Wednesday,August,Summer,2163,21,22
11/13/2020,Wind,318,Friday,November,Fall,4593,15,16
4/29/2021,Solar,119,Thursday,April,Spring,3421,16,17
4/15/2024,Wind,106,Monday,April,Spring,14523,21,22
2/17/2024,Wind,48,Saturday,February,Winter,4037,9,10
10/18/2020,Wind,292,Sunday,October,Fall,912,22,23
10/7/2023,Solar,280,Saturday,October,Fall,6141,10,11
7/17/2021,Wind,198,Saturday,July,Summer,5090,23,0
10/30/2022,Wind,303,Sunday,October,Fall,2069,20,21
2/2/2021,Wind,33,Tuesday,February,Winter,11997,10,11
6/25/2020,Wind,177,Thursday,June,Summer,3558,5,6
5/3/2025,Solar,123,Saturday,May,Spring,9346,17,18
11/12/2021,Wind,316,Friday,November,Fall,934,0,1
8/2/2024,Solar,215,Friday,August,Summer,6672,11,12
9/26/2020,Wind,270,Saturday,September,Fall,8134,20,21
9/21/2023,Wind,264,Thursday,September,Fall,9550,3,4
4/23/2022,Wind,113,Saturday,April,Spring,6361,9,10
1/2/2021,Wind,2,Saturday,January,Winter,1837,18,19
12/17/2021,Wind,351,Friday,December,Winter,8144,18,19
11/23/2021,Wind,327,Tuesday,November,Fall,9900,12,13
12/13/2023,Wind,347,Wednesday,December,Winter,9953,1,2
10/27/2024,Solar,301,Sunday,October,Fall,3309,9,10
9/7/2025,Wind,250,Sunday,September,Fall,6555,1,2
8/22/2020,Wind,235,Saturday,August,Summer,5104,2,3
7/30/2022,Wind,211,Saturday,July,Summer,1951,21,22
8/26/2025,Wind,238,Tuesday,August,Summer,5983,8,9
11/1/2020,Wind,306,Sunday,November,Fall,13574,11,12
6/20/2025,Solar,171,Friday,June,Summer,8561,10,11
9/22/2023,Wind,265,Friday,September,Fall,11770,12,13
1/20/2025,Wind,20,Monday,January,Winter,1668,5,6
10/20/2021,Wind,293,Wednesday,October,Fall,10713,5,6
12/20/2020,Wind,355,Sunday,December,Winter,4461,15,16
8/9/2025,Wind,221,Saturday,August,Summer,5496,19,20
11/20/2024,Wind,325,Wednesday,November,Fall,8076,3,4
7/2/2025,Wind,183,Wednesday,July,Summer,11247,17,18
1/23/2020,Wind,23,Thursday,January,Winter,2993,21,22
8/11/2021,Wind,223,Wednesday,August,Summer,704,3,4
6/10/2020,Solar,162,Wednesday,June,Summer,3105,16,17
8/9/2021,Wind,221,Monday,August,Summer,2967,6,7
11/5/2020,Wind,310,Thursday,November,Fall,8082,20,21
4/23/2024,Wind,114,Tuesday,April,Spring,4273,1,2
7/30/2024,Wind,212,Tuesday,July,Summer,2765,23,0
7/23/2022,Solar,204,Saturday,July,Summer,6571,15,16
12/25/2020,Wind,360,Friday,December,Winter,6863,1,2
8/8/2024,Wind,221,Thursday,August,Summer,1289,1,2
12/30/2022,Wind,364,Friday,December,Winter,15843,17,18
2/25/2022,Wind,56,Friday,February,Winter,7997,10,11
10/21/2023,Wind,294,Saturday,October,Fall,20931,12,13
7/21/2021,Wind,202,Wednesday,July,Summer,1927,5,6
11/15/2023,Wind,319,Wednesday,November,Fall,10577,10,11
1/9/2023,Wind,9,Monday,January,Winter,13412,17,18
11/8/2021,Wind,312,Monday,November,Fall,1922,7,8
4/14/2021,Wind,104,Wednesday,April,Spring,5346,22,23
6/27/2021,Wind,178,Sunday,June,Summer,1366,20,21
2/5/2020,Wind,36,Wednesday,February,Winter,1746,17,18
9/17/2021,Wind,260,Friday,September,Fall,711,2,3
12/29/2023,Wind,363,Friday,December,Winter,12493,6,7
12/2/2022,Wind,336,Friday,December,Winter,2232,1,2
7/23/2021,Solar,204,Friday,July,Summer,7412,13,14
1/26/2025,Wind,26,Sunday,January,Winter,10046,4,5
6/3/2022,Wind,154,Friday,June,Summer,2859,21,22
6/23/2022,Wind,174,Thursday,June,Summer,1625,0,1
4/23/2021,Wind,113,Friday,April,Spring,7944,17,18
3/23/2022,Solar,82,Wednesday,March,Spring,5220,16,17
4/3/2023,Wind,93,Monday,April,Spring,5706,1,2
6/16/2023,Solar,167,Friday,June,Summer,2630,8,9
11/16/2024,Wind,321,Saturday,November,Fall,2040,19,20
6/22/2025,Solar,173,Sunday,June,Summer,5526,13,14
2/24/2023,Wind,55,Friday,February,Winter,6498,11,12
10/17/2020,Solar,291,Saturday,October,Fall,1367,17,18
5/11/2022,Solar,131,Wednesday,May,Spring,7976,10,11
6/20/2023,Wind,171,Tuesday,June,Summer,3357,19,20
5/22/2022,Wind,142,Sunday,May,Spring,3313,23,0
10/30/2024,Wind,304,Wednesday,October,Fall,1827,6,7
2/20/2020,Wind,51,Thursday,February,Winter,10617,19,20
6/22/2022,Solar,173,Wednesday,June,Summer,3779,9,10
3/31/2021,Wind,90,Wednesday,March,Spring,1121,19,20
12/30/2024,Wind,365,Monday,December,Winter,709,0,1
3/20/2020,Wind,80,Friday,March,Spring,6229,10,11
12/25/2021,Wind,359,Saturday,December,Winter,1843,6,7
3/28/2023,Wind,87,Tuesday,March,Spring,2283,1,2
6/30/2022,Solar,181,Thursday,June,Summer,5921,15,16
7/24/2025,Wind,205,Thursday,July,Summer,2166,23,0
2/27/2022,Wind,58,Sunday,February,Winter,6011,20,21
3/16/2025,Wind,75,Sunday,March,Spring,7970,17,18
6/15/2024,Wind,167,Saturday,June,Summer,10538,11,12
1/13/2023,Wind,13,Friday,January,Winter,10798,19,20
2/10/2020,Wind,41,Monday,February,Winter,13770,16,17
11/8/2021,Wind,312,Monday,November,Fall,1805,17,18
1/10/2025,Wind,10,Friday,January,Winter,2433,16,17
6/2/2020,Wind,154,Tuesday,June,Summer,1765,23,0
12/18/2022,Wind,352,Sunday,December,Winter,5927,4,5
11/19/2023,Wind,323,Sunday,November,Fall,16559,11,12
4/14/2020,Wind,105,Tuesday,April,Spring,7144,4,5
6/21/2024,Solar,173,Friday,June,Summer,5580,10,11
5/21/2021,Wind,141,Friday,May,Spring,8861,6,7
6/25/2021,Wind,176,Friday,June,Summer,2038,1,2
10/9/2023,Solar,282,Monday,October,Fall,5494,11,12
4/11/2024,Wind,102,Thursday,April,Spring,3540,5,6
1/12/2025,Wind,12,Sunday,January,Winter,3081,6,7
12/28/2024,Wind,363,Saturday,December,Winter,354,17,18
7/20/2020,Wind,202,Monday,July,Summer,2939,4,5
5/18/2020,Wind,139,Monday,May,Spring,1868,5,6
2/6/2022,Wind,37,Sunday,February,Winter,16044,19,20
4/30/2023,Wind,120,Sunday,April,Spring,3818,5,6
2/29/2024,Wind,60,Thursday,February,Winter,12775,13,14
8/17/2022,Wind,229,Wednesday,August,Summer,1406,20,21
3/12/2022,Wind,71,Saturday,March,Spring,9389,2,3
3/21/2020,Wind,81,Saturday,March,Spring,11152,15,16
2/2/2025,Wind,33,Sunday,February,Winter,3472,9,10
2/14/2022,Wind,45,Monday,February,Winter,11744,5,6
8/9/2023,Wind,221,Wednesday,August,Summer,1211,20,21
2/23/2024,Wind,54,Friday,February,Winter,14058,8,9
6/30/2020,Wind,182,Tuesday,June,Summer,3738,0,1
8/14/2023,Solar,226,Monday,August,Summer,7241,17,18
4/10/2022,Solar,100,Sunday,April,Spring,7678,15,16
6/9/2025,Solar,160,Monday,June,Summer,3733,10,11
5/7/2024,Solar,128,Tuesday,May,Spring,7214,12,13
5/31/2022,Solar,151,Tuesday,May,Spring,4174,10,11
7/24/2025,Wind,205,Thursday,July,Summer,2396,0,1
3/14/2024,Wind,74,Thursday,March,Spring,9218,16,17
5/30/2025,Solar,150,Friday,May,Spring,6501,17,18
9/27/2020,Wind,271,Sunday,September,Fall,5190,22,23
9/27/2022,Wind,270,Tuesday,September,Fall,13231,14,15
1/27/2020,Wind,27,Monday,January,Winter,8486,2,3
6/28/2021,Solar,179,Monday,June,Summer,3945,17,18
10/3/2020,Wind,277,Saturday,October,Fall,3195,0,1
6/12/2025,Solar,163,Thursday,June,Summer,5733,11,12
9/2/2025,Wind,245,Tuesday,September,Fall,15009,17,18
6/4/2023,Wind,155,Sunday,June,Summer,7894,17,18
12/2/2024,Wind,337,Monday,December,Winter,8193,8,9
6/4/2023,Wind,155,Sunday,June,Summer,5847,20,21
3/25/2023,Wind,84,Saturday,March,Spring,14863,5,6
5/2/2024,Wind,123,Thursday,May,Spring,12077,12,13
9/18/2024,Wind,262,Wednesday,September,Fall,8671,21,22
10/9/2025,Wind,282,Thursday,October,Fall,2496,8,9
9/11/2022,Wind,254,Sunday,September,Fall,664,2,3
1/29/2025,Wind,29,Wednesday,January,Winter,12248,15,16
3/29/2021,Wind,88,Monday,March,Spring,4622,9,10
5/31/2023,Wind,151,Wednesday,May,Spring,8211,22,23
8/31/2024,Wind,244,Saturday,August,Summer,5370,23,0
11/6/2023,Wind,310,Monday,November,Fall,12102,1,2
3/25/2021,Wind,84,Thursday,March,Spring,2635,8,9
8/5/2024,Solar,218,Monday,August,Summer,2548,8,9
7/2/2021,Wind,183,Friday,July,Summer,405,5,6
1/27/2025,Wind,27,Monday,January,Winter,18396,4,5
5/15/2020,Wind,136,Friday,May,Spring,4342,18,19
9/6/2021,Wind,249,Monday,September,Fall,1107,4,5
10/24/2021,Wind,297,Sunday,October,Fall,3398,20,21
12/6/2024,Wind,341,Friday,December,Winter,14357,7,8
8/26/2023,Wind,238,Saturday,August,Summer,1513,22,23
5/4/2020,Solar,125,Monday,May,Spring,5092,16,17
10/17/2022,Wind,290,Monday,October,Fall,7554,7,8
8/2/2022,Solar,214,Tuesday,August,Summer,5062,10,11
4/13/2025,Wind,103,Sunday,April,Spring,4463,15,16
4/25/2022,Wind,115,Monday,April,Spring,3208,7,8
10/26/2022,Wind,299,Wednesday,October,Fall,8890,13,14
12/7/2022,Wind,341,Wednesday,December,Winter,2473,4,5
10/24/2025,Wind,297,Friday,October,Fall,12506,19,20
8/31/2020,Wind,244,Monday,August,Summer,3237,9,10
6/30/2022,Wind,181,Thursday,June,Summer,5168,17,18
11/4/2025,Wind,308,Tuesday,November,Fall,12341,15,16
8/17/2022,Wind,229,Wednesday,August,Summer,1307,21,22
12/8/2020,Wind,343,Tuesday,December,Winter,2686,11,12
3/24/2020,Wind,84,Tuesday,March,Spring,6628,1,2
7/21/2023,Solar,202,Friday,July,Summer,8927,14,15
6/28/2023,Wind,179,Wednesday,June,Summer,2630,0,1
9/14/2022,Solar,257,Wednesday,September,Fall,5716,12,13
5/29/2020,Wind,150,Friday,May,Spring,7953,15,16
8/19/2022,Wind,231,Friday,August,Summer,7064,17,18
8/17/2025,Wind,229,Sunday,August,Summer,6032,4,5
4/1/2025,Wind,91,Tuesday,April,Spring,13004,17,18
10/13/2024,Wind,287,Sunday,October,Fall,2980,9,10
4/5/2022,Wind,95,Tuesday,April,Spring,9346,12,13
4/29/2021,Solar,119,Thursday,April,Spring,4221,14,15
2/25/2023,Wind,56,Saturday,February,Winter,9931,14,15
7/19/2023,Wind,200,Wednesday,July,Summer,11158,17,18
10/10/2022,Wind,283,Monday,October,Fall,4732,1,2
4/17/2021,Wind,107,Saturday,April,Spring,4306,0,1
12/21/2021,Wind,355,Tuesday,December,Winter,3015,20,21
4/22/2021,Wind,112,Thursday,April,Spring,6303,21,22
11/23/2025,Wind,327,Sunday,November,Fall,10653,17,18
6/11/2024,Wind,163,Tuesday,June,Summer,1874,5,6
5/27/2024,Wind,148,Monday,May,Spring,3315,20,21
9/28/2020,Wind,272,Monday,September,Fall,4208,19,20
8/7/2023,Wind,219,Monday,August,Summer,3593,3,4
3/29/2021,Wind,88,Monday,March,Spring,2491,22,23
5/22/2021,Wind,142,Saturday,May,Spring,5778,21,22
11/19/2021,Solar,323,Friday,November,Fall,3318,14,15
1/27/2025,Wind,27,Monday,January,Winter,18096,5,6
8/13/2025,Solar,225,Wednesday,August,Summer,4027,9,10
9/14/2021,Wind,257,Tuesday,September,Fall,3219,17,18
5/8/2022,Wind,128,Sunday,May,Spring,4076,2,3
7/3/2022,Wind,184,Sunday,July,Summer,1530,2,3
7/24/2021,Wind,205,Saturday,July,Summer,5890,0,1
11/21/2022,Wind,325,Monday,November,Fall,7993,0,1
4/5/2023,Solar,95,Wednesday,April,Spring,5948,10,11
8/11/2025,Solar,223,Monday,August,Summer,11543,14,15
7/13/2021,Wind,194,Tuesday,July,Summer,5885,11,12
9/19/2022,Wind,262,Monday,September,Fall,2502,6,7
12/5/2024,Wind,340,Thursday,December,Winter,15699,17,18
11/1/2025,Wind,305,Saturday,November,Fall,14047,9,10
11/17/2025,Wind,321,Monday,November,Fall,5317,3,4
8/16/2020,Wind,229,Sunday,August,Summer,1759,20,21
1/22/2023,Wind,22,Sunday,January,Winter,7106,12,13
5/24/2025,Wind,144,Saturday,May,Spring,13001,17,18
1/21/2021,Wind,21,Thursday,January,Winter,12248,12,13
7/17/2023,Solar,198,Monday,July,Summer,7791,11,12
10/28/2022,Wind,301,Friday,October,Fall,8983,10,11
7/8/2021,Wind,189,Thursday,July,Summer,1738,0,1
6/6/2021,Wind,157,Sunday,June,Summer,2910,19,20
9/12/2025,Wind,255,Friday,September,Fall,10052,2,3
10/13/2024,Solar,287,Sunday,October,Fall,5251,15,16
2/13/2023,Wind,44,Monday,February,Winter,3438,5,6
4/21/2023,Solar,111,Friday,April,Spring,7315,16,17
12/22/2024,Wind,357,Sunday,December,Winter,18507,4,5
6/11/2020,Wind,163,Thursday,June,Summer,3890,19,20
10/17/2021,Wind,290,Sunday,October,Fall,1793,4,5
4/7/2022,Wind,97,Thursday,April,Spring,16777,9,10
11/25/2024,Wind,330,Monday,November,Fall,6360,19,20
5/30/2024,Wind,151,Thursday,May,Spring,11924,14,15
11/19/2023,Wind,323,Sunday,November,Fall,17043,14,15
2/4/2024,Wind,35,Sunday,February,Winter,8328,20,21
9/23/2022,Wind,266,Friday,September,Fall,505,4,5
5/17/2023,Wind,137,Wednesday,May,Spring,13945,15,16
5/2/2024,Wind,123,Thursday,May,Spring,9680,23,0
9/21/2025,Solar,264,Sunday,September,Fall,4035,12,13
8/28/2025,Wind,240,Thursday,August,Summer,12192,13,14
1/15/2023,Wind,15,Sunday,January,Winter,14920,18,19
3/30/2024,Wind,90,Saturday,March,Spring,4270,0,1
11/27/2024,Wind,332,Wednesday,November,Fall,8974,1,2
3/11/2022,Wind,70,Friday,March,Spring,12227,8,9
8/27/2022,Wind,239,Saturday,August,Summer,4610,23,0
11/9/2025,Wind,313,Sunday,November,Fall,4511,16,17
4/3/2021,Wind,93,Saturday,April,Spring,9279,2,3
7/5/2022,Solar,186,Tuesday,July,Summer,7173,12,13
10/2/2020,Wind,276,Friday,October,Fall,4517,16,17
3/3/2024,Wind,63,Sunday,March,Spring,4860,19,20
10/30/2020,Wind,304,Friday,October,Fall,2173,22,23
1/29/2025,Wind,29,Wednesday,January,Winter,14188,13,14
6/7/2025,Wind,158,Saturday,June,Summer,5372,2,3
7/17/2022,Wind,198,Sunday,July,Summer,5437,4,5
9/21/2021,Wind,264,Tuesday,September,Fall,3038,2,3
8/21/2022,Solar,233,Sunday,August,Summer,5244,15,16
10/28/2022,Wind,301,Friday,October,Fall,7785,1,2
3/14/2025,Wind,73,Friday,March,Spring,2246,1,2
4/22/2024,Wind,113,Monday,April,Spring,4362,23,0
8/15/2021,Solar,227,Sunday,August,Summer,6192,14,15
11/1/2023,Wind,305,Wednesday,November,Fall,12856,8,9
12/19/2024,Wind,354,Thursday,December,Winter,17699,5,6
9/15/2024,Solar,259,Sunday,September,Fall,6259,14,15
7/1/2022,Solar,182,Friday,July,Summer,7548,14,15
1/11/2020,Wind,11,Saturday,January,Winter,2401,4,5
9/7/2021,Solar,250,Tuesday,September,Fall,7947,14,15
12/4/2022,Wind,338,Sunday,December,Winter,708,23,0
7/27/2025,Solar,208,Sunday,July,Summer,8163,11,12
3/19/2022,Wind,78,Saturday,March,Spring,11419,3,4
6/13/2023,Solar,164,Tuesday,June,Summer,7666,12,13
10/31/2020,Wind,305,Saturday,October,Fall,9419,15,16
6/19/2023,Wind,170,Monday,June,Summer,1407,6,7
5/15/2023,Wind,135,Monday,May,Spring,7719,23,0
3/16/2021,Wind,75,Tuesday,March,Spring,6005,19,20
6/12/2023,Solar,163,Monday,June,Summer,4747,17,18
7/3/2020,Wind,185,Friday,July,Summer,2958,21,22
6/19/2025,Wind,170,Thursday,June,Summer,5164,20,21
2/12/2020,Wind,43,Wednesday,February,Winter,8307,7,8
9/7/2024,Wind,251,Saturday,September,Fall,4461,19,20
12/17/2020,Wind,352,Thursday,December,Winter,2892,17,18
10/4/2021,Wind,277,Monday,October,Fall,6535,22,23
2/27/2021,Wind,58,Saturday,February,Winter,5900,6,7
12/14/2022,Wind,348,Wednesday,December,Winter,1972,2,3
1/1/2024,Wind,1,Monday,January,Winter,15228,1,2
7/25/2023,Wind,206,Tuesday,July,Summer,2896,22,23
7/18/2022,Wind,199,Monday,July,Summer,4324,8,9
5/10/2021,Wind,130,Monday,May,Spring,9543,10,11
11/8/2021,Solar,312,Monday,November,Fall,4759,12,13
12/10/2022,Wind,344,Saturday,December,Winter,1514,5,6
6/25/2020,Solar,177,Thursday,June,Summer,3179,17,18
11/29/2020,Wind,334,Sunday,November,Fall,4361,2,3
8/5/2023,Wind,217,Saturday,August,Summer,2376,4,5
10/12/2020,Wind,286,Monday,October,Fall,3229,2,3
1/13/2021,Wind,13,Wednesday,January,Winter,9862,17,18
4/20/2022,Wind,110,Wednesday,April,Spring,4403,22,23
3/6/2020,Wind,66,Friday,March,Spring,7635,7,8
1/15/2021,Wind,15,Friday,January,Winter,8913,0,1
2/16/2022,Wind,47,Wednesday,February,Winter,13892,0,1
4/2/2021,Wind,92,Friday,April,Spring,12278,18,19
11/24/2021,Wind,328,Wednesday,November,Fall,2080,20,21
9/18/2022,Solar,261,Sunday,September,Fall,11642,13,14
8/5/2025,Wind,217,Tuesday,August,Summer,11488,18,19
4/16/2022,Solar,106,Saturday,April,Spring,9283,11,12
5/2/2024,Wind,123,Thursday,May,Spring,11202,20,21
12/1/2022,Wind,335,Thursday,December,Winter,4364,8,9
9/17/2023,Solar,260,Sunday,September,Fall,7328,12,13
6/21/2025,Solar,172,Saturday,June,Summer,10245,13,14
5/27/2020,Wind,148,Wednesday,May,Spring,3501,5,6
2/27/2021,Wind,58,Saturday,February,Winter,10738,16,17
3/26/2024,Wind,86,Tuesday,March,Spring,8154,21,22
8/26/2022,Solar,238,Friday,August,Summer,6095,16,17
7/13/2022,Wind,194,Wednesday,July,Summer,1816,21,22
1/23/2020,Wind,23,Thursday,January,Winter,5026,6,7
8/17/2020,Wind,230,Monday,August,Summer,1942,7,8
3/26/2020,Wind,86,Thursday,March,Spring,7178,9,10
3/6/2024,Wind,66,Wednesday,March,Spring,1843,21,22
4/30/2025,Wind,120,Wednesday,April,Spring,5987,23,0
2/14/2020,Wind,45,Friday,February,Winter,3792,7,8
8/26/2022,Wind,238,Friday,August,Summer,4553,18,19
4/22/2025,Wind,112,Tuesday,April,Spring,1187,6,7
12/1/2022,Wind,335,Thursday,December,Winter,3675,17,18
2/5/2025,Solar,36,Wednesday,February,Winter,6610,13,14
1/30/2022,Wind,30,Sunday,January,Winter,1434,17,18
9/29/2021,Wind,272,Wednesday,September,Fall,3641,21,22
5/13/2024,Wind,134,Monday,May,Spring,1884,6,7
8/30/2020,Wind,243,Sunday,August,Summer,3777,21,22
7/11/2020,Solar,193,Saturday,July,Summer,5785,16,17
9/29/2025,Solar,272,Monday,September,Fall,8857,12,13
6/28/2024,Solar,180,Friday,June,Summer,3771,8,9
5/9/2020,Solar,130,Saturday,May,Spring,3231,11,12
5/22/2024,Wind,143,Wednesday,May,Spring,4870,19,20
7/3/2020,Wind,185,Friday,July,Summer,2944,8,9
11/23/2020,Solar,328,Monday,November,Fall,1643,15,16
2/24/2022,Wind,55,Thursday,February,Winter,3851,1,2
3/7/2025,Wind,66,Friday,March,Spring,9990,7,8
5/26/2020,Wind,147,Tuesday,May,Spring,3338,6,7
1/12/2023,Wind,12,Thursday,January,Winter,16699,9,10
11/30/2021,Wind,334,Tuesday,November,Fall,13024,10,11
6/19/2022,Wind,170,Sunday,June,Summer,10066,3,4
12/7/2022,Wind,341,Wednesday,December,Winter,2196,7,8
7/21/2022,Wind,202,Thursday,July,Summer,2858,23,0
5/17/2025,Wind,137,Saturday,May,Spring,3077,22,23
12/15/2024,Wind,350,Sunday,December,Winter,9775,21,22
9/28/2020,Wind,272,Monday,September,Fall,4092,22,23
3/5/2022,Solar,64,Saturday,March,Spring,5186,11,12
7/4/2025,Solar,185,Friday,July,Summer,10562,12,13
6/20/2024,Wind,172,Thursday,June,Summer,4917,5,6
2/4/2022,Wind,35,Friday,February,Winter,6944,19,20
1/18/2020,Wind,18,Saturday,January,Winter,2843,10,11
5/26/2021,Wind,146,Wednesday,May,Spring,2353,21,22
10/30/2024,Wind,304,Wednesday,October,Fall,2071,7,8
8/18/2020,Wind,231,Tuesday,August,Summer,1283,2,3
5/23/2022,Wind,143,Monday,May,Spring,9217,13,14
4/28/2025,Wind,118,Monday,April,Spring,3069,3,4
7/9/2024,Wind,191,Tuesday,July,Summer,5209,4,5
10/20/2025,Wind,293,Monday,October,Fall,17333,17,18
3/9/2020,Wind,69,Monday,March,Spring,9648,12,13
3/14/2025,Wind,73,Friday,March,Spring,2194,2,3
9/16/2020,Wind,260,Wednesday,September,Fall,526,6,7
6/26/2023,Solar,177,Monday,June,Summer,10618,14,15
5/6/2025,Wind,126,Tuesday,May,Spring,8761,14,15
10/27/2024,Wind,301,Sunday,October,Fall,1944,3,4
9/6/2024,Wind,250,Friday,September,Fall,1511,4,5
10/18/2020,Wind,292,Sunday,October,Fall,583,3,4
8/12/2020,Solar,225,Wednesday,August,Summer,4536,14,15
7/14/2021,Wind,195,Wednesday,July,Summer,7745,23,0
1/21/2024,Wind,21,Sunday,January,Winter,14443,10,11
6/19/2024,Wind,171,Wednesday,June,Summer,3425,2,3
9/22/2024,Wind,266,Sunday,September,Fall,3299,22,23
1/6/2022,Wind,6,Thursday,January,Winter,7422,21,22
1/3/2020,Wind,3,Friday,January,Winter,9189,10,11
1/21/2023,Wind,21,Saturday,January,Winter,6960,3,4
9/4/2021,Solar,247,Saturday,September,Fall,3636,16,17
6/19/2021,Solar,170,Saturday,June,Summer,4390,14,15
4/11/2021,Wind,101,Sunday,April,Spring,4255,0,1
3/13/2021,Wind,72,Saturday,March,Spring,17323,13,14
9/15/2025,Wind,258,Monday,September,Fall,11011,11,12
5/9/2024,Wind,130,Thursday,May,Spring,4350,1,2
8/31/2024,Solar,244,Saturday,August,Summer,8366,14,15
5/22/2025,Wind,142,Thursday,May,Spring,9293,18,19
3/30/2021,Solar,89,Tuesday,March,Spring,5587,15,16
4/29/2022,Wind,119,Friday,April,Spring,4703,21,22
6/24/2025,Solar,175,Tuesday,June,Summer,5446,15,16
6/19/2022,Wind,170,Sunday,June,Summer,10201,2,3
4/1/2020,Wind,92,Wednesday,April,Spring,3836,17,18
6/8/2020,Wind,160,Monday,June,Summer,1414,4,5
11/13/2025,Wind,317,Thursday,November,Fall,11859,19,20
10/3/2023,Wind,276,Tuesday,October,Fall,4989,19,20
1/11/2023,Wind,11,Wednesday,January,Winter,15556,21,22
8/20/2024,Wind,233,Tuesday,August,Summer,3390,1,2
3/1/2020,Wind,61,Sunday,March,Spring,8968,14,15
8/14/2021,Wind,226,Saturday,August,Summer,916,21,22
12/14/2021,Wind,348,Tuesday,December,Winter,587,2,3
10/27/2024,Wind,301,Sunday,October,Fall,1635,1,2
7/30/2021,Wind,211,Friday,July,Summer,1469,1,2
4/16/2025,Wind,106,Wednesday,April,Spring,3691,6,7
10/4/2020,Wind,278,Sunday,October,Fall,7366,0,1
12/18/2022,Wind,352,Sunday,December,Winter,6077,6,7
7/9/2021,Wind,190,Friday,July,Summer,370,21,22
1/17/2022,Wind,17,Monday,January,Winter,1397,17,18
2/10/2025,Wind,41,Monday,February,Winter,3221,1,2
7/23/2023,Wind,204,Sunday,July,Summer,9714,15,16
5/1/2020,Wind,122,Friday,May,Spring,6913,5,6
5/12/2023,Wind,132,Friday,May,Spring,5556,18,19
12/21/2022,Wind,355,Wednesday,December,Winter,11825,19,20
1/4/2020,Wind,4,Saturday,January,Winter,4479,10,11
7/14/2021,Wind,195,Wednesday,July,Summer,8231,17,18
7/8/2025,Wind,189,Tuesday,July,Summer,2398,21,22
5/31/2025,Wind,151,Saturday,May,Spring,837,1,2
9/17/2025,Wind,260,Wednesday,September,Fall,4458,8,9
5/10/2022,Wind,130,Tuesday,May,Spring,2140,21,22
3/31/2023,Wind,90,Friday,March,Spring,19093,18,19
10/4/2024,Wind,278,Friday,October,Fall,2882,23,0
2/4/2021,Wind,35,Thursday,February,Winter,4372,2,3
1/3/2020,Wind,3,Friday,January,Winter,9534,11,12
8/31/2020,Wind,244,Monday,August,Summer,1614,23,0
9/8/2025,Solar,251,Monday,September,Fall,3178,9,10
11/11/2022,Wind,315,Friday,November,Fall,3699,18,19
10/21/2024,Solar,295,Monday,October,Fall,8393,15,16
7/4/2022,Solar,185,Monday,July,Summer,6170,15,16
2/1/2025,Wind,32,Saturday,February,Winter,3863,2,3
5/23/2022,Wind,143,Monday,May,Spring,8430,12,13
6/20/2025,Solar,171,Friday,June,Summer,5469,8,9
5/22/2020,Solar,143,Friday,May,Spring,6982,13,14
1/1/2022,Wind,1,Saturday,January,Winter,5385,23,0
10/29/2022,Wind,302,Saturday,October,Fall,7385,8,9
1/3/2025,Wind,3,Friday,January,Winter,3446,22,23
3/29/2021,Wind,88,Monday,March,Spring,3859,4,5
1/24/2021,Wind,24,Sunday,January,Winter,9132,13,14
10/6/2021,Wind,279,Wednesday,October,Fall,8232,6,7
11/26/2023,Wind,330,Sunday,November,Fall,3911,15,16
5/28/2022,Solar,148,Saturday,May,Spring,5809,9,10
2/5/2024,Wind,36,Monday,February,Winter,7263,4,5
1/28/2025,Wind,28,Tuesday,January,Winter,18356,7,8
2/22/2023,Wind,53,Wednesday,February,Winter,2037,17,18
2/17/2024,Wind,48,Saturday,February,Winter,3267,1,2
10/3/2022,Wind,276,Monday,October,Fall,1692,22,23
11/25/2021,Wind,329,Thursday,November,Fall,2854,17,18
2/24/2025,Wind,55,Monday,February,Winter,15434,10,11
11/20/2021,Wind,324,Saturday,November,Fall,1106,8,9
8/20/2025,Wind,232,Wednesday,August,Summer,2739,2,3
11/14/2020,Wind,319,Saturday,November,Fall,10406,18,19
7/23/2025,Solar,204,Wednesday,July,Summer,6403,16,17
9/29/2021,Wind,272,Wednesday,September,Fall,3738,20,21
1/23/2024,Wind,23,Tuesday,January,Winter,17177,20,21
4/10/2025,Solar,100,Thursday,April,Spring,11510,11,12
12/24/2024,Wind,359,Tuesday,December,Winter,4716,0,1
8/15/2025,Solar,227,Friday,August,Summer,10700,15,16
6/3/2024,Solar,155,Monday,June,Summer,3377,8,9
1/10/2025,Wind,10,Friday,January,Winter,4208,0,1
5/28/2020,Wind,149,Thursday,May,Spring,3834,7,8
2/2/2024,Wind,33,Friday,February,Winter,5384,6,7
4/15/2021,Wind,105,Thursday,April,Spring,5298,1,2
7/16/2023,Wind,197,Sunday,July,Summer,10971,1,2
7/4/2022,Wind,185,Monday,July,Summer,3402,0,1
12/15/2022,Wind,349,Thursday,December,Winter,8325,18,19
5/31/2020,Wind,152,Sunday,May,Spring,8072,13,14
11/8/2020,Wind,313,Sunday,November,Fall,3896,9,10
7/25/2021,Wind,206,Sunday,July,Summer,5701,10,11
2/15/2020,Wind,46,Saturday,February,Winter,10164,17,18
5/22/2023,Wind,142,Monday,May,Spring,4807,20,21
6/20/2024,Wind,172,Thursday,June,Summer,2123,21,22
1/24/2022,Wind,24,Monday,January,Winter,3018,7,8
8/30/2021,Wind,242,Monday,August,Summer,4985,23,0
10/7/2021,Solar,280,Thursday,October,Fall,5955,14,15
6/18/2020,Solar,170,Thursday,June,Summer,5121,14,15
2/17/2020,Wind,48,Monday,February,Winter,6130,5,6
3/30/2020,Wind,90,Monday,March,Spring,11994,1,2
7/3/2025,Wind,184,Thursday,July,Summer,5437,8,9
12/10/2021,Wind,344,Friday,December,Winter,13856,16,17
3/8/2023,Wind,67,Wednesday,March,Spring,15972,11,12
7/31/2025,Wind,212,Thursday,July,Summer,6732,19,20
5/27/2023,Wind,147,Saturday,May,Spring,8791,0,1
10/29/2023,Wind,302,Sunday,October,Fall,14125,5,6
4/21/2024,Wind,112,Sunday,April,Spring,7076,8,9
11/30/2025,Wind,334,Sunday,November,Fall,4801,8,9
1/23/2022,Wind,23,Sunday,January,Winter,4009,19,20
12/10/2024,Wind,345,Tuesday,December,Winter,9960,3,4
7/16/2022,Solar,197,Saturday,July,Summer,8810,13,14
8/23/2020,Wind,236,Sunday,August,Summer,8621,15,16
10/20/2021,Wind,293,Wednesday,October,Fall,13349,10,11
5/5/2023,Solar,125,Friday,May,Spring,8234,12,13
5/28/2020,Solar,149,Thursday,May,Spring,7312,13,14
12/23/2022,Wind,357,Friday,December,Winter,9829,8,9
9/10/2025,Wind,253,Wednesday,September,Fall,6743,16,17
1/1/2023,Wind,1,Sunday,January,Winter,12955,22,23
5/30/2024,Wind,151,Thursday,May,Spring,5756,23,0
11/7/2024,Wind,312,Thursday,November,Fall,2897,17,18
6/30/2024,Wind,182,Sunday,June,Summer,4150,19,20
7/26/2020,Wind,208,Sunday,July,Summer,4286,2,3
11/1/2024,Wind,306,Friday,November,Fall,695,2,3
4/5/2024,Wind,96,Friday,April,Spring,8961,3,4
11/16/2020,Wind,321,Monday,November,Fall,4496,18,19
12/15/2022,Wind,349,Thursday,December,Winter,6526,13,14
10/12/2021,Solar,285,Tuesday,October,Fall,5020,11,12
6/25/2020,Wind,177,Thursday,June,Summer,3496,4,5
6/21/2023,Solar,172,Wednesday,June,Summer,2516,18,19
4/17/2025,Solar,107,Thursday,April,Spring,7819,16,17
3/7/2024,Wind,67,Thursday,March,Spring,12265,22,23
8/1/2025,Wind,213,Friday,August,Summer,4475,21,22
9/13/2025,Wind,256,Saturday,September,Fall,13818,12,13
7/8/2025,Wind,189,Tuesday,July,Summer,6101,7,8
3/14/2023,Wind,73,Tuesday,March,Spring,16522,7,8
7/17/2023,Wind,198,Monday,July,Summer,3144,0,1
7/24/2023,Wind,205,Monday,July,Summer,3610,21,22
5/1/2022,Solar,121,Sunday,May,Spring,6259,15,16
10/16/2021,Wind,289,Saturday,October,Fall,1687,1,2
7/19/2020,Wind,201,Sunday,July,Summer,1362,1,2
9/22/2024,Wind,266,Sunday,September,Fall,3775,8,9
7/27/2021,Wind,208,Tuesday,July,Summer,1578,6,7
1/23/2020,Wind,23,Thursday,January,Winter,6707,2,3
7/7/2023,Solar,188,Friday,July,Summer,8342,11,12
1/23/2022,Wind,23,Sunday,January,Winter,3207,9,10
5/2/2020,Wind,123,Saturday,May,Spring,4667,9,10
6/22/2022,Wind,173,Wednesday,June,Summer,3806,2,3
8/15/2024,Wind,228,Thursday,August,Summer,1851,1,2
10/4/2021,Wind,277,Monday,October,Fall,6267,17,18
1/21/2023,Wind,21,Saturday,January,Winter,10389,14,15
10/5/2021,Wind,278,Tuesday,October,Fall,12707,16,17
4/8/2025,Wind,98,Tuesday,April,Spring,5079,22,23
8/16/2021,Wind,228,Monday,August,Summer,4749,6,7
1/18/2020,Wind,18,Saturday,January,Winter,4645,5,6
8/16/2021,Wind,228,Monday,August,Summer,5046,7,8
1/5/2025,Wind,5,Sunday,January,Winter,18488,18,19
10/25/2020,Wind,299,Sunday,October,Fall,7800,5,6
6/11/2022,Solar,162,Saturday,June,Summer,5797,11,12
5/9/2024,Wind,130,Thursday,May,Spring,3436,6,7
7/7/2024,Wind,189,Sunday,July,Summer,3000,20,21
7/11/2023,Solar,192,Tuesday,July,Summer,9794,14,15
6/16/2020,Wind,168,Tuesday,June,Summer,1450,21,22
10/22/2022,Solar,295,Saturday,October,Fall,6219,12,13
6/22/2022,Solar,173,Wednesday,June,Summer,5622,13,14
6/12/2020,Wind,164,Friday,June,Summer,4969,18,19
3/29/2024,Wind,89,Friday,March,Spring,13290,11,12
12/27/2020,Wind,362,Sunday,December,Winter,13159,12,13
7/1/2021,Solar,182,Thursday,July,Summer,5041,14,15
8/4/2025,Wind,216,Monday,August,Summer,3303,3,4
12/2/2021,Wind,336,Thursday,December,Winter,4964,19,20
4/24/2023,Wind,114,Monday,April,Spring,10534,14,15
9/15/2022,Wind,258,Thursday,September,Fall,2156,23,0
12/12/2022,Wind,346,Monday,December,Winter,1038,6,7
12/11/2022,Wind,345,Sunday,December,Winter,2415,6,7
5/30/2021,Wind,150,Sunday,May,Spring,5191,23,0
6/7/2022,Wind,158,Tuesday,June,Summer,3487,20,21
12/20/2021,Wind,354,Monday,December,Winter,3377,23,0
10/26/2025,Wind,299,Sunday,October,Fall,10453,1,2
4/2/2023,Wind,92,Sunday,April,Spring,10121,8,9
4/26/2020,Wind,117,Sunday,April,Spring,466,20,21
4/19/2021,Solar,109,Monday,April,Spring,2735,9,10
3/1/2021,Wind,60,Monday,March,Spring,5349,8,9
8/26/2023,Wind,238,Saturday,August,Summer,5041,17,18
9/23/2024,Wind,267,Monday,September,Fall,4634,8,9
3/21/2023,Wind,80,Tuesday,March,Spring,8241,16,17
7/29/2020,Solar,211,Wednesday,July,Summer,3483,11,12
11/14/2024,Wind,319,Thursday,November,Fall,4003,0,1
8/5/2020,Wind,218,Wednesday,August,Summer,1003,2,3
7/15/2020,Wind,197,Wednesday,July,Summer,1905,8,9
4/24/2023,Wind,114,Monday,April,Spring,8273,5,6
6/13/2020,Wind,165,Saturday,June,Summer,2926,8,9
1/4/2020,Wind,4,Saturday,January,Winter,2983,18,19
6/25/2024,Wind,177,Tuesday,June,Summer,3497,6,7
1/12/2022,Solar,12,Wednesday,January,Winter,4731,14,15
8/19/2025,Wind,231,Tuesday,August,Summer,3579,21,22
6/28/2020,Wind,180,Sunday,June,Summer,4765,0,1
3/8/2025,Wind,67,Saturday,March,Spring,10878,6,7
9/6/2024,Wind,250,Friday,September,Fall,2426,6,7
5/31/2024,Wind,152,Friday,May,Spring,11737,12,13
6/1/2020,Wind,153,Monday,June,Summer,4261,17,18
11/2/2020,Wind,307,Monday,November,Fall,13394,12,13
4/11/2023,Wind,101,Tuesday,April,Spring,9998,12,13
3/1/2021,Wind,60,Monday,March,Spring,5776,1,2
2/24/2020,Wind,55,Monday,February,Winter,10814,18,19
9/15/2025,Wind,258,Monday,September,Fall,9831,2,3
5/23/2023,Wind,143,Tuesday,May,Spring,10411,18,19
3/4/2021,Wind,63,Thursday,March,Spring,3114,21,22
3/20/2022,Wind,79,Sunday,March,Spring,4720,6,7
6/21/2025,Solar,172,Saturday,June,Summer,9972,14,15
8/12/2023,Wind,224,Saturday,August,Summer,1660,4,5
2/11/2021,Wind,42,Thursday,February,Winter,8606,14,15
12/16/2020,Wind,351,Wednesday,December,Winter,6819,8,9
1/23/2022,Wind,23,Sunday,January,Winter,4428,10,11
8/22/2021,Wind,234,Sunday,August,Summer,2991,23,0
10/27/2024,Solar,301,Sunday,October,Fall,3213,14,15
9/8/2025,Solar,251,Monday,September,Fall,6498,12,13
2/27/2024,Wind,58,Tuesday,February,Winter,13652,1,2
2/2/2025,Wind,33,Sunday,February,Winter,1296,19,20
11/19/2022,Wind,323,Saturday,November,Fall,2689,8,9
1/10/2023,Wind,10,Tuesday,January,Winter,14924,19,20
12/26/2021,Wind,360,Sunday,December,Winter,4021,10,11
7/26/2021,Wind,207,Monday,July,Summer,6326,17,18
7/10/2023,Solar,191,Monday,July,Summer,2252,8,9
3/18/2022,Wind,77,Friday,March,Spring,6520,1,2
3/26/2024,Wind,86,Tuesday,March,Spring,4088,6,7
12/25/2021,Wind,359,Saturday,December,Winter,1761,10,11
3/9/2025,Wind,68,Sunday,March,Spring,9371,4,5
11/21/2025,Wind,325,Friday,November,Fall,3561,22,23
8/28/2024,Solar,241,Wednesday,August,Summer,8271,11,12
4/9/2022,Wind,99,Saturday,April,Spring,3140,7,8
8/27/2025,Wind,239,Wednesday,August,Summer,9935,13,14
7/24/2024,Solar,206,Wednesday,July,Summer,8396,14,15
12/1/2021,Wind,335,Wednesday,December,Winter,13696,3,4
10/2/2022,Wind,275,Sunday,October,Fall,11081,14,15
6/2/2021,Wind,153,Wednesday,June,Summer,5123,18,19
8/25/2025,Wind,237,Monday,August,Summer,4994,0,1
6/21/2025,Solar,172,Saturday,June,Summer,7971,10,11
6/20/2023,Wind,171,Tuesday,June,Summer,1043,23,0
8/9/2022,Solar,221,Tuesday,August,Summer,9212,11,12
5/7/2024,Wind,128,Tuesday,May,Spring,2917,0,1
2/20/2023,Wind,51,Monday,February,Winter,3125,0,1
10/17/2023,Wind,290,Tuesday,October,Fall,7154,7,8
12/18/2020,Wind,353,Friday,December,Winter,5875,4,5
5/29/2020,Wind,150,Friday,May,Spring,7583,16,17
8/14/2023,Solar,226,Monday,August,Summer,9682,14,15
5/4/2021,Wind,124,Tuesday,May,Spring,14449,15,16
3/1/2021,Wind,60,Monday,March,Spring,5489,9,10
2/4/2025,Wind,35,Tuesday,February,Winter,4150,17,18
5/20/2023,Wind,140,Saturday,May,Spring,9396,16,17
2/20/2021,Wind,51,Saturday,February,Winter,11021,6,7
6/8/2023,Wind,159,Thursday,June,Summer,4890,23,0
8/11/2021,Solar,223,Wednesday,August,Summer,1398,8,9
4/16/2022,Wind,106,Saturday,April,Spring,5425,1,2
2/22/2020,Wind,53,Saturday,February,Winter,11215,15,16
9/20/2020,Wind,264,Sunday,September,Fall,1430,5,6
7/26/2025,Solar,207,Saturday,July,Summer,12297,16,17
7/7/2020,Solar,189,Tuesday,July,Summer,4966,16,17
10/14/2024,Wind,288,Monday,October,Fall,4181,7,8
1/10/2021,Wind,10,Sunday,January,Winter,4787,12,13
5/26/2020,Solar,147,Tuesday,May,Spring,7674,13,14
6/11/2022,Solar,162,Saturday,June,Summer,4978,10,11
11/15/2021,Wind,319,Monday,November,Fall,3192,3,4
2/17/2024,Wind,48,Saturday,February,Winter,2933,2,3
8/4/2021,Wind,216,Wednesday,August,Summer,1904,20,21
2/24/2022,Wind,55,Thursday,February,Winter,4560,4,5
4/25/2021,Wind,115,Sunday,April,Spring,10672,16,17
10/10/2022,Solar,283,Monday,October,Fall,4814,15,16
6/7/2020,Solar,159,Sunday,June,Summer,4010,13,14
3/20/2023,Wind,79,Monday,March,Spring,1961,21,22
4/16/2022,Wind,106,Saturday,April,Spring,6468,19,20
2/21/2023,Wind,52,Tuesday,February,Winter,1282,19,20
9/16/2025,Wind,259,Tuesday,September,Fall,13417,10,11
10/15/2025,Solar,288,Wednesday,October,Fall,8271,11,12
4/30/2022,Wind,120,Saturday,April,Spring,4404,2,3
3/16/2023,Wind,75,Thursday,March,Spring,12494,13,14
6/18/2020,Solar,170,Thursday,June,Summer,4693,13,14
5/13/2022,Solar,133,Friday,May,Spring,5938,11,12
11/5/2020,Wind,310,Thursday,November,Fall,6089,11,12
4/29/2025,Solar,119,Tuesday,April,Spring,6311,15,16
5/4/2023,Wind,124,Thursday,May,Spring,3643,23,0
11/17/2025,Wind,321,Monday,November,Fall,5025,0,1
7/1/2021,Wind,182,Thursday,July,Summer,651,5,6
3/15/2023,Solar,74,Wednesday,March,Spring,6484,11,12
9/15/2023,Solar,258,Friday,September,Fall,5974,10,11
12/22/2023,Wind,356,Friday,December,Winter,13587,23,0
3/22/2021,Wind,81,Monday,March,Spring,4054,4,5
12/12/2022,Wind,346,Monday,December,Winter,6733,22,23
9/3/2023,Solar,246,Sunday,September,Fall,7094,11,12
11/9/2021,Wind,313,Tuesday,November,Fall,1819,0,1
1/17/2021,Wind,17,Sunday,January,Winter,7552,12,13
6/21/2023,Wind,172,Wednesday,June,Summer,1637,7,8
5/20/2021,Wind,140,Thursday,May,Spring,9869,18,19
4/16/2021,Wind,106,Friday,April,Spring,4456,7,8
12/17/2022,Wind,351,Saturday,December,Winter,3658,9,10
5/8/2022,Wind,128,Sunday,May,Spring,3605,6,7
12/22/2022,Wind,356,Thursday,December,Winter,14188,12,13
7/11/2021,Solar,192,Sunday,July,Summer,1524,19,20
1/27/2020,Wind,27,Monday,January,Winter,11841,23,0
6/15/2020,Solar,167,Monday,June,Summer,5662,14,15
1/17/2020,Wind,17,Friday,January,Winter,7060,19,20
8/8/2025,Wind,220,Friday,August,Summer,1377,21,22
12/22/2023,Wind,356,Friday,December,Winter,16098,3,4
10/22/2025,Solar,295,Wednesday,October,Fall,7599,14,15
5/21/2023,Wind,141,Sunday,May,Spring,5316,11,12
6/14/2025,Wind,165,Saturday,June,Summer,2727,23,0
7/7/2025,Wind,188,Monday,July,Summer,7413,8,9
1/9/2024,Wind,9,Tuesday,January,Winter,7152,13,14
1/21/2021,Wind,21,Thursday,January,Winter,11117,5,6
3/28/2024,Wind,88,Thursday,March,Spring,14268,0,1
3/24/2024,Wind,84,Sunday,March,Spring,14489,9,10
5/11/2022,Wind,131,Wednesday,May,Spring,3997,7,8
6/20/2021,Wind,171,Sunday,June,Summer,3126,19,20
12/23/2020,Wind,358,Wednesday,December,Winter,11166,13,14
4/14/2024,Solar,105,Sunday,April,Spring,3777,11,12
10/17/2025,Wind,290,Friday,October,Fall,5705,1,2
8/24/2023,Wind,236,Thursday,August,Summer,3806,5,6
10/5/2022,Wind,278,Wednesday,October,Fall,6523,22,23
3/4/2025,Wind,63,Tuesday,March,Spring,2922,22,23
6/15/2021,Wind,166,Tuesday,June,Summer,2375,1,2
6/27/2020,Wind,179,Saturday,June,Summer,11830,14,15
1/22/2020,Wind,22,Wednesday,January,Winter,6702,23,0
9/1/2023,Wind,244,Friday,September,Fall,4962,0,1
7/27/2024,Wind,209,Saturday,July,Summer,942,7,8
9/12/2024,Solar,256,Thursday,September,Fall,11222,13,14
9/5/2022,Wind,248,Monday,September,Fall,5367,22,23
6/22/2022,Wind,173,Wednesday,June,Summer,2962,19,20
9/6/2023,Wind,249,Wednesday,September,Fall,2356,7,8
8/26/2020,Wind,239,Wednesday,August,Summer,1950,23,0
2/19/2021,Wind,50,Friday,February,Winter,4981,6,7
6/14/2022,Solar,165,Tuesday,June,Summer,6715,14,15
2/22/2020,Wind,53,Saturday,February,Winter,12629,13,14
9/14/2022,Solar,257,Wednesday,September,Fall,5082,11,12
6/15/2024,Wind,167,Saturday,June,Summer,11056,13,14
1/1/2023,Wind,1,Sunday,January,Winter,9266,7,8
9/5/2021,Solar,248,Sunday,September,Fall,2963,17,18
11/24/2023,Wind,328,Friday,November,Fall,9503,23,0
5/26/2024,Wind,147,Sunday,May,Spring,3450,0,1
9/23/2025,Wind,266,Tuesday,September,Fall,4925,4,5
8/28/2022,Wind,240,Sunday,August,Summer,3796,5,6
11/17/2023,Wind,321,Friday,November,Fall,4902,4,5
12/15/2024,Wind,350,Sunday,December,Winter,9874,12,13
8/22/2020,Wind,235,Saturday,August,Summer,10771,17,18
10/3/2020,Wind,277,Saturday,October,Fall,2954,2,3
6/4/2024,Wind,156,Tuesday,June,Summer,4507,22,23
5/3/2024,Solar,124,Friday,May,Spring,10504,15,16
2/6/2020,Solar,37,Thursday,February,Winter,4762,11,12
1/19/2025,Wind,19,Sunday,January,Winter,931,3,4
7/6/2021,Wind,187,Tuesday,July,Summer,11191,15,16
8/12/2020,Solar,225,Wednesday,August,Summer,3755,11,12
2/3/2024,Wind,34,Saturday,February,Winter,7803,12,13
10/7/2025,Solar,280,Tuesday,October,Fall,3821,9,10
10/19/2024,Wind,293,Saturday,October,Fall,10146,13,14
10/28/2025,Wind,301,Tuesday,October,Fall,11254,3,4
8/11/2021,Wind,223,Wednesday,August,Summer,438,21,22
2/5/2024,Wind,36,Monday,February,Winter,8550,22,23
9/28/2022,Wind,271,Wednesday,September,Fall,2524,23,0
12/18/2024,Wind,353,Wednesday,December,Winter,15129,8,9
2/6/2022,Wind,37,Sunday,February,Winter,13175,2,3
10/12/2022,Wind,285,Wednesday,October,Fall,584,8,9
7/26/2022,Wind,207,Tuesday,July,Summer,2482,21,22
5/28/2021,Solar,148,Friday,May,Spring,5503,14,15
9/13/2023,Wind,256,Wednesday,September,Fall,1538,19,20
10/29/2025,Wind,302,Wednesday,October,Fall,7794,11,12
7/2/2024,Solar,184,Tuesday,July,Summer,8030,13,14
12/4/2024,Wind,339,Wednesday,December,Winter,6973,23,0
4/14/2021,Wind,104,Wednesday,April,Spring,4020,1,2
2/4/2023,Solar,35,Saturday,February,Winter,4372,10,11
9/17/2023,Wind,260,Sunday,September,Fall,2904,3,4
4/19/2023,Wind,109,Wednesday,April,Spring,7469,4,5
5/29/2021,Wind,149,Saturday,May,Spring,2960,3,4
5/5/2025,Wind,125,Monday,May,Spring,12112,9,10
6/22/2024,Wind,174,Saturday,June,Summer,4950,0,1
5/9/2020,Wind,130,Saturday,May,Spring,2119,18,19
3/27/2025,Wind,86,Thursday,March,Spring,3241,18,19
3/5/2022,Wind,64,Saturday,March,Spring,2368,7,8
5/15/2020,Wind,136,Friday,May,Spring,7692,2,3
10/15/2022,Wind,288,Saturday,October,Fall,11169,9,10
7/5/2023,Wind,186,Wednesday,July,Summer,9980,5,6
3/18/2022,Wind,77,Friday,March,Spring,9550,9,10
1/15/2022,Solar,15,Saturday,January,Winter,3590,11,12
10/21/2022,Wind,294,Friday,October,Fall,8623,12,13
10/1/2021,Wind,274,Friday,October,Fall,5384,18,19
9/15/2023,Solar,258,Friday,September,Fall,6137,16,17
5/18/2022,Wind,138,Wednesday,May,Spring,1431,6,7
1/26/2025,Wind,26,Sunday,January,Winter,10617,7,8
4/6/2021,Wind,96,Tuesday,April,Spring,4973,4,5
6/5/2024,Solar,157,Wednesday,June,Summer,8338,15,16
5/27/2023,Solar,147,Saturday,May,Spring,7001,16,17
10/7/2023,Solar,280,Saturday,October,Fall,8412,14,15
6/19/2025,Wind,170,Thursday,June,Summer,6656,23,0
7/14/2020,Solar,196,Tuesday,July,Summer,5502,16,17
1/30/2025,Wind,30,Thursday,January,Winter,6843,9,10
4/18/2020,Solar,109,Saturday,April,Spring,2403,10,11
5/1/2020,Wind,122,Friday,May,Spring,7607,20,21
12/17/2024,Wind,352,Tuesday,December,Winter,2584,7,8
10/20/2021,Wind,293,Wednesday,October,Fall,11312,2,3
1/19/2025,Solar,19,Sunday,January,Winter,4287,13,14
1/19/2020,Wind,19,Sunday,January,Winter,7168,12,13
4/3/2022,Wind,93,Sunday,April,Spring,8072,12,13
11/26/2022,Wind,330,Saturday,November,Fall,4098,16,17
4/6/2024,Wind,97,Saturday,April,Spring,11113,11,12
6/29/2024,Wind,181,Saturday,June,Summer,4606,9,10
6/21/2022,Solar,172,Tuesday,June,Summer,4725,13,14
5/24/2021,Wind,144,Monday,May,Spring,7606,7,8
7/19/2025,Wind,200,Saturday,July,Summer,3591,22,23
1/24/2023,Wind,24,Tuesday,January,Winter,7138,6,7
1/5/2023,Wind,5,Thursday,January,Winter,8718,5,6
3/31/2024,Wind,91,Sunday,March,Spring,12871,15,16
10/20/2021,Wind,293,Wednesday,October,Fall,10723,4,5
10/8/2020,Wind,282,Thursday,October,Fall,10734,16,17
11/22/2025,Wind,326,Saturday,November,Fall,4238,4,5
2/9/2021,Wind,40,Tuesday,February,Winter,1690,7,8
12/11/2022,Wind,345,Sunday,December,Winter,2435,4,5
10/2/2022,Wind,275,Sunday,October,Fall,8595,10,11
12/11/2021,Wind,345,Saturday,December,Winter,4734,21,22
1/29/2025,Wind,29,Wednesday,January,Winter,7676,19,20
10/17/2024,Wind,291,Thursday,October,Fall,3148,16,17
2/15/2020,Wind,46,Saturday,February,Winter,9345,10,11
8/30/2021,Wind,242,Monday,August,Summer,7498,17,18
12/1/2022,Wind,335,Thursday,December,Winter,3707,2,3
9/24/2023,Wind,267,Sunday,September,Fall,6907,23,0
1/29/2020,Wind,29,Wednesday,January,Winter,8170,5,6
6/27/2025,Wind,178,Friday,June,Summer,3718,0,1
3/23/2020,Wind,83,Monday,March,Spring,7815,20,21
6/3/2024,Solar,155,Monday,June,Summer,6838,11,12
6/3/2020,Wind,155,Wednesday,June,Summer,4054,21,22
3/15/2024,Wind,75,Friday,March,Spring,11551,22,23
5/6/2020,Wind,127,Wednesday,May,Spring,2902,1,2
6/20/2022,Wind,171,Monday,June,Summer,4120,8,9
8/4/2022,Wind,216,Thursday,August,Summer,2352,8,9
6/5/2025,Wind,156,Thursday,June,Summer,3520,2,3
5/22/2024,Wind,143,Wednesday,May,Spring,3246,21,22
5/31/2021,Solar,151,Monday,May,Spring,8251,12,13
5/17/2025,Solar,137,Saturday,May,Spring,5091,16,17
6/8/2023,Wind,159,Thursday,June,Summer,4963,3,4
6/10/2020,Solar,162,Wednesday,June,Summer,3476,13,14
4/6/2021,Wind,96,Tuesday,April,Spring,4483,7,8
5/12/2020,Wind,133,Tuesday,May,Spring,5427,13,14
10/22/2021,Wind,295,Friday,October,Fall,7756,13,14
10/25/2020,Wind,299,Sunday,October,Fall,5286,20,21
11/10/2024,Solar,315,Sunday,November,Fall,2337,9,10
8/27/2020,Wind,240,Thursday,August,Summer,746,3,4
12/8/2020,Wind,343,Tuesday,December,Winter,2927,13,14
2/25/2020,Wind,56,Tuesday,February,Winter,11340,19,20
5/25/2025,Wind,145,Sunday,May,Spring,7827,22,23
10/29/2024,Wind,303,Tuesday,October,Fall,2469,8,9
6/12/2023,Wind,163,Monday,June,Summer,1550,2,3
6/11/2022,Solar,162,Saturday,June,Summer,3464,18,19
10/14/2024,Wind,288,Monday,October,Fall,4669,9,10
11/29/2023,Wind,333,Wednesday,November,Fall,3138,7,8
5/11/2023,Wind,131,Thursday,May,Spring,3543,19,20
5/30/2022,Wind,150,Monday,May,Spring,3358,5,6
4/20/2023,Wind,110,Thursday,April,Spring,9578,1,2
10/26/2025,Wind,299,Sunday,October,Fall,14457,15,16
6/3/2021,Solar,154,Thursday,June,Summer,4373,12,13
5/9/2022,Solar,129,Monday,May,Spring,1377,19,20
12/20/2021,Wind,354,Monday,December,Winter,3033,3,4
10/9/2023,Wind,282,Monday,October,Fall,1355,6,7
9/15/2023,Wind,258,Friday,September,Fall,3113,0,1
9/8/2023,Wind,251,Friday,September,Fall,1193,5,6
6/24/2020,Wind,176,Wednesday,June,Summer,4927,3,4
11/30/2024,Wind,335,Saturday,November,Fall,4784,2,3
4/14/2025,Wind,104,Monday,April,Spring,625,4,5
8/13/2021,Wind,225,Friday,August,Summer,1385,1,2
7/6/2021,Wind,187,Tuesday,July,Summer,3252,20,21
5/2/2020,Wind,123,Saturday,May,Spring,4527,6,7
9/25/2021,Wind,268,Saturday,September,Fall,1626,7,8
9/13/2025,Wind,256,Saturday,September,Fall,5473,23,0
5/3/2022,Wind,123,Tuesday,May,Spring,3913,20,21
5/31/2022,Wind,151,Tuesday,May,Spring,629,6,7
4/4/2021,Wind,94,Sunday,April,Spring,1822,20,21
5/2/2022,Solar,122,Monday,May,Spring,6399,14,15
4/22/2022,Wind,112,Friday,April,Spring,4924,6,7
12/6/2021,Wind,340,Monday,December,Winter,6810,13,14
12/11/2021,Wind,345,Saturday,December,Winter,7205,4,5
2/28/2025,Wind,59,Friday,February,Winter,4602,2,3
2/9/2023,Wind,40,Thursday,February,Winter,2302,0,1
10/16/2020,Wind,290,Friday,October,Fall,4771,12,13
10/17/2023,Wind,290,Tuesday,October,Fall,9601,19,20
10/21/2025,Wind,294,Tuesday,October,Fall,16078,0,1
11/7/2023,Wind,311,Tuesday,November,Fall,10062,15,16
10/30/2025,Wind,303,Thursday,October,Fall,7973,20,21
10/19/2020,Wind,293,Monday,October,Fall,1282,1,2
9/8/2023,Wind,251,Friday,September,Fall,1364,0,1
10/19/2025,Wind,292,Sunday,October,Fall,12954,18,19
11/13/2022,Solar,317,Sunday,November,Fall,2623,15,16
2/24/2021,Wind,55,Wednesday,February,Winter,6614,23,0
4/16/2023,Solar,106,Sunday,April,Spring,10098,14,15
8/19/2024,Wind,232,Monday,August,Summer,2334,21,22
3/1/2024,Wind,61,Friday,March,Spring,13391,20,21
4/25/2025,Wind,115,Friday,April,Spring,5109,23,0
6/5/2025,Wind,156,Thursday,June,Summer,2919,0,1
5/4/2024,Wind,125,Saturday,May,Spring,3018,20,21
8/19/2023,Solar,231,Saturday,August,Summer,5543,17,18
3/21/2024,Solar,81,Thursday,March,Spring,3781,9,10
4/5/2021,Wind,95,Monday,April,Spring,3111,1,2
5/19/2021,Wind,139,Wednesday,May,Spring,3897,22,23
12/21/2023,Wind,355,Thursday,December,Winter,14043,3,4
2/22/2025,Wind,53,Saturday,February,Winter,10381,4,5
2/7/2021,Wind,38,Sunday,February,Winter,1739,23,0
5/10/2025,Wind,130,Saturday,May,Spring,7169,6,7
2/25/2025,Wind,56,Tuesday,February,Winter,13221,14,15
7/2/2024,Wind,184,Tuesday,July,Summer,2993,2,3
5/25/2023,Wind,145,Thursday,May,Spring,7649,6,7
4/13/2022,Solar,103,Wednesday,April,Spring,3243,16,17
2/15/2025,Wind,46,Saturday,February,Winter,3681,18,19
4/19/2022,Wind,109,Tuesday,April,Spring,2287,5,6
2/14/2021,Wind,45,Sunday,February,Winter,10047,23,0
1/13/2024,Wind,13,Saturday,January,Winter,2005,2,3
6/23/2024,Wind,175,Sunday,June,Summer,1679,21,22
6/23/2023,Wind,174,Friday,June,Summer,2045,22,23
12/13/2022,Wind,347,Tuesday,December,Winter,2696,16,17
10/3/2023,Wind,276,Tuesday,October,Fall,4434,20,21
7/13/2023,Solar,194,Thursday,July,Summer,9653,15,16
4/19/2020,Wind,110,Sunday,April,Spring,4146,17,18
12/1/2022,Wind,335,Thursday,December,Winter,3999,19,20
6/23/2025,Wind,174,Monday,June,Summer,9992,19,20
9/8/2020,Wind,252,Tuesday,September,Fall,1554,1,2
7/3/2024,Wind,185,Wednesday,July,Summer,9354,18,19
7/25/2025,Wind,206,Friday,July,Summer,2035,3,4
6/20/2021,Solar,171,Sunday,June,Summer,3778,10,11
5/31/2023,Wind,151,Wednesday,May,Spring,7123,8,9
5/1/2021,Solar,121,Saturday,May,Spring,3323,11,12
4/2/2023,Wind,92,Sunday,April,Spring,12812,12,13
1/8/2022,Wind,8,Saturday,January,Winter,10733,10,11
2/23/2024,Wind,54,Friday,February,Winter,16191,13,14
1/22/2021,Wind,22,Friday,January,Winter,3817,17,18
7/5/2025,Wind,186,Saturday,July,Summer,2489,4,5
4/18/2024,Solar,109,Thursday,April,Spring,8623,12,13
10/24/2024,Wind,298,Thursday,October,Fall,6796,0,1
8/8/2023,Wind,220,Tuesday,August,Summer,2582,22,23
1/13/2020,Wind,13,Monday,January,Winter,9926,17,18
6/27/2025,Solar,178,Friday,June,Summer,11541,13,14
7/1/2024,Wind,183,Monday,July,Summer,1695,5,6
5/11/2024,Wind,132,Saturday,May,Spring,3472,21,22
9/7/2025,Wind,250,Sunday,September,Fall,7231,14,15
11/19/2023,Wind,323,Sunday,November,Fall,17786,13,14
12/11/2020,Wind,346,Friday,December,Winter,6188,18,19
8/28/2020,Wind,241,Friday,August,Summer,4524,5,6
2/4/2025,Solar,35,Tuesday,February,Winter,8211,13,14
2/9/2020,Wind,40,Sunday,February,Winter,11052,5,6
4/13/2022,Wind,103,Wednesday,April,Spring,1227,5,6
10/24/2021,Wind,297,Sunday,October,Fall,3438,22,23
10/24/2024,Wind,298,Thursday,October,Fall,6302,5,6
2/16/2023,Wind,47,Thursday,February,Winter,4250,6,7
6/11/2024,Wind,163,Tuesday,June,Summer,1800,4,5
10/16/2020,Wind,290,Friday,October,Fall,1207,23,0
6/28/2020,Wind,180,Sunday,June,Summer,4867,3,4
3/23/2024,Wind,83,Saturday,March,Spring,12855,11,12
8/13/2025,Wind,225,Wednesday,August,Summer,1056,3,4
7/4/2022,Wind,185,Monday,July,Summer,3580,1,2
4/18/2022,Solar,108,Monday,April,Spring,5600,15,16
8/18/2025,Solar,230,Monday,August,Summer,7367,16,17
11/17/2024,Wind,322,Sunday,November,Fall,4964,18,19
4/30/2023,Wind,120,Sunday,April,Spring,1696,23,0
3/20/2020,Wind,80,Friday,March,Spring,3316,2,3
12/15/2023,Solar,349,Friday,December,Winter,4274,12,13
11/28/2021,Wind,332,Sunday,November,Fall,10375,13,14
10/31/2025,Wind,304,Friday,October,Fall,15246,21,22
10/5/2022,Wind,278,Wednesday,October,Fall,14483,12,13
6/23/2025,Wind,174,Monday,June,Summer,11567,10,11
3/1/2023,Wind,60,Wednesday,March,Spring,7450,18,19
12/12/2022,Wind,346,Monday,December,Winter,3288,10,11
11/12/2021,Wind,316,Friday,November,Fall,3879,15,16
12/21/2023,Wind,355,Thursday,December,Winter,19358,12,13
10/25/2024,Wind,299,Friday,October,Fall,6941,2,3
2/24/2023,Wind,55,Friday,February,Winter,3224,18,19
7/8/2022,Solar,189,Friday,July,Summer,7531,11,12
11/8/2020,Wind,313,Sunday,November,Fall,4275,1,2
11/1/2021,Wind,305,Monday,November,Fall,9125,0,1
11/23/2024,Wind,328,Saturday,November,Fall,8044,0,1
12/23/2024,Wind,358,Monday,December,Winter,17108,5,6
11/15/2023,Wind,319,Wednesday,November,Fall,4402,21,22
7/29/2020,Solar,211,Wednesday,July,Summer,4027,13,14
3/1/2020,Wind,61,Sunday,March,Spring,8574,16,17
12/16/2020,Wind,351,Wednesday,December,Winter,8045,10,11
11/2/2021,Wind,306,Tuesday,November,Fall,4888,4,5
11/9/2020,Wind,314,Monday,November,Fall,3308,9,10
10/4/2023,Wind,277,Wednesday,October,Fall,2628,4,5
2/16/2024,Wind,47,Friday,February,Winter,4567,22,23
3/21/2020,Wind,81,Saturday,March,Spring,10973,11,12
8/8/2021,Wind,220,Sunday,August,Summer,5042,5,6
5/29/2021,Wind,149,Saturday,May,Spring,2581,5,6
9/8/2023,Solar,251,Friday,September,Fall,7239,14,15
1/16/2024,Wind,16,Tuesday,January,Winter,1868,2,3
6/26/2025,Wind,177,Thursday,June,Summer,4580,21,22
9/28/2021,Wind,271,Tuesday,September,Fall,1599,5,6
3/6/2020,Wind,66,Friday,March,Spring,10808,2,3
10/10/2021,Wind,283,Sunday,October,Fall,1374,5,6
6/7/2025,Wind,158,Saturday,June,Summer,13408,18,19
12/2/2023,Solar,336,Saturday,December,Winter,4402,11,12
6/9/2020,Wind,161,Tuesday,June,Summer,2462,20,21
7/14/2025,Wind,195,Monday,July,Summer,8818,19,20
2/5/2021,Wind,36,Friday,February,Winter,2566,21,22
2/2/2023,Wind,33,Thursday,February,Winter,7011,21,22
5/26/2023,Solar,146,Friday,May,Spring,11645,16,17
8/3/2024,Solar,216,Saturday,August,Summer,10343,14,15
10/14/2022,Wind,287,Friday,October,Fall,3451,0,1
8/12/2025,Solar,224,Tuesday,August,Summer,10561,12,13
3/28/2022,Wind,87,Monday,March,Spring,1693,7,8
5/2/2025,Wind,122,Friday,May,Spring,3410,4,5
4/13/2025,Wind,103,Sunday,April,Spring,5953,17,18
10/9/2020,Wind,283,Friday,October,Fall,3453,21,22
8/6/2025,Wind,218,Wednesday,August,Summer,3916,2,3
6/11/2021,Wind,162,Friday,June,Summer,2176,21,22
6/19/2020,Solar,171,Friday,June,Summer,3181,9,10
1/24/2023,Wind,24,Tuesday,January,Winter,7104,7,8
9/15/2020,Wind,259,Tuesday,September,Fall,833,21,22
7/24/2023,Wind,205,Monday,July,Summer,4430,7,8
7/6/2025,Wind,187,Sunday,July,Summer,14176,16,17
4/15/2021,Wind,105,Thursday,April,Spring,9189,12,13
3/22/2025,Wind,81,Saturday,March,Spring,4464,23,0
1/4/2024,Wind,4,Thursday,January,Winter,11461,11,12
2/17/2023,Wind,48,Friday,February,Winter,8100,7,8
5/20/2024,Wind,141,Monday,May,Spring,1616,4,5
1/27/2024,Wind,27,Saturday,January,Winter,5738,10,11
8/31/2023,Wind,243,Thursday,August,Summer,10018,15,16
2/19/2021,Wind,50,Friday,February,Winter,4793,3,4
7/8/2021,Solar,189,Thursday,July,Summer,5195,14,15
5/19/2023,Wind,139,Friday,May,Spring,6367,1,2
1/29/2021,Wind,29,Friday,January,Winter,14125,16,17
6/1/2022,Wind,152,Wednesday,June,Summer,2172,20,21
4/30/2020,Wind,121,Thursday,April,Spring,14234,16,17
9/22/2021,Wind,265,Wednesday,September,Fall,2338,21,22
2/2/2024,Wind,33,Friday,February,Winter,4279,4,5
7/24/2022,Solar,205,Sunday,July,Summer,7307,15,16
5/25/2021,Wind,145,Tuesday,May,Spring,14393,13,14
7/17/2023,Wind,198,Monday,July,Summer,2338,7,8
6/8/2024,Solar,160,Saturday,June,Summer,4101,9,10
7/19/2022,Wind,200,Tuesday,July,Summer,5523,8,9
11/16/2020,Wind,321,Monday,November,Fall,9212,10,11
2/2/2024,Wind,33,Friday,February,Winter,6383,23,0
6/25/2020,Wind,177,Thursday,June,Summer,1654,20,21
7/10/2025,Wind,191,Thursday,July,Summer,3466,22,23
6/3/2022,Wind,154,Friday,June,Summer,2794,5,6
6/18/2020,Wind,170,Thursday,June,Summer,1786,2,3
3/21/2024,Wind,81,Thursday,March,Spring,2332,4,5
4/25/2023,Wind,115,Tuesday,April,Spring,2739,1,2
1/7/2022,Wind,7,Friday,January,Winter,9573,9,10
4/18/2023,Wind,108,Tuesday,April,Spring,12157,12,13
3/26/2023,Wind,85,Sunday,March,Spring,14251,8,9
12/19/2023,Wind,353,Tuesday,December,Winter,9075,9,10
10/26/2022,Wind,299,Wednesday,October,Fall,6850,0,1
6/3/2025,Wind,154,Tuesday,June,Summer,5477,8,9
6/17/2020,Wind,169,Wednesday,June,Summer,1304,3,4
8/29/2025,Wind,241,Friday,August,Summer,8790,3,4
2/16/2020,Wind,47,Sunday,February,Winter,13620,15,16
9/15/2020,Wind,259,Tuesday,September,Fall,3135,4,5
2/7/2022,Solar,38,Monday,February,Winter,6367,14,15
9/18/2021,Wind,261,Saturday,September,Fall,2374,21,22
5/9/2023,Wind,129,Tuesday,May,Spring,2754,4,5
3/18/2024,Solar,78,Monday,March,Spring,3934,9,10
1/10/2024,Wind,10,Wednesday,January,Winter,2707,12,13
12/24/2020,Wind,359,Thursday,December,Winter,10311,2,3
6/10/2024,Wind,162,Monday,June,Summer,7335,8,9
11/9/2022,Wind,313,Wednesday,November,Fall,9198,1,2
11/11/2024,Wind,316,Monday,November,Fall,2550,1,2
12/5/2022,Wind,339,Monday,December,Winter,1646,19,20
1/6/2020,Wind,6,Monday,January,Winter,6114,22,23
8/21/2023,Wind,233,Monday,August,Summer,1791,21,22
1/12/2020,Wind,12,Sunday,January,Winter,4993,17,18
10/12/2024,Wind,286,Saturday,October,Fall,6137,18,19
11/9/2020,Solar,314,Monday,November,Fall,2889,13,14
9/13/2022,Wind,256,Tuesday,September,Fall,2581,0,1
3/29/2020,Wind,89,Sunday,March,Spring,13630,16,17
2/15/2025,Wind,46,Saturday,February,Winter,5661,22,23
8/27/2025,Wind,239,Wednesday,August,Summer,2252,0,1
7/12/2023,Wind,193,Wednesday,July,Summer,3539,22,23
1/2/2025,Wind,2,Thursday,January,Winter,6369,7,8
2/19/2021,Wind,50,Friday,February,Winter,6811,9,10
9/23/2025,Wind,266,Tuesday,September,Fall,7896,2,3
7/10/2022,Wind,191,Sunday,July,Summer,4514,8,9
3/26/2021,Wind,85,Friday,March,Spring,3646,5,6
10/15/2021,Wind,288,Friday,October,Fall,1575,6,7
2/7/2025,Wind,38,Friday,February,Winter,10457,15,16
10/10/2025,Wind,283,Friday,October,Fall,3559,18,19
6/22/2023,Wind,173,Thursday,June,Summer,9514,15,16
2/24/2022,Wind,55,Thursday,February,Winter,7938,22,23
1/15/2025,Wind,15,Wednesday,January,Winter,3431,16,17
7/28/2021,Wind,209,Wednesday,July,Summer,3354,4,5
5/5/2025,Wind,125,Monday,May,Spring,15064,15,16
2/12/2023,Wind,43,Sunday,February,Winter,4192,21,22
10/5/2021,Wind,278,Tuesday,October,Fall,10165,8,9
7/16/2022,Wind,197,Saturday,July,Summer,4533,19,20
5/2/2023,Solar,122,Tuesday,May,Spring,8967,16,17
5/22/2021,Wind,142,Saturday,May,Spring,12712,9,10
4/14/2025,Wind,104,Monday,April,Spring,479,6,7
8/19/2022,Solar,231,Friday,August,Summer,6190,11,12
11/12/2020,Wind,317,Thursday,November,Fall,5261,8,9
6/5/2020,Wind,157,Friday,June,Summer,3265,2,3
8/10/2021,Wind,222,Tuesday,August,Summer,1248,5,6
2/15/2023,Wind,46,Wednesday,February,Winter,4757,0,1
7/26/2021,Solar,207,Monday,July,Summer,5093,11,12
2/6/2022,Wind,37,Sunday,February,Winter,17304,10,11
12/20/2020,Wind,355,Sunday,December,Winter,5429,19,20
5/29/2024,Wind,150,Wednesday,May,Spring,11498,13,14
3/14/2023,Wind,73,Tuesday,March,Spring,6322,19,20
3/17/2023,Wind,76,Friday,March,Spring,6610,18,19
8/8/2020,Wind,221,Saturday,August,Summer,1149,5,6
5/2/2021,Wind,122,Sunday,May,Spring,2502,2,3
1/21/2021,Wind,21,Thursday,January,Winter,11579,16,17
7/4/2020,Wind,186,Saturday,July,Summer,3974,2,3
8/7/2020,Solar,220,Friday,August,Summer,4514,14,15
4/1/2020,Wind,92,Wednesday,April,Spring,3851,21,22
9/15/2022,Wind,258,Thursday,September,Fall,1567,6,7
2/16/2023,Wind,47,Thursday,February,Winter,7146,10,11
5/18/2024,Wind,139,Saturday,May,Spring,677,0,1
12/30/2020,Wind,365,Wednesday,December,Winter,2807,6,7
4/28/2024,Wind,119,Sunday,April,Spring,8476,12,13
3/23/2021,Solar,82,Tuesday,March,Spring,3997,15,16
11/26/2023,Wind,330,Sunday,November,Fall,2638,1,2
4/25/2023,Wind,115,Tuesday,April,Spring,2248,21,22
8/24/2021,Wind,236,Tuesday,August,Summer,9610,11,12
1/27/2025,Wind,27,Monday,January,Winter,17504,21,22
1/3/2025,Wind,3,Friday,January,Winter,4264,15,16
7/3/2022,Wind,184,Sunday,July,Summer,3250,23,0
4/27/2022,Wind,117,Wednesday,April,Spring,7424,18,19
10/17/2022,Wind,290,Monday,October,Fall,1731,20,21
12/24/2024,Wind,359,Tuesday,December,Winter,2733,20,21
7/5/2025,Wind,186,Saturday,July,Summer,3504,7,8
3/24/2024,Wind,84,Sunday,March,Spring,17542,12,13
3/5/2021,Wind,64,Friday,March,Spring,5969,9,10
4/18/2023,Wind,108,Tuesday,April,Spring,7377,0,1
2/20/2020,Wind,51,Thursday,February,Winter,13570,14,15
4/22/2023,Wind,112,Saturday,April,Spring,4685,21,22
6/30/2021,Wind,181,Wednesday,June,Summer,1138,22,23
9/15/2023,Wind,258,Friday,September,Fall,2859,5,6
6/27/2021,Wind,178,Sunday,June,Summer,1928,19,20
12/18/2023,Wind,352,Monday,December,Winter,1983,6,7
1/3/2025,Wind,3,Friday,January,Winter,2458,4,5
10/11/2025,Wind,284,Saturday,October,Fall,3113,2,3
9/17/2022,Wind,260,Saturday,September,Fall,10338,16,17
10/19/2020,Wind,293,Monday,October,Fall,7098,14,15
10/10/2024,Wind,284,Thursday,October,Fall,7668,7,8
4/26/2022,Wind,116,Tuesday,April,Spring,2225,5,6
5/8/2023,Solar,128,Monday,May,Spring,6648,14,15
11/11/2021,Wind,315,Thursday,November,Fall,380,17,18
11/23/2023,Wind,327,Thursday,November,Fall,8437,20,21
4/27/2025,Solar,117,Sunday,April,Spring,5174,17,18
9/27/2025,Wind,270,Saturday,September,Fall,2138,21,22
10/4/2023,Wind,277,Wednesday,October,Fall,2050,18,19
4/3/2022,Wind,93,Sunday,April,Spring,4104,6,7
8/25/2020,Wind,238,Tuesday,August,Summer,723,1,2
7/17/2022,Wind,198,Sunday,July,Summer,4351,23,0
10/3/2025,Wind,276,Friday,October,Fall,11301,13,14
8/6/2021,Wind,218,Friday,August,Summer,11666,11,12
5/14/2021,Wind,134,Friday,May,Spring,6084,10,11
4/22/2024,Wind,113,Monday,April,Spring,11441,15,16
9/12/2021,Wind,255,Sunday,September,Fall,833,3,4
5/21/2025,Solar,141,Wednesday,May,Spring,9175,12,13
9/21/2020,Solar,265,Monday,September,Fall,2049,15,16
2/7/2021,Wind,38,Sunday,February,Winter,3072,20,21
8/27/2022,Solar,239,Saturday,August,Summer,4302,18,19
11/4/2022,Wind,308,Friday,November,Fall,6595,8,9
9/18/2022,Wind,261,Sunday,September,Fall,4391,21,22
6/18/2022,Solar,169,Saturday,June,Summer,5292,10,11
10/22/2021,Wind,295,Friday,October,Fall,2015,3,4
4/29/2020,Wind,120,Wednesday,April,Spring,9416,12,13
2/13/2023,Wind,44,Monday,February,Winter,3717,3,4
5/7/2022,Wind,127,Saturday,May,Spring,5564,18,19
7/4/2021,Wind,185,Sunday,July,Summer,932,6,7
1/15/2023,Wind,15,Sunday,January,Winter,11169,4,5
2/16/2023,Wind,47,Thursday,February,Winter,6891,18,19
8/5/2024,Wind,218,Monday,August,Summer,776,6,7
5/16/2021,Wind,136,Sunday,May,Spring,5170,1,2
3/8/2023,Wind,67,Wednesday,March,Spring,15041,10,11
10/30/2020,Wind,304,Friday,October,Fall,7334,13,14
4/26/2021,Wind,116,Monday,April,Spring,7918,10,11
7/7/2025,Wind,188,Monday,July,Summer,5004,6,7
8/24/2021,Wind,236,Tuesday,August,Summer,6030,9,10
4/1/2022,Wind,91,Friday,April,Spring,10193,0,1
8/21/2024,Wind,234,Wednesday,August,Summer,1351,23,0
1/19/2024,Wind,19,Friday,January,Winter,3386,22,23
5/24/2021,Wind,144,Monday,May,Spring,12352,12,13
5/18/2021,Wind,138,Tuesday,May,Spring,5826,1,2
11/4/2023,Wind,308,Saturday,November,Fall,17543,14,15
7/14/2024,Solar,196,Sunday,July,Summer,2112,9,10
3/10/2022,Wind,69,Thursday,March,Spring,5077,9,10
3/10/2024,Wind,70,Sunday,March,Spring,3791,1,2
2/28/2021,Wind,59,Sunday,February,Winter,6317,23,0
4/23/2025,Wind,113,Wednesday,April,Spring,4602,0,1
6/16/2025,Solar,167,Monday,June,Summer,4345,8,9
3/26/2021,Wind,85,Friday,March,Spring,4671,7,8
8/3/2022,Wind,215,Wednesday,August,Summer,1048,7,8
11/1/2023,Wind,305,Wednesday,November,Fall,12440,7,8
11/21/2022,Wind,325,Monday,November,Fall,10615,12,13
9/23/2020,Wind,267,Wednesday,September,Fall,7077,21,22
7/21/2021,Solar,202,Wednesday,July,Summer,2455,9,10
5/25/2025,Wind,145,Sunday,May,Spring,7409,23,0
1/20/2020,Wind,20,Monday,January,Winter,5481,18,19
7/16/2020,Wind,198,Thursday,July,Summer,1793,23,0
4/11/2025,Wind,101,Friday,April,Spring,4126,3,4
7/30/2023,Wind,211,Sunday,July,Summer,5343,2,3
12/19/2022,Wind,353,Monday,December,Winter,13567,23,0
12/4/2024,Wind,339,Wednesday,December,Winter,1630,2,3
6/10/2022,Solar,161,Friday,June,Summer,7582,11,12
11/17/2021,Wind,321,Wednesday,November,Fall,2394,9,10
4/24/2022,Wind,114,Sunday,April,Spring,2963,3,4
5/28/2023,Wind,148,Sunday,May,Spring,5726,0,1
1/24/2025,Wind,24,Friday,January,Winter,19742,10,11
6/8/2023,Solar,159,Thursday,June,Summer,8461,11,12
11/19/2024,Wind,324,Tuesday,November,Fall,18100,7,8
7/10/2022,Wind,191,Sunday,July,Summer,4280,5,6
5/15/2022,Wind,135,Sunday,May,Spring,4614,7,8
9/28/2022,Wind,271,Wednesday,September,Fall,4568,9,10
2/17/2021,Wind,48,Wednesday,February,Winter,11639,12,13
10/9/2024,Wind,283,Wednesday,October,Fall,12368,12,13
6/4/2025,Solar,155,Wednesday,June,Summer,8787,14,15
11/4/2020,Solar,309,Wednesday,November,Fall,3051,11,12
2/26/2022,Wind,57,Saturday,February,Winter,5296,8,9
3/17/2024,Solar,77,Sunday,March,Spring,8354,12,13
2/15/2023,Solar,46,Wednesday,February,Winter,5873,14,15
7/31/2020,Wind,213,Friday,July,Summer,3969,8,9
4/15/2022,Solar,105,Friday,April,Spring,3210,9,10
12/12/2020,Wind,347,Saturday,December,Winter,4914,5,6
9/2/2022,Wind,245,Friday,September,Fall,2497,8,9
3/16/2020,Wind,76,Monday,March,Spring,3407,7,8
11/21/2024,Wind,326,Thursday,November,Fall,9569,15,16
8/7/2021,Wind,219,Saturday,August,Summer,3328,3,4
2/28/2025,Solar,59,Friday,February,Winter,10622,12,13
4/23/2022,Wind,113,Saturday,April,Spring,5891,3,4
1/7/2025,Wind,7,Tuesday,January,Winter,14713,4,5
10/25/2021,Wind,298,Monday,October,Fall,3138,23,0
11/7/2021,Wind,311,Sunday,November,Fall,6691,1,2
2/4/2021,Wind,35,Thursday,February,Winter,3434,19,20
2/22/2020,Wind,53,Saturday,February,Winter,8062,4,5
10/23/2024,Wind,297,Wednesday,October,Fall,6864,23,0
8/17/2023,Wind,229,Thursday,August,Summer,2496,0,1
3/2/2025,Solar,61,Sunday,March,Spring,12215,13,14
2/5/2023,Wind,36,Sunday,February,Winter,3594,0,1
2/7/2024,Wind,38,Wednesday,February,Winter,17057,7,8
6/20/2023,Solar,171,Tuesday,June,Summer,7992,13,14
1/13/2020,Wind,13,Monday,January,Winter,2614,4,5
9/22/2024,Wind,266,Sunday,September,Fall,4342,2,3
8/27/2025,Wind,239,Wednesday,August,Summer,2306,23,0
11/9/2024,Wind,314,Saturday,November,Fall,654,22,23
1/28/2021,Wind,28,Thursday,January,Winter,10801,5,6
11/8/2024,Wind,313,Friday,November,Fall,2745,4,5
6/27/2024,Solar,179,Thursday,June,Summer,4237,9,10
2/5/2025,Solar,36,Wednesday,February,Winter,5425,15,16
2/24/2025,Wind,55,Monday,February,Winter,6233,20,21
8/9/2022,Solar,221,Tuesday,August,Summer,10463,14,15
8/6/2020,Wind,219,Thursday,August,Summer,1316,0,1
12/20/2022,Wind,354,Tuesday,December,Winter,8489,16,17
5/6/2022,Solar,126,Friday,May,Spring,6950,13,14
5/23/2025,Wind,143,Friday,May,Spring,3630,2,3
1/29/2022,Wind,29,Saturday,January,Winter,9050,19,20
1/8/2023,Wind,8,Sunday,January,Winter,11271,4,5
12/7/2024,Wind,342,Saturday,December,Winter,18470,7,8
1/16/2020,Wind,16,Thursday,January,Winter,5457,7,8
6/8/2022,Wind,159,Wednesday,June,Summer,10342,17,18
5/20/2021,Wind,140,Thursday,May,Spring,11590,14,15
7/25/2021,Wind,206,Sunday,July,Summer,3518,8,9
5/7/2020,Solar,128,Thursday,May,Spring,4042,15,16
3/26/2021,Wind,85,Friday,March,Spring,8689,18,19
6/27/2023,Wind,178,Tuesday,June,Summer,3541,1,2
10/24/2024,Wind,298,Thursday,October,Fall,6617,1,2
8/24/2020,Solar,237,Monday,August,Summer,6376,15,16
10/23/2021,Wind,296,Saturday,October,Fall,1627,1,2
4/4/2020,Wind,95,Saturday,April,Spring,6994,23,0
2/2/2023,Wind,33,Thursday,February,Winter,6620,22,23
11/16/2022,Wind,320,Wednesday,November,Fall,8639,4,5
9/10/2020,Wind,254,Thursday,September,Fall,1588,6,7
3/9/2022,Wind,68,Wednesday,March,Spring,5409,19,20
7/23/2025,Wind,204,Wednesday,July,Summer,981,4,5
3/10/2022,Wind,69,Thursday,March,Spring,6480,15,16
12/4/2021,Wind,338,Saturday,December,Winter,11148,21,22
9/2/2024,Wind,246,Monday,September,Fall,1417,4,5
8/5/2025,Wind,217,Tuesday,August,Summer,4930,7,8
2/19/2024,Wind,50,Monday,February,Winter,3561,4,5
9/23/2025,Wind,266,Tuesday,September,Fall,7015,20,21
3/17/2025,Wind,76,Monday,March,Spring,5480,5,6
12/12/2020,Wind,347,Saturday,December,Winter,6148,0,1
6/2/2022,Solar,153,Thursday,June,Summer,6196,11,12
8/11/2024,Wind,224,Sunday,August,Summer,4609,20,21
7/27/2021,Wind,208,Tuesday,July,Summer,6091,17,18
10/1/2022,Wind,274,Saturday,October,Fall,9643,18,19
12/12/2023,Wind,346,Tuesday,December,Winter,12126,20,21
3/17/2020,Wind,77,Tuesday,March,Spring,985,6,7
6/5/2024,Wind,157,Wednesday,June,Summer,2061,21,22
6/20/2021,Wind,171,Sunday,June,Summer,3261,5,6
10/31/2025,Wind,304,Friday,October,Fall,9983,3,4
1/3/2024,Wind,3,Wednesday,January,Winter,16866,22,23
4/25/2021,Wind,115,Sunday,April,Spring,8382,2,3
1/23/2024,Wind,23,Tuesday,January,Winter,10479,10,11
6/12/2023,Wind,163,Monday,June,Summer,1553,5,6
2/19/2022,Wind,50,Saturday,February,Winter,11830,1,2
1/29/2020,Wind,29,Wednesday,January,Winter,7825,7,8
12/20/2020,Wind,355,Sunday,December,Winter,5033,18,19
6/2/2020,Solar,154,Tuesday,June,Summer,3567,15,16
5/28/2024,Wind,149,Tuesday,May,Spring,6596,8,9
1/30/2023,Wind,30,Monday,January,Winter,7712,9,10
5/4/2020,Wind,125,Monday,May,Spring,4761,18,19
11/1/2021,Wind,305,Monday,November,Fall,12570,12,13
3/26/2020,Wind,86,Thursday,March,Spring,6738,17,18
3/20/2022,Solar,79,Sunday,March,Spring,5199,11,12
11/9/2021,Wind,313,Tuesday,November,Fall,1386,18,19
6/2/2020,Wind,154,Tuesday,June,Summer,1579,6,7
3/14/2021,Wind,73,Sunday,March,Spring,10061,6,7
4/2/2024,Wind,93,Tuesday,April,Spring,14399,17,18
4/4/2025,Solar,94,Friday,April,Spring,8357,10,11
1/17/2023,Wind,17,Tuesday,January,Winter,2989,7,8
1/12/2023,Wind,12,Thursday,January,Winter,16345,8,9
9/22/2022,Wind,265,Thursday,September,Fall,2032,4,5
5/2/2020,Wind,123,Saturday,May,Spring,4238,7,8
9/26/2024,Wind,270,Thursday,September,Fall,12285,2,3
8/15/2024,Solar,228,Thursday,August,Summer,9170,16,17
12/19/2024,Wind,354,Thursday,December,Winter,10852,23,0
8/4/2025,Wind,216,Monday,August,Summer,4350,21,22
8/27/2023,Wind,239,Sunday,August,Summer,4122,20,21
5/25/2023,Wind,145,Thursday,May,Spring,12510,10,11
12/12/2020,Wind,347,Saturday,December,Winter,5549,2,3
9/11/2023,Wind,254,Monday,September,Fall,1487,7,8
2/29/2024,Wind,60,Thursday,February,Winter,11785,15,16
2/18/2025,Wind,49,Tuesday,February,Winter,7911,17,18
8/11/2020,Wind,224,Tuesday,August,Summer,789,6,7
7/12/2021,Wind,193,Monday,July,Summer,3009,21,22
12/10/2022,Wind,344,Saturday,December,Winter,2001,9,10
9/8/2022,Wind,251,Thursday,September,Fall,3781,1,2
4/13/2024,Wind,104,Saturday,April,Spring,2145,1,2
5/19/2022,Wind,139,Thursday,May,Spring,8552,11,12
5/15/2024,Wind,136,Wednesday,May,Spring,3240,1,2
1/4/2024,Wind,4,Thursday,January,Winter,15949,0,1
3/16/2024,Wind,76,Saturday,March,Spring,7152,4,5
4/17/2024,Wind,108,Wednesday,April,Spring,5485,2,3
10/10/2023,Wind,283,Tuesday,October,Fall,2350,23,0
7/20/2021,Solar,201,Tuesday,July,Summer,5061,17,18
6/28/2024,Solar,180,Friday,June,Summer,2931,19,20
10/17/2022,Wind,290,Monday,October,Fall,8371,4,5
5/4/2024,Wind,125,Saturday,May,Spring,7097,16,17
11/23/2022,Wind,327,Wednesday,November,Fall,11998,16,17
7/25/2024,Solar,207,Thursday,July,Summer,10189,14,15
11/22/2023,Wind,326,Wednesday,November,Fall,7046,0,1
5/23/2023,Wind,143,Tuesday,May,Spring,11450,13,14
10/17/2024,Wind,291,Thursday,October,Fall,3422,14,15
6/18/2020,Solar,170,Thursday,June,Summer,5327,15,16
9/16/2020,Wind,260,Wednesday,September,Fall,4286,19,20
9/1/2024,Solar,245,Sunday,September,Fall,5454,10,11
11/29/2022,Wind,333,Tuesday,November,Fall,2348,1,2
7/31/2022,Wind,212,Sunday,July,Summer,2172,0,1
11/11/2022,Wind,315,Friday,November,Fall,4710,22,23
10/24/2024,Solar,298,Thursday,October,Fall,8418,13,14
9/9/2025,Wind,252,Tuesday,September,Fall,2328,1,2
6/3/2022,Solar,154,Friday,June,Summer,3195,10,11
4/11/2020,Solar,102,Saturday,April,Spring,4030,12,13
3/28/2025,Wind,87,Friday,March,Spring,2900,6,7
9/24/2024,Wind,268,Tuesday,September,Fall,5173,1,2
5/29/2021,Wind,149,Saturday,May,Spring,2818,8,9
12/13/2020,Wind,348,Sunday,December,Winter,8724,17,18
12/21/2024,Wind,356,Saturday,December,Winter,16264,15,16
1/30/2021,Wind,30,Saturday,January,Winter,7466,9,10
4/28/2023,Wind,118,Friday,April,Spring,4416,19,20
2/22/2023,Wind,53,Wednesday,February,Winter,3681,8,9
7/4/2024,Wind,186,Thursday,July,Summer,4917,2,3
8/17/2023,Wind,229,Thursday,August,Summer,3285,22,23
3/1/2025,Wind,60,Saturday,March,Spring,6964,6,7
4/5/2021,Wind,95,Monday,April,Spring,11176,17,18
4/24/2025,Wind,114,Thursday,April,Spring,2874,3,4
1/1/2023,Wind,1,Sunday,January,Winter,11352,11,12
9/21/2024,Wind,265,Saturday,September,Fall,3706,18,19
2/6/2022,Wind,37,Sunday,February,Winter,15231,8,9
6/22/2023,Wind,173,Thursday,June,Summer,8029,12,13
6/19/2022,Wind,170,Sunday,June,Summer,6609,23,0
12/29/2022,Wind,363,Thursday,December,Winter,14628,7,8
10/8/2021,Wind,281,Friday,October,Fall,7401,16,17
3/3/2021,Solar,62,Wednesday,March,Spring,2297,15,16
8/25/2022,Solar,237,Thursday,August,Summer,4102,9,10
11/2/2023,Wind,306,Thursday,November,Fall,15749,12,13
4/28/2023,Wind,118,Friday,April,Spring,11332,15,16
3/19/2024,Solar,79,Tuesday,March,Spring,2995,8,9
10/18/2025,Wind,291,Saturday,October,Fall,5298,2,3
9/9/2025,Wind,252,Tuesday,September,Fall,3952,18,19
2/26/2020,Wind,57,Wednesday,February,Winter,10052,6,7
8/2/2023,Wind,214,Wednesday,August,Summer,11426,3,4
1/27/2024,Wind,27,Saturday,January,Winter,2168,4,5
12/29/2022,Wind,363,Thursday,December,Winter,14107,9,10
8/31/2024,Wind,244,Saturday,August,Summer,4126,5,6
1/12/2025,Wind,12,Sunday,January,Winter,2882,4,5
10/10/2021,Solar,283,Sunday,October,Fall,5083,12,13
3/6/2025,Solar,65,Thursday,March,Spring,15080,12,13
9/27/2023,Wind,270,Wednesday,September,Fall,6093,20,21
3/21/2022,Wind,80,Monday,March,Spring,4047,6,7
7/25/2022,Wind,206,Monday,July,Summer,13252,14,15
1/7/2020,Wind,7,Tuesday,January,Winter,5559,20,21
6/19/2025,Solar,170,Thursday,June,Summer,5699,12,13
10/2/2023,Wind,275,Monday,October,Fall,9165,22,23
10/22/2025,Wind,295,Wednesday,October,Fall,4199,6,7
8/20/2020,Wind,233,Thursday,August,Summer,4652,1,2
1/5/2023,Wind,5,Thursday,January,Winter,6315,8,9
4/15/2021,Wind,105,Thursday,April,Spring,4765,8,9
4/3/2023,Wind,93,Monday,April,Spring,5730,6,7
7/28/2022,Solar,209,Thursday,July,Summer,4699,16,17
3/16/2022,Wind,75,Wednesday,March,Spring,4803,22,23
2/11/2024,Wind,42,Sunday,February,Winter,5948,23,0
4/18/2022,Solar,108,Monday,April,Spring,4102,10,11
8/20/2020,Wind,233,Thursday,August,Summer,4778,0,1
5/30/2021,Wind,150,Sunday,May,Spring,5283,18,19
2/3/2024,Wind,34,Saturday,February,Winter,5398,0,1
2/2/2022,Wind,33,Wednesday,February,Winter,7343,12,13
8/11/2022,Solar,223,Thursday,August,Summer,7985,16,17
3/2/2020,Wind,62,Monday,March,Spring,8237,0,1
7/20/2020,Solar,202,Monday,July,Summer,6001,12,13
2/25/2025,Wind,56,Tuesday,February,Winter,5499,6,7
9/27/2023,Solar,270,Wednesday,September,Fall,4720,9,10
1/28/2021,Wind,28,Thursday,January,Winter,13384,7,8
4/11/2021,Wind,101,Sunday,April,Spring,6470,9,10
1/4/2023,Wind,4,Wednesday,January,Winter,17387,13,14
5/22/2023,Wind,142,Monday,May,Spring,2460,7,8
6/1/2020,Wind,153,Monday,June,Summer,2810,23,0
1/12/2025,Wind,12,Sunday,January,Winter,3280,7,8
12/28/2020,Wind,363,Monday,December,Winter,9585,14,15
3/26/2024,Wind,86,Tuesday,March,Spring,5113,11,12
5/5/2021,Wind,125,Wednesday,May,Spring,6830,3,4
2/3/2022,Wind,34,Thursday,February,Winter,3193,8,9
11/15/2022,Wind,319,Tuesday,November,Fall,8025,23,0
1/13/2025,Wind,13,Monday,January,Winter,3745,17,18
10/29/2021,Wind,302,Friday,October,Fall,12826,11,12
2/20/2020,Wind,51,Thursday,February,Winter,9235,21,22
9/11/2020,Wind,255,Friday,September,Fall,978,20,21
4/20/2022,Wind,110,Wednesday,April,Spring,6149,13,14
2/26/2021,Wind,57,Friday,February,Winter,3431,9,10
3/21/2023,Wind,80,Tuesday,March,Spring,3815,2,3
8/24/2022,Wind,236,Wednesday,August,Summer,918,6,7
3/4/2023,Wind,63,Saturday,March,Spring,4696,3,4
7/12/2025,Wind,193,Saturday,July,Summer,3675,6,7
8/8/2021,Wind,220,Sunday,August,Summer,5143,8,9
3/26/2020,Wind,86,Thursday,March,Spring,9436,11,12
4/14/2023,Wind,104,Friday,April,Spring,9132,18,19
2/24/2022,Wind,55,Thursday,February,Winter,4044,2,3
1/19/2020,Wind,19,Sunday,January,Winter,7199,21,22
9/28/2025,Wind,271,Sunday,September,Fall,1930,18,19
7/25/2025,Wind,206,Friday,July,Summer,3699,20,21
9/21/2022,Solar,264,Wednesday,September,Fall,7231,15,16
3/27/2023,Wind,86,Monday,March,Spring,2171,21,22
1/10/2022,Wind,10,Monday,January,Winter,1854,17,18
6/15/2025,Solar,166,Sunday,June,Summer,3323,11,12
9/27/2025,Wind,270,Saturday,September,Fall,988,19,20
6/5/2024,Solar,157,Wednesday,June,Summer,5467,16,17
1/31/2022,Wind,31,Monday,January,Winter,16588,12,13
5/10/2025,Solar,130,Saturday,May,Spring,6026,15,16
11/9/2020,Solar,314,Monday,November,Fall,3129,12,13
12/8/2024,Wind,343,Sunday,December,Winter,17595,9,10
3/4/2021,Solar,63,Thursday,March,Spring,2510,10,11
7/10/2020,Wind,192,Friday,July,Summer,2854,6,7
3/12/2025,Solar,71,Wednesday,March,Spring,3819,15,16
9/1/2023,Solar,244,Friday,September,Fall,3528,18,19
1/12/2024,Wind,12,Friday,January,Winter,6614,7,8
7/14/2023,Solar,195,Friday,July,Summer,9021,10,11
11/29/2020,Wind,334,Sunday,November,Fall,3884,14,15
11/3/2023,Wind,307,Friday,November,Fall,11587,20,21
7/15/2024,Wind,197,Monday,July,Summer,806,2,3
1/13/2021,Wind,13,Wednesday,January,Winter,10124,21,22
5/5/2021,Wind,125,Wednesday,May,Spring,7103,19,20
3/21/2023,Wind,80,Tuesday,March,Spring,6853,21,22
7/3/2024,Wind,185,Wednesday,July,Summer,12507,16,17
7/11/2025,Wind,192,Friday,July,Summer,4561,2,3
7/30/2021,Wind,211,Friday,July,Summer,7443,10,11
4/6/2022,Wind,96,Wednesday,April,Spring,5703,8,9
11/9/2025,Solar,313,Sunday,November,Fall,6137,10,11
2/8/2024,Wind,39,Thursday,February,Winter,14578,9,10
5/6/2021,Wind,126,Thursday,May,Spring,2774,23,0
10/23/2021,Wind,296,Saturday,October,Fall,2533,9,10
10/7/2022,Wind,280,Friday,October,Fall,2893,23,0
2/2/2024,Wind,33,Friday,February,Winter,7591,20,21
12/13/2022,Wind,347,Tuesday,December,Winter,3271,18,19
5/28/2022,Wind,148,Saturday,May,Spring,6736,23,0
4/8/2023,Solar,98,Saturday,April,Spring,8121,15,16
6/5/2024,Wind,157,Wednesday,June,Summer,2600,3,4
3/26/2025,Wind,85,Wednesday,March,Spring,4117,8,9
8/27/2024,Wind,240,Tuesday,August,Summer,4362,7,8
3/22/2020,Wind,82,Sunday,March,Spring,8012,5,6
4/26/2022,Wind,116,Tuesday,April,Spring,5243,22,23
5/19/2023,Wind,139,Friday,May,Spring,10001,15,16
1/24/2022,Wind,24,Monday,January,Winter,2969,3,4
2/1/2022,Wind,32,Tuesday,February,Winter,7682,8,9
12/16/2024,Wind,351,Monday,December,Winter,7471,4,5
12/16/2023,Solar,350,Saturday,December,Winter,5289,11,12
10/29/2023,Wind,302,Sunday,October,Fall,13201,17,18
1/6/2022,Wind,6,Thursday,January,Winter,6842,20,21
4/6/2022,Wind,96,Wednesday,April,Spring,13079,15,16
6/16/2023,Wind,167,Friday,June,Summer,1185,22,23
10/26/2021,Wind,299,Tuesday,October,Fall,3058,1,2
11/26/2025,Solar,330,Wednesday,November,Fall,6697,13,14
12/8/2022,Wind,342,Thursday,December,Winter,2588,12,13
1/25/2021,Wind,25,Monday,January,Winter,5382,7,8
3/30/2020,Wind,90,Monday,March,Spring,11078,18,19
12/8/2023,Wind,342,Friday,December,Winter,5928,12,13
9/3/2022,Wind,246,Saturday,September,Fall,1564,7,8
5/13/2024,Wind,134,Monday,May,Spring,2486,2,3
7/17/2024,Wind,199,Wednesday,July,Summer,1311,6,7
8/1/2021,Solar,213,Sunday,August,Summer,6936,14,15
7/25/2024,Wind,207,Thursday,July,Summer,1757,7,8
4/30/2021,Solar,120,Friday,April,Spring,2380,16,17
8/23/2025,Solar,235,Saturday,August,Summer,7139,17,18
10/12/2021,Wind,285,Tuesday,October,Fall,3745,21,22
12/29/2020,Wind,364,Tuesday,December,Winter,6417,2,3
1/6/2023,Wind,6,Friday,January,Winter,7136,1,2
4/18/2025,Solar,108,Friday,April,Spring,7510,14,15
10/27/2021,Solar,300,Wednesday,October,Fall,5169,15,16
12/9/2023,Wind,343,Saturday,December,Winter,8230,0,1
12/21/2024,Wind,356,Saturday,December,Winter,11974,0,1
1/5/2025,Wind,5,Sunday,January,Winter,17589,8,9
10/6/2021,Wind,279,Wednesday,October,Fall,2961,22,23
1/16/2024,Solar,16,Tuesday,January,Winter,3645,13,14
9/21/2022,Wind,264,Wednesday,September,Fall,2874,0,1
11/8/2024,Wind,313,Friday,November,Fall,2488,5,6
1/29/2021,Wind,29,Friday,January,Winter,14288,9,10
8/7/2021,Wind,219,Saturday,August,Summer,2984,1,2
7/23/2024,Wind,205,Tuesday,July,Summer,4481,20,21
6/27/2025,Wind,178,Friday,June,Summer,2148,6,7
10/9/2020,Wind,283,Friday,October,Fall,2199,6,7
8/15/2020,Solar,228,Saturday,August,Summer,3858,13,14
10/13/2024,Wind,287,Sunday,October,Fall,846,19,20
11/18/2021,Wind,322,Thursday,November,Fall,1595,0,1
4/29/2021,Wind,119,Thursday,April,Spring,2584,7,8
9/24/2024,Wind,268,Tuesday,September,Fall,4603,19,20
10/13/2020,Wind,287,Tuesday,October,Fall,6503,15,16
9/7/2025,Wind,250,Sunday,September,Fall,6502,2,3
3/28/2024,Wind,88,Thursday,March,Spring,14376,1,2
7/7/2020,Wind,189,Tuesday,July,Summer,2114,20,21
5/22/2020,Wind,143,Friday,May,Spring,6372,17,18
1/26/2023,Wind,26,Thursday,January,Winter,5197,10,11
4/25/2020,Solar,116,Saturday,April,Spring,4085,13,14
7/14/2024,Solar,196,Sunday,July,Summer,2634,10,11
12/11/2024,Wind,346,Wednesday,December,Winter,6865,14,15
10/20/2023,Wind,293,Friday,October,Fall,7162,18,19
7/31/2022,Wind,212,Sunday,July,Summer,1873,7,8
11/19/2020,Wind,324,Thursday,November,Fall,4071,22,23
5/13/2023,Wind,133,Saturday,May,Spring,9897,13,14
1/29/2024,Wind,29,Monday,January,Winter,5859,17,18
4/19/2024,Wind,110,Friday,April,Spring,18551,14,15
6/9/2020,Wind,161,Tuesday,June,Summer,5018,16,17
3/30/2025,Wind,89,Sunday,March,Spring,6026,21,22
7/4/2020,Wind,186,Saturday,July,Summer,2880,0,1
4/21/2023,Solar,111,Friday,April,Spring,7908,12,13
3/11/2025,Wind,70,Tuesday,March,Spring,5850,9,10
9/1/2021,Wind,244,Wednesday,September,Fall,7034,21,22
8/18/2025,Wind,230,Monday,August,Summer,5172,5,6
1/16/2022,Wind,16,Sunday,January,Winter,5504,11,12
4/8/2020,Wind,99,Wednesday,April,Spring,690,22,23
3/20/2024,Wind,80,Wednesday,March,Spring,4474,8,9
9/2/2021,Wind,245,Thursday,September,Fall,6040,8,9
6/6/2025,Wind,157,Friday,June,Summer,8130,5,6
4/5/2025,Solar,95,Saturday,April,Spring,6317,15,16
7/18/2021,Wind,199,Sunday,July,Summer,4909,5,6
5/30/2020,Wind,151,Saturday,May,Spring,3028,8,9
1/15/2023,Wind,15,Sunday,January,Winter,9467,2,3
9/8/2022,Wind,251,Thursday,September,Fall,5397,22,23
10/22/2025,Wind,295,Wednesday,October,Fall,10734,20,21
12/28/2021,Wind,362,Tuesday,December,Winter,15685,14,15
9/29/2024,Wind,273,Sunday,September,Fall,10984,22,23
6/14/2020,Solar,166,Sunday,June,Summer,5704,13,14
12/23/2021,Wind,357,Thursday,December,Winter,9426,10,11
3/18/2024,Wind,78,Monday,March,Spring,933,23,0
8/24/2023,Wind,236,Thursday,August,Summer,13574,15,16
10/29/2021,Wind,302,Friday,October,Fall,12500,9,10
6/16/2025,Solar,167,Monday,June,Summer,8507,17,18
10/7/2024,Wind,281,Monday,October,Fall,6327,14,15
8/25/2021,Wind,237,Wednesday,August,Summer,6018,2,3
3/3/2023,Wind,62,Friday,March,Spring,4375,6,7
7/22/2024,Wind,204,Monday,July,Summer,3692,22,23
8/12/2025,Wind,224,Tuesday,August,Summer,3451,19,20
4/18/2023,Wind,108,Tuesday,April,Spring,7360,1,2
3/25/2024,Wind,85,Monday,March,Spring,1955,4,5
1/17/2022,Solar,17,Monday,January,Winter,3473,14,15
5/5/2024,Wind,126,Sunday,May,Spring,3218,0,1
4/8/2023,Wind,98,Saturday,April,Spring,3198,21,22
8/1/2022,Solar,213,Monday,August,Summer,6020,16,17
3/5/2024,Wind,65,Tuesday,March,Spring,9324,10,11
6/2/2025,Wind,153,Monday,June,Summer,2418,7,8
11/4/2024,Wind,309,Monday,November,Fall,2712,7,8
8/11/2025,Wind,223,Monday,August,Summer,5798,4,5
12/25/2023,Wind,359,Monday,December,Winter,12549,18,19
4/13/2022,Wind,103,Wednesday,April,Spring,1056,23,0
10/13/2024,Solar,287,Sunday,October,Fall,5958,12,13
7/30/2023,Wind,211,Sunday,July,Summer,8854,19,20
9/14/2020,Wind,258,Monday,September,Fall,2506,5,6
11/14/2023,Wind,318,Tuesday,November,Fall,12183,23,0
8/25/2024,Wind,238,Sunday,August,Summer,8078,0,1
9/29/2025,Wind,272,Monday,September,Fall,1685,7,8
4/23/2024,Wind,114,Tuesday,April,Spring,4207,22,23
11/14/2022,Wind,318,Monday,November,Fall,3756,6,7
6/21/2025,Wind,172,Saturday,June,Summer,3209,5,6
1/2/2024,Wind,2,Tuesday,January,Winter,17304,22,23
4/29/2020,Wind,120,Wednesday,April,Spring,11037,14,15
1/4/2021,Wind,4,Monday,January,Winter,1985,1,2
10/26/2025,Wind,299,Sunday,October,Fall,14963,22,23
6/23/2024,Solar,175,Sunday,June,Summer,3443,8,9
12/4/2022,Wind,338,Sunday,December,Winter,3339,3,4
1/20/2022,Wind,20,Thursday,January,Winter,3390,5,6
6/21/2020,Wind,173,Sunday,June,Summer,3262,22,23
4/7/2024,Wind,98,Sunday,April,Spring,9110,3,4
5/21/2024,Wind,142,Tuesday,May,Spring,1742,6,7
3/8/2023,Wind,67,Wednesday,March,Spring,14517,22,23
8/26/2021,Solar,238,Thursday,August,Summer,8587,15,16
10/16/2025,Wind,289,Thursday,October,Fall,4833,1,2
11/6/2020,Wind,311,Friday,November,Fall,5205,15,16
10/20/2022,Wind,293,Thursday,October,Fall,5532,18,19
2/22/2025,Wind,53,Saturday,February,Winter,8303,16,17
11/8/2021,Wind,312,Monday,November,Fall,1830,19,20
4/16/2024,Wind,107,Tuesday,April,Spring,10661,15,16
4/7/2022,Wind,97,Thursday,April,Spring,13977,20,21
11/7/2023,Wind,311,Tuesday,November,Fall,8342,18,19
5/16/2020,Wind,137,Saturday,May,Spring,4229,23,0
12/8/2021,Wind,342,Wednesday,December,Winter,4609,17,18
4/27/2022,Wind,117,Wednesday,April,Spring,5412,8,9
1/31/2025,Wind,31,Friday,January,Winter,3781,23,0
12/26/2022,Wind,360,Monday,December,Winter,8297,15,16
5/15/2023,Wind,135,Monday,May,Spring,8937,20,21
2/22/2022,Wind,53,Tuesday,February,Winter,14800,14,15
6/3/2023,Wind,154,Saturday,June,Summer,4876,8,9
3/3/2021,Wind,62,Wednesday,March,Spring,854,19,20
6/18/2020,Wind,170,Thursday,June,Summer,1799,21,22
9/28/2024,Solar,272,Saturday,September,Fall,7308,16,17
6/13/2020,Wind,165,Saturday,June,Summer,5636,13,14
12/26/2024,Wind,361,Thursday,December,Winter,2631,7,8
7/28/2020,Wind,210,Tuesday,July,Summer,2945,23,0
9/12/2020,Wind,256,Saturday,September,Fall,1281,20,21
12/1/2023,Wind,335,Friday,December,Winter,1917,4,5
2/5/2021,Wind,36,Friday,February,Winter,1882,5,6
5/25/2024,Wind,146,Saturday,May,Spring,1504,21,22
2/8/2023,Wind,39,Wednesday,February,Winter,4023,0,1
